Property address,CS - NOI,CS - PV size (kW),Building type,Utility,Gross roof area (ft²),Owner name
"7000 Arundel Mills Cir, Severn, MD 21076","$828,450","12,183","Retail, Strip Mall",Baltimore Gas & Electric Co,"1,624,411",COSTCO
"11160 Veirs Mill Rd, Wheaton-Glenmont, MD 20902","$428,342","6,693","Retail, Strip Mall",Potomac Electric Power Co,"892,379",Shopping Center Associates
"10341 Westlake Dr, Bethesda, MD 20817","$395,629","6,182","Retail, Strip Mall",Potomac Electric Power Co,"824,227",Montgomery Mall LLC
"9001 Rockville Pike, Bethesda, MD 20892","$315,220","4,925",Hospital,Potomac Electric Power Co,"656,709",Dept of Liquor Control
"601 Chelsea Rd, Aberdeen, MD 21001","$738,590","10,862","Industrial, Manufacturing",Baltimore Gas & Electric Co,"905,135","Artemis Real Estate Partners, LLC"
"103 Chesapeake Park Plaza, Middle River, MD 21220","$443,907","6,528",Office,Baltimore Gas & Electric Co,"870,405",Lockheed Martin Corporation
"7401 S Cicero Ave, Chicago, IL 60629","$375,000","15,000","Industrial, Manufacturing",Commonwealth Edison Co,"2,311,081","Tootsie Roll Mfg., Inc."
"626 Hanover Pike, Hampstead, MD 21074","$639,890","9,410","Industrial, Manufacturing",Baltimore Gas & Electric Co,"784,179",State of Maryland
"701 Russell Ave, Gaithersburg, MD 20877","$320,694","5,011","Retail, Strip Mall",Potomac Electric Power Co,"668,112","Lakeforest Development, LLC"
"6301 Bethlehem Blvd, Edgemere, MD 21219","$622,374","9,153","Industrial, Manufacturing",Baltimore Gas & Electric Co,"762,713","Tpa Properties 16, LLC"
"8700 Robert Fulton Dr, Columbia, MD 21046","$590,072","8,678","Industrial, Manufacturing",Baltimore Gas & Electric Co,"723,127",Db USA Corporation
"400 Bennett Cerf Dr, Westminster, MD 21157","$820,650","12,068","Industrial, Warehouse",Baltimore Gas & Electric Co,"1,005,699",Penguin Random House
"9500 Macarthur Blvd, Bethesda, MD 20817","$254,397","3,975",Office,Potomac Electric Power Co,"529,993",U.S. America Realty Inc.
"600 N Wolfe St, Baltimore, MD 21287","$345,556","5,082",Hospital,Baltimore Gas & Electric Co,"677,561","Johns Hopkins Hospital, The"
"12600 S Torrence Ave, Chicago, IL 60633","$375,000","15,000","Industrial, Manufacturing",Commonwealth Edison Co,"2,040,290",Ford
"443 Shaker Rd, East Longmeadow, MA 01028","$650,000","6,500","Industrial, Manufacturing",National Grid - Massachusetts,"1,076,449",Cartamundi East Longmeadow LLC
"511 Chelsea Rd, Aberdeen, MD 21001","$550,958","8,102","Industrial, Manufacturing",Baltimore Gas & Electric Co,"675,194",Blackstone
"2100 Washington Blvd, Baltimore, MD 21230","$516,254","7,592","Industrial, Manufacturing",Baltimore Gas & Electric Co,"632,664",Putnam Crossing LLC
"913 Old Philadelphia Rd, Aberdeen, MD 21001","$519,063","7,633","Industrial, Manufacturing",Baltimore Gas & Electric Co,"636,107",State of Maryland
"2500 Broening Hwy, Baltimore, MD 21224","$512,959","7,544","Industrial, Manufacturing",Baltimore Gas & Electric Co,"628,626",State of Maryland
"4301 Byberry Rd, Philadelphia, PA 19154","$226,370","14,148","Retail, Strip Mall",PECO Energy Co,"1,886,416","Simon Property Group Administrative Services Partnership, L.P."
"26537 S Walton Dr, Elwood, IL 60421","$375,000","15,000","Industrial, Manufacturing",Commonwealth Edison Co,"1,791,418",Wal-Mart
"825 Dulaney Valley Rd, Towson, MD 21204","$332,441","4,889","Retail, Strip Mall",Baltimore Gas & Electric Co,"651,845",JP Morgan Asset Management
"101 Kingston Collection Way, Kingston, MA 02364","$507,000","6,500","Retail, Strip Mall",Eversource Energy (Formerly NSTAR Electric Company),"971,360",
"6170 Grand Ave, Gurnee, IL 60031","$375,000","15,000","Retail, Strip Mall",Commonwealth Edison Co,"2,187,574",Macy's
"2800 Eastern Blvd, Middle River, MD 21220","$824,548","12,126","Industrial, Warehouse",Baltimore Gas & Electric Co,"1,010,475",State Highway Administration
"1 W Pratt St, Baltimore, MD 21201","$283,903","4,175",Office,Baltimore Gas & Electric Co,"556,672",
"6001 Bethlehem Blvd, Edgemere, MD 21219","$834,193","12,268","Industrial, Warehouse",Baltimore Gas & Electric Co,"1,022,295","Tpa Properties 16, LLC"
"701 E Lincoln Hwy, Chicago Heights, IL 60411","$375,000","15,000","Retail, Strip Mall",Commonwealth Edison Co,"2,134,779",White Castle
"7801 Eastern Ave, Baltimore, MD 21224","$318,171","4,679","Retail, Strip Mall",Baltimore Gas & Electric Co,"623,864",State of Maryland
"1238 Putty Hill Ave, Towson, MD 21286","$313,592","4,612","Retail, Strip Mall",Baltimore Gas & Electric Co,"614,887",Kimco
"53 Pottsville St, Cressona, PA 17929","$330,433","16,522","Industrial, Manufacturing",PPL Electric Utilities Corp,"1,376,803",Sapa Industrial Extrusions
"400 N Center St, Westminster, MD 21157","$315,214","4,635","Retail, Strip Mall",Baltimore Gas & Electric Co,"618,066","Town Mall Pad Sites, LLC"
"7900 Ritchie Hwy, Glen Burnie, MD 21061","$310,392","4,565","Retail, Standalone",Baltimore Gas & Electric Co,"608,611","Marley Station Realty, LLC"
"100 Papercraft Ave, Pittsburgh, PA 15238","$165,230","10,327","Industrial, Manufacturing",Duquesne Light Co,"860,571","Stag Industrial, Inc."
"3101 Donnell Dr, District Heights, MD 20747","$212,213","3,316","Retail, Strip Mall",Potomac Electric Power Co,"442,111",Walter Petrie
"8416 Kelso Dr, Essex, MD 21221","$418,908","6,160","Industrial, Manufacturing",Baltimore Gas & Electric Co,"513,368",JP Morgan Asset Management
"1701 University Pkwy, University Park, IL 60484","$375,000","15,000","Industrial, Manufacturing",Commonwealth Edison Co,"1,523,272",
"600 Baltimore Pike, Bel Air, MD 21014","$277,418","4,080","Retail, Strip Mall",Baltimore Gas & Electric Co,"543,957",Cbl
"50 Holyoke St, Holyoke, MA 01040","$495,241","6,349","Retail, Strip Mall",Eversource Energy (Formerly NSTAR Electric Company),"846,566",Holyoke Mall
"1201 Keystone Blvd, Pottsville, PA 17901","$181,155","9,058",Office,PPL Electric Utilities Corp,"1,207,701",Lowe's
"5107 North Point Blvd, Sparrows Point, MD 21219","$388,657","5,716","Industrial, Manufacturing",Baltimore Gas & Electric Co,"476,295",Scott Graham
"1950 Mack Blvd, Allentown, PA 18103","$281,101","14,055","Industrial, Manufacturing",PPL Electric Utilities Corp,"1,171,254",Neu Logistics Services
"48-50 Station Rd, Cranbury, NJ 08512","$240,000","5,000","Industrial, Manufacturing",Jersey Central Power & Lt Co,"943,551","Clarion Partners, LLC"
"9325 Berger Rd, Columbia, MD 21046","$367,137","5,399","Industrial, Manufacturing",Baltimore Gas & Electric Co,"449,923",Blackstone
"592 Pittsburgh Mills Cir, Tarentum, PA 15084",—,—,"Retail, Strip Mall",West Penn Power Co,"1,250,387",Namdar Realty Group LLC
"12 Brodhead Rd, Monaca, PA 15061","$104,086","6,505","Retail, Standalone",Duquesne Light Co,"867,385",Beaver Valley Mall C O NA
"18 Hights.cran, Cranbury, NJ 08512","$240,000","5,000","Industrial, Manufacturing",Jersey Central Power & Lt Co,"889,067","Clarion Partners, LLC"
"12 Applegate Dr, Robbinsville Township, NJ 08691","$240,000","5,000","Industrial, Manufacturing",Jersey Central Power & Lt Co,"690,882",City of Trenton
"354-380 Deans Rhode Hall Rd, Monroe Township, NJ 08831","$240,000","5,000","Industrial, Manufacturing",Jersey Central Power & Lt Co,"744,702",Prologis
"258 Prospect Plains Rd, Cranbury, NJ 08512","$240,000","5,000","Industrial, Manufacturing",Jersey Central Power & Lt Co,"844,209",Bentall Kennedy
"66 Station Rd, East Windsor, NJ 08512","$240,000","5,000","Industrial, Manufacturing",Jersey Central Power & Lt Co,"703,230",Prologis
"1480 Manheim Pike, Lancaster, PA 17601","$258,325","12,916","Industrial, Manufacturing",PPL Electric Utilities Corp,"1,076,356",Arconic US LLC
"400 W Lincoln Ave, Lititz, PA 17543","$259,348","12,967","Industrial, Manufacturing",PPL Electric Utilities Corp,"1,080,617",Johnson Johnson Consmr Pdts Co
"6163 Oxon Hill Rd, Oxon Hill, MD 20745","$185,195","2,894","Retail, Strip Mall",Potomac Electric Power Co,"385,823",Issac Massry
"61 Station Rd, Cranbury, NJ 08512","$240,000","5,000","Industrial, Manufacturing",Jersey Central Power & Lt Co,"791,483",Blackstone
"175 Kenneth Welch Dr, Lakeville, MA 02347","$481,041","6,167","Industrial, Manufacturing",Eversource Energy (Formerly NSTAR Electric Company),"513,933",
"811 NJ-33, Freehold, NJ 07728","$240,000","5,000","Industrial, Manufacturing",Jersey Central Power & Lt Co,"778,264",Iron Mountain
"355 Davidson's Mill Rd, Monroe Township, NJ 08831","$240,000","5,000","Industrial, Manufacturing",Jersey Central Power & Lt Co,"717,092","Den Industrial 2, LLC"
"6670 LOWE ST, BLOOMSBURG, PA 17815","$277,250","13,862","Industrial, Manufacturing",PPL Electric Utilities Corp,"1,155,208","Post Brands Pet Care, LLC"
"2200 Channahon Rd, Rockdale, IL 60436","$375,000","15,000","Industrial, Manufacturing",Commonwealth Edison Co,"1,288,815",Thomas Crum
"1 Barnes And Noble Wy, Monroe Township, NJ 08831","$240,000","5,000","Industrial, Manufacturing",Jersey Central Power & Lt Co,"1,124,101",Centerpoint Russell LLC
"1242 S River Rd, Cranbury, NJ 08512","$240,000","5,000","Industrial, Manufacturing",Jersey Central Power & Lt Co,"845,205",Glp US Management LLC
"1000 Woodfield Rd, Schaumburg, IL 60173","$241,009","9,640",Office,Commonwealth Edison Co,"1,285,384",Village of Schaumburg
"20 Gillette Park, Boston, MA 02127","$355,653","4,560",Office,Eversource Energy (Formerly NSTAR Electric Company),"607,954",P&G
"5197 Commerce Dr, York, PA 17408","$232,549","13,679","Industrial, Manufacturing",Metropolitan Edison Co,"1,139,948",Church & Dwight
"216 Greenfield Rd, Lancaster, PA 17601","$244,915","12,246","Industrial, Manufacturing",PPL Electric Utilities Corp,"1,020,481",
"6403 6th Ave, Koppel, PA 16136",—,—,"Industrial, Manufacturing",West Penn Power Co,"1,088,082",Nucor
"1200 County Rd 523, Flemington, NJ 08822","$240,000","5,000","Industrial, Manufacturing",Jersey Central Power & Lt Co,"709,862",1213 Route 22 LLC
"122 Mill Rd, Phoenixville, PA 19460","$190,939","11,934","Industrial, Manufacturing",PECO Energy Co,"994,474","Oaks Mills, Inc."
"201 Middlesex Center Blvd, Monroe Township, NJ 08831","$240,000","5,000","Industrial, Manufacturing",Jersey Central Power & Lt Co,"615,996",
"22 Hights.cran, East Windsor, NJ 08512","$240,000","5,000","Industrial, Manufacturing",Jersey Central Power & Lt Co,"993,524","Clarion Partners, LLC"
"111 Cokesbury Rd, Lebanon, NJ 08833","$240,000","5,000","Industrial, Manufacturing",Jersey Central Power & Lt Co,"742,940",111 COKESBURY LLC
"80 N Main St, Wharton, NJ 07885","$240,000","5,000","Industrial, Manufacturing",Jersey Central Power & Lt Co,"851,167",Jonathan Kramer
"257 Prospect Plains Rd, East Windsor, NJ 08512","$240,000","5,000","Industrial, Manufacturing",Jersey Central Power & Lt Co,"999,793",Glp US Management LLC
"555 Nestle Way, Breinigsville, PA 18031","$249,083","12,454","Industrial, Manufacturing",PPL Electric Utilities Corp,"1,037,845","Vereit, Inc."
"1400 Bush St, Baltimore, MD 21230","$332,748","4,893","Industrial, Manufacturing",Baltimore Gas & Electric Co,"407,780",MRC Bearing
"703 Bartley-Chester Rd, Mount Olive, NJ 07836","$240,000","5,000","Industrial, Manufacturing",Jersey Central Power & Lt Co,"1,308,548",
"401 Cabot Dr, Trenton, NJ 08691","$240,000","5,000","Industrial, Manufacturing",Jersey Central Power & Lt Co,"608,437",Db USA Corporation
"650 Emerald Dr, Joliet, IL 60433","$371,258","14,850","Industrial, Manufacturing",Commonwealth Edison Co,"1,237,528","IKEA PROPERTY, INC."
"150 Milford Rd, East Windsor, NJ 08520","$240,000","5,000","Industrial, Manufacturing",Jersey Central Power & Lt Co,"607,574",150 Milford Owner LLC
"1 Kresge Rd, Fairless Hills, PA 19030","$404,440","25,277","Industrial, Warehouse",PECO Energy Co,"2,106,457",Kin Properties Inc.
"1000 Old Philadelphia Rd, Aberdeen, MD 21001","$337,396","4,962","Industrial, Manufacturing",Baltimore Gas & Electric Co,"413,476",Blackstone
"3350 Gehman Rd, Macungie, PA 18062","$244,273","12,214","Industrial, Manufacturing",PPL Electric Utilities Corp,"1,017,804",Lower Macungie Township
"400 First Ave, Gouldsboro, PA 18424","$254,315","12,716","Industrial, Manufacturing",PPL Electric Utilities Corp,"1,059,646",
"2199 Duss Ave, Ambridge, PA 15003","$122,038","7,627","Industrial, Manufacturing",Duquesne Light Co,"635,613",Nucor
"640 Atlantic Ave, Boston, MA 02111","$396,404","5,082","Retail, Strip Mall",Eversource Energy (Formerly NSTAR Electric Company),"677,613",
"20 Harry Shupe Blvd, Wharton, NJ 07885","$240,000","5,000","Industrial, Manufacturing",Jersey Central Power & Lt Co,"618,965",Jonathan Kramer
"766 Brackbill Rd, Gap, PA 17527","$120,162","7,510","Industrial, Data Center",PECO Energy Co,"1,001,349",Castle & Crown
"117 Interstate Blvd, Monroe Township, NJ 08831","$240,000","5,000","Industrial, Manufacturing",Jersey Central Power & Lt Co,"594,228",Prologis
"1000 Commerce Dr, Berwick, PA 18603","$244,624","12,231","Industrial, Manufacturing",PPL Electric Utilities Corp,"1,019,265",Dollar Tree
"1000 N Cannon Ave, Lansdale, PA 19446","$173,963","10,873","Industrial, Manufacturing",PECO Energy Co,"906,056",Ksip I Piccard LLC
"4501 Hollins Ferry Rd, Halethorpe, MD 21227","$305,989","4,500","Industrial, Manufacturing",Baltimore Gas & Electric Co,"374,987","One Liberty Properties, Inc."
"100 Park City Center, Lancaster, PA 17601","$160,330","8,017","Retail, Strip Mall",PPL Electric Utilities Corp,"1,068,869",Brookfield Asset Management LLC
"11400 Venture Ct, Huntley, IL 60142","$348,067","13,923","Industrial, Manufacturing",Commonwealth Edison Co,"1,160,223","Usef Whisper, LLC"
"14398 Baltimore Ave, Laurel, MD 20707","$218,897","3,219","Retail, Strip Mall",Baltimore Gas & Electric Co,"429,210","Laurel Lakes, LLC"
"1111 Southampton Rd, Westfield, MA 01085","$377,000","6,500","Industrial, Manufacturing",Eversource Energy (Formerly Western Massachusetts Elec Co),"655,084",Morgan Stanley
"100 Liberty Way, East Windsor, NJ 08512","$240,000","5,000","Industrial, Manufacturing",Jersey Central Power & Lt Co,"567,010",CRANSUD ONE L.L.C.
"400 Cabot Dr, Hamilton Township, NJ 08691","$240,000","5,000","Industrial, Manufacturing",Jersey Central Power & Lt Co,"563,686",Blackstone
"400 Hahn Rd, Westminster, MD 21157","$196,799","2,894",Office,Baltimore Gas & Electric Co,"385,881",Penguin Random House LLC
"1000 Fort Duquesne Blvd, Pittsburgh, PA 15222","$75,067","4,692",Office,Duquesne Light Co,"625,560",County of Allegheny
"1711 Ritchie Station Ct, Forestville, MD 20747","$155,660","2,432","Retail, Strip Mall",Potomac Electric Power Co,"324,291","Ritchie Hill, LLC"
"39 Perry Ave, Attleboro, MA 02703","$650,000","6,500","Industrial, Manufacturing",National Grid - Massachusetts,"550,956",Engineered Materials Solutions
"1475 Nitterhouse Dr, Chambersburg, PA 17202",—,—,"Industrial, Manufacturing",West Penn Power Co,"856,084",Prologis
"7125 Columbia Gateway Dr, Columbia, MD 21046","$188,214","2,768","School, Primary",Baltimore Gas & Electric Co,"369,047",Copt Defense Properties
"300 S Salem Church Rd, York, PA 17408","$205,116","12,066","Industrial, Manufacturing",Metropolitan Edison Co,"1,005,470",
"3710 US-9, Freehold, NJ 07728","$240,000","5,000","Retail, Strip Mall",Jersey Central Power & Lt Co,"800,256",Macerich Company
"1319 Perryman Rd, Aberdeen, MD 21001","$305,453","4,492","Industrial, Manufacturing",Baltimore Gas & Electric Co,"374,330",Clorox
"155 Kriner Rd, Chambersburg, PA 17202",—,—,"Industrial, Manufacturing",West Penn Power Co,"838,311",Prologis Management
"45 Ashley Way, Leesport, PA 19533","$249,484","14,676","Industrial, Warehouse",Metropolitan Edison Co,"1,222,963",Ashley Furniture Homestore
"4 Silver City Dr, Taunton, MA 02780","$472,865","4,729","Retail, Strip Mall",National Grid - Massachusetts,"630,487",Taunton Owner 2 LLC
"469 N Sharpsville Ave, Sharon, PA 16146",—,—,"Industrial, Manufacturing",Pennsylvania Power Co - FirstEnergy,"688,173",Winner International
"15740 Shady Grove Rd, Gaithersburg, MD 20877","$147,057","2,298","Retail, Strip Mall",Potomac Electric Power Co,"306,368","Black Creek Group, LLC"
"500 N Lingle Ave, Palmyra, PA 17078","$386,562","19,328","Industrial, Warehouse",PPL Electric Utilities Corp,"1,610,674",Hershey Cemetery Company
"1200 Morris Tpke, Millburn, NJ 07078","$240,000","5,000","Retail, Strip Mall",Jersey Central Power & Lt Co,"912,115","Simon Property Group Administrative Services Partnership, L.P."
"5500 Quarantine Rd, Baltimore, MD 21226","$296,225","4,356","Industrial, Manufacturing",Baltimore Gas & Electric Co,"363,021",USG
"793 Iyannough Rd, Barnstable, MA 02601","$344,138","4,412","Retail, Standalone",Eversource Energy (Formerly NSTAR Electric Company),"588,271",Federated Holdings Inc
"7100 Holladay Tyler Rd, Glenn Dale, MD 20769","$292,654","4,304","Industrial, Manufacturing",Baltimore Gas & Electric Co,"358,645",Blackstone
"3000 Am Dr, Quakertown, PA 18951","$173,481","10,843","Industrial, Manufacturing",PECO Energy Co,"903,545",Steven Wasser
"5 Gateway Blvd, Oldmans Township, NJ 08067","$475,000","5,000","Industrial, Manufacturing",Atlantic City Electric Co,"1,052,594","5 GATEWAY BOULEVARD URBAN RENEWAL, LLC"
"200 N Dartmouth Mall, Dartmouth, MA 02747","$347,213","4,451","Retail, Strip Mall",Eversource Energy (Formerly NSTAR Electric Company),"593,526",North Dartmouth Mall
"160 N Gulph Rd, King of Prussia, PA 19406","$150,135","9,383","Retail, Standalone",PECO Energy Co,"1,251,128",SERITAGE
"7 Loveton Cir, Sparks Glencoe, MD 21152","$181,484","2,669",Office,Baltimore Gas & Electric Co,"355,850",
"2301 S Newkirk St, Baltimore, MD 21224","$293,690","4,319","Industrial, Manufacturing",Baltimore Gas & Electric Co,"359,914","Gold Bond Building Products, LLC"
"2121 Eden Rd, Millville, NJ 08332","$475,000","5,000","Industrial, Manufacturing",Atlantic City Electric Co,"660,044",T-Fal
"300 Clubhouse Rd, Cockeysville, MD 21031","$289,846","4,262","Industrial, Manufacturing",Baltimore Gas & Electric Co,"355,204","40 Clubhouse, LLC"
"1200 Westport Rd, Imperial, PA 15126","$201,132","12,571","Industrial, Warehouse",Duquesne Light Co,"1,047,562",Hillwood Investment Properties
"5561 S Archer Ave, Chicago, IL 60638","$314,368","12,575","Industrial, Manufacturing",Commonwealth Edison Co,"1,047,892",Manuel Chavez
"430 S Muddy Creek Rd, Denver, PA 17517","$360,943","18,047","Industrial, Warehouse",PPL Electric Utilities Corp,"1,503,928",David Ledy
"12012 Plum Orchard Dr, Silver Spring, MD 20904","$199,035","2,927","Retail, Strip Mall",Baltimore Gas & Electric Co,"390,264",Mital Desai
"5490 W Roosevelt Rd, Chicago, IL 60644","$310,943","12,438","Industrial, Manufacturing",Commonwealth Edison Co,"1,036,475","Oxford Properties Group (us), LP"
"1601 Edison Hwy, Baltimore, MD 21213","$177,791","2,615",Office,Baltimore Gas & Electric Co,"348,609",Acnb
"65 New York Ave, Pittsfield, MA 01201","$377,000","6,500","Industrial, Manufacturing",Eversource Energy (Formerly Western Massachusetts Elec Co),"626,516",GE Aerospace
"58 Station Rd, East Windsor, NJ 08512","$240,000","5,000","Industrial, Manufacturing",Jersey Central Power & Lt Co,"505,830",Prologis
"1 Commerce Dr, Barrington, NJ 08007","$490,000","5,000","Industrial, Manufacturing",Public Service Elec & Gas Co,"682,146",Barrington Holdings LLC
"3075 Clairton Rd, West Mifflin, PA 15123","$78,252","4,891","Retail, Strip Mall",Duquesne Light Co,"652,100",Island C-III Capital
"1470 Progress Way, Eldersburg, MD 21784","$279,183","4,106","Industrial, Manufacturing",Baltimore Gas & Electric Co,"342,136","Almanac Realty Investors, LLC"
"466 Nixon Rd, Cheswick, PA 15024","$107,149","6,697","Industrial, Manufacturing",Duquesne Light Co,"558,066",Hayden Maguire Realty
"1332 Londontown Blvd, Eldersburg, MD 21784","$282,659","4,157","Industrial, Manufacturing",Baltimore Gas & Electric Co,"346,396","K&S Londontown De, LLC"
"100 Jefferson Rd, Parsippany-Troy Hills, NJ 07054","$240,000","5,000","Industrial, Manufacturing",Jersey Central Power & Lt Co,"541,828",100 Jefferson F&S LLC
"5300 Nottingham Dr, White Marsh, MD 21236","$481,463","7,080","Industrial, Warehouse",Baltimore Gas & Electric Co,"590,028","First Industrial Realty Trust, Inc."
"795 Faunce Corner Rd, Dartmouth, MA 02747","$273,240","3,503",Office,Eversource Energy (Formerly NSTAR Electric Company),"467,077","New Bedford, City of (inc)"
"3095 Corporate Dr, DeKalb, IL 60115","$303,296","12,132","Industrial, Manufacturing",Commonwealth Edison Co,"1,010,987","AR Capital Investment, LLC"
"1100 Woodley Rd, Perryman, MD 21130","$536,503","7,890","Industrial, Warehouse",Baltimore Gas & Electric Co,"657,479",Prudential Private Capital
"8024 Telegraph Rd, Severn, MD 21144","$276,857","4,071","Industrial, Manufacturing",Baltimore Gas & Electric Co,"339,286",Vincent Signorello
"4545 Annapolis Rd, Baltimore, MD 21227","$173,745","2,555",Office,Baltimore Gas & Electric Co,"340,676",Mary Hamel
"100 Commercial Rd, Leominster, MA 01453","$450,833","4,508","Retail, Strip Mall",National Grid - Massachusetts,"601,110","Leigh Ms Mall, LLC"
"21705 W Mississippi Ave, Elwood, IL 60421","$306,663","12,267","Industrial, Manufacturing",Commonwealth Edison Co,"1,022,210",Liberty Property
"1900 River Rd, Burlington, NJ 08016","$490,000","5,000","Industrial, Manufacturing",Public Service Elec & Gas Co,"684,553","Clarion Partners, LLC"
"1200 US-22, Phillipsburg, NJ 08865","$235,721","4,911","Retail, Strip Mall",Jersey Central Power & Lt Co,"654,780",
"21837 W Mississippi Ave, Elwood, IL 60421","$304,118","12,165","Industrial, Manufacturing",Commonwealth Edison Co,"1,013,728",KOCH HYDROCARBON COMPANY
"950 Convery Blvd, Perth Amboy, NJ 08861","$490,000","5,000","Industrial, Manufacturing",Public Service Elec & Gas Co,"492,405",Prologis
"31 Saw Mill Pond Rd, Edison, NJ 08817","$490,000","5,000","Industrial, Manufacturing",Public Service Elec & Gas Co,"1,008,133",I Heller Construction Co
"900 Knell Rd, Montgomery, IL 60538","$297,124","11,885","Industrial, Manufacturing",Commonwealth Edison Co,"990,413",ALLSTEEL 900 KNELL LLC
"549 Mill Rd, Edison, NJ 08837","$490,000","5,000","Industrial, Manufacturing",Public Service Elec & Gas Co,"571,464",Asb Capital Management LLC
"301 Herrod Blvd, South Brunswick Township, NJ 08810","$490,000","5,000","Industrial, Manufacturing",Public Service Elec & Gas Co,"598,561",Blackstone
"861 Nestle Way, Breinigsville, PA 18031","$197,394","9,870","Industrial, Manufacturing",PPL Electric Utilities Corp,"822,474",Blackstone
"1100 John Galt Way, Florence, NJ 08518","$490,000","5,000","Industrial, Manufacturing",Public Service Elec & Gas Co,"510,794","Whitesell Construction, Inc."
"1375 Harrisburg Pike, Lancaster, PA 17601","$193,732","9,687","Industrial, Manufacturing",PPL Electric Utilities Corp,"807,217",
"2400 83rd St, North Bergen, NJ 07047","$490,000","5,000","Industrial, Manufacturing",Public Service Elec & Gas Co,"520,680",2400 83RD STREET L.LC.
"80 New County Rd, Secaucus, NJ 07094","$490,000","5,000",Office,Public Service Elec & Gas Co,"1,126,240",U S Government
"801 W Linden Ave, Linden, NJ 07036","$490,000","5,000","Industrial, Manufacturing",Public Service Elec & Gas Co,"493,292",Prologis
"2600 W Haven Ave, Joliet, IL 60433","$295,532","11,821","Industrial, Manufacturing",Commonwealth Edison Co,"985,105",Intercontinental Develpers
"301 S Hills Village, Pittsburgh, PA 15241","$73,913","4,620","Retail, Strip Mall",Duquesne Light Co,"615,943",Federal Realty Investment Trust
"901 W Linden Ave, Linden, NJ 07036","$490,000","5,000","Industrial, Manufacturing",Public Service Elec & Gas Co,"500,046",Prologis
"2209 Sulphur Spring Rd, Halethorpe, MD 21227","$261,224","3,842","Industrial, Manufacturing",Baltimore Gas & Electric Co,"320,128",Federal Capital Partners
"2760 Red Lion Rd, Philadelphia, PA 19114","$140,089","8,756","Industrial, Manufacturing",PECO Energy Co,"729,629",
"250 Daniels Way, Burlington, NJ 08016","$490,000","5,000","Industrial, Manufacturing",Public Service Elec & Gas Co,"991,204","Whitesell Construction, Inc."
"2300 US-1, North Brunswick Township, NJ 08902","$490,000","5,000","Industrial, Manufacturing",Public Service Elec & Gas Co,"531,599","SOMERSET PULTE LODGING JV, LLC"
"23700 W Bluff Rd, Channahon, IL 60410","$294,401","11,776","Industrial, Manufacturing",Commonwealth Edison Co,"981,338",Ares Industrial Real Estate Income Trust Inc.
"1 Silverline Dr, North Brunswick Township, NJ 08902","$490,000","5,000","Industrial, Manufacturing",Public Service Elec & Gas Co,"725,725",ARTKEN REALTY L.L.C.
"93 Werner Rd, Greenville, PA 16125",—,—,"Industrial, Manufacturing",Pennsylvania Power Co - FirstEnergy,"633,258",ILSCO EXTRUSIONS INC
"210 Andover St, Peabody, MA 01960",—,—,"Retail, Standalone",Peabody Municipal Light Plant,"884,875","Simon Property Group Administrative Services Partnership, L.P."
"2-24 Firmenich Way, Newark, NJ 07114","$490,000","5,000","Industrial, Manufacturing",Public Service Elec & Gas Co,"488,632","Clarion Partners, LLC"
"531 Chelsea Rd, Aberdeen, MD 21001","$547,022","8,044","Industrial, Warehouse",Baltimore Gas & Electric Co,"670,370",Cbre
"30 Clearview Rd, Edison, NJ 08837","$490,000","5,000","Industrial, Manufacturing",Public Service Elec & Gas Co,"473,532",30 CLEARVIEW ASSOCIATES LLC
"125 Green Tree Rd, Phoenixville, PA 19460","$150,933","9,433","Industrial, Manufacturing",PECO Energy Co,"786,110",Green Tree Owner LLC
"200 Centerpoint Blvd, Pittston, PA 18640","$340,975","17,049","Industrial, Warehouse",PPL Electric Utilities Corp,"1,420,730",Lowe's
"1501 Distribution Dr, Carlisle, PA 17013","$195,006","9,750","Industrial, Manufacturing",PPL Electric Utilities Corp,"812,526",Dp Partners
"1150 Commerce Blvd, Swedesboro, NJ 08085","$475,000","5,000","Industrial, Manufacturing",Atlantic City Electric Co,"608,313",Bentall Kennedy
"100 Ikea Rd, Perryville, MD 21903","$825,000","15,000","Industrial, Warehouse",Delmarva Power,"1,728,667",I K E A
"1 Middletown Blvd, Langhorne, PA 19047","$87,451","5,466",Office,PECO Energy Co,"728,758","Simon Property Group Administrative Services Partnership, L.P."
"366 S Stiles St, Linden, NJ 07036","$490,000","5,000","Industrial, Manufacturing",Public Service Elec & Gas Co,"469,081",Timothy Mckenna
"4 2nd St, Kearny, NJ 07032","$490,000","5,000","Industrial, Manufacturing",Public Service Elec & Gas Co,"577,388",CENTRAL AVENUE REAL ESTATE LLC
"6400 Ridge Rd, Sykesville, MD 21784","$183,296","2,696","Retail, Standalone",Baltimore Gas & Electric Co,"359,404","Black Oak Properties, LLC"
"1000 Wright Way, Cheswick, PA 15024","$99,237","6,202","Industrial, Manufacturing",Duquesne Light Co,"516,858",Electro-Mechanical Division
"1620 River Rd, Burlington, NJ 08016","$490,000","5,000","Industrial, Manufacturing",Public Service Elec & Gas Co,"484,080","Clarion Partners, LLC"
"1000 New County Rd, Secaucus, NJ 07094","$490,000","5,000","Industrial, Manufacturing",Public Service Elec & Gas Co,"538,212",NJ Transit
"500 Meadowlands Pkwy, Secaucus, NJ 07094","$490,000","5,000","Industrial, Manufacturing",Public Service Elec & Gas Co,"555,397",500 MEADOWLAND PARKWAY L.L.C.
"100 Riverside Dr, Woodbridge Township, NJ 08832","$490,000","5,000","Industrial, Manufacturing",Public Service Elec & Gas Co,"468,853",Raritan Center Bussiness Park
"1000 New Holland Ave, Lancaster, PA 17601","$180,504","9,025","Industrial, Manufacturing",PPL Electric Utilities Corp,"752,100",Moses Schwartz
"2250 Roswell Dr, Pittsburgh, PA 15205","$98,276","6,142","Industrial, Manufacturing",Duquesne Light Co,"511,855",Hayden Maguire Realty
"600 Washington Ave, Carlstadt, NJ 07072","$490,000","5,000","Industrial, Manufacturing",Public Service Elec & Gas Co,"460,402",Blackstone
"217-297 Getty Ave, Paterson, NJ 07503","$490,000","5,000","Industrial, Manufacturing",Public Service Elec & Gas Co,"470,809",Alma Realty Corp.
"2865 Duke Pkwy, Aurora, IL 60502","$287,276","11,491","Industrial, Manufacturing",Commonwealth Edison Co,"957,588",Prologis
"1 Premium Outlets Blvd, Tinton Falls, NJ 07753","$206,241","4,297","Retail, Strip Mall",Jersey Central Power & Lt Co,"572,890","Simon Property Group Administrative Services Partnership, L.P."
"3775 Park Ave, Edison, NJ 08820","$490,000","5,000","Industrial, Manufacturing",Public Service Elec & Gas Co,"451,689",ATLANTIC REALTY LLC
"200 Commerce Ave, Greencastle, PA 17225",—,—,"Industrial, Warehouse",West Penn Power Co,"1,133,601","Adusa Distribution, LLC"
"152 Bridge St, Lakeville, MA 02347","$404,415","5,185","Industrial, Manufacturing",Eversource Energy (Formerly NSTAR Electric Company),"432,067",Ocean Spray Cooperative
"425 Blair Rd, Woodbridge Township, NJ 07001","$490,000","5,000","Industrial, Manufacturing",Public Service Elec & Gas Co,"449,042",Mack Arizona
"7629 Gambrills Cove Rd, Pasadena, MD 21226","$511,709","7,525","Industrial, Warehouse",Baltimore Gas & Electric Co,"627,095",Blackstone
"7300 S Kedzie Ave, Chicago, IL 60629","$275,938","11,038","Industrial, Manufacturing",Commonwealth Edison Co,"919,793",Mondelez International
"400 Richards Run, Burlington, NJ 08016","$490,000","5,000","Industrial, Manufacturing",Public Service Elec & Gas Co,"504,645","Whitesell Construction, Inc."
"450 N Laurel St, Bridgeton, NJ 08302","$475,000","5,000","Industrial, Manufacturing",Atlantic City Electric Co,"574,888",Bridgeton Mazal LLC
"1800 Washington Blvd, Baltimore, MD 21230","$155,891","2,293",Office,Baltimore Gas & Electric Co,"305,668","Washington-Monroe, LLC"
"4622 Mercedes Dr, Belcamp, MD 21017","$252,448","3,712","Industrial, Manufacturing",Baltimore Gas & Electric Co,"309,372",Lba Realty LLC
"283 Prospect Plains Rd, East Windsor, NJ 08512","$240,000","5,000","Industrial, Manufacturing",Jersey Central Power & Lt Co,"459,444",Blackstone
"100 S Commons, Pittsburgh, PA 15212","$61,408","3,838",Office,Duquesne Light Co,"511,732",Aca Concourse East Unit 3 LLC
"804 Bethlehem Pike, North Wales, PA 19454","$90,435","5,652",Office,PECO Energy Co,"753,622",Central Mall
"900 Lower Ferry Rd, Ewing Township, NJ 08628","$490,000","5,000","Industrial, Manufacturing",Public Service Elec & Gas Co,"453,736",Homasote Company
"23769 Mathew Rd, Sterling, IL 61081","$267,022","10,681","Industrial, Manufacturing",Commonwealth Edison Co,"890,072",WAL-MART SUPERCENTER
"690 W Dekalb Pike, King of Prussia, PA 19406","$118,331","7,396","Retail, Strip Mall",PECO Energy Co,"986,089","Simon Property Group Administrative Services Partnership, L.P."
"6304 Sheriff Rd, Hyattsville, MD 20785","$426,099","6,266","Industrial, Warehouse",Baltimore Gas & Electric Co,"522,180",Tiaa
"340 Middlesex Center Blvd, Monroe Township, NJ 08831","$240,000","5,000","Industrial, Manufacturing",Jersey Central Power & Lt Co,"1,358,213",IDI Gazeley
"301 Middlesex Center Blvd, Monroe Township, NJ 08831","$240,000","5,000","Industrial, Manufacturing",Jersey Central Power & Lt Co,"443,795",IDI Logistics
"140 Laurel St, East Bridgewater, MA 02333","$559,435","5,594","Industrial, Manufacturing",National Grid - Massachusetts,"466,196",140 Laurel Street Owner LLC
"870 W Taylor Rd, Romeoville, IL 60446","$267,727","10,709","Industrial, Manufacturing",Commonwealth Edison Co,"892,423",Richard Reese
"80 Micro Dr, Jonestown, PA 17038","$178,256","10,486","Industrial, Manufacturing",Metropolitan Edison Co,"873,803",Prologis
"1700 Ridgely St, Baltimore, MD 21230","$244,705","3,599","Industrial, Manufacturing",Baltimore Gas & Electric Co,"299,883",Clean Harbors
"1000 Stony Battery Rd, Lancaster, PA 17601","$171,932","8,597","Industrial, Manufacturing",PPL Electric Utilities Corp,"716,383",Joseph Saadia
"9000 River Rd, Pennsauken, NJ 08110","$490,000","5,000","Industrial, Manufacturing",Public Service Elec & Gas Co,"491,059",Vv9000 Member LLC
"45 Industrial Dr, Northampton, MA 01060","$571,680","5,717","Industrial, Manufacturing",National Grid - Massachusetts,"476,400",Coca Cola Co
"11050 York Rd, Cockeysville, MD 21030","$243,946","3,587","Industrial, Manufacturing",Baltimore Gas & Electric Co,"298,954",State of Maryland
"4623 O'Donnell St, Baltimore, MD 21224","$242,283","3,563","Industrial, Manufacturing",Baltimore Gas & Electric Co,"296,916",Newkirk LLC
"200 Liberty Way, Cranbury, NJ 08512","$240,000","5,000","Industrial, Manufacturing",Jersey Central Power & Lt Co,"439,828",Plainsboro Township
"7573 Greenbelt Rd, Greenbelt, MD 20770","$124,985","1,953","Retail, Strip Mall",Potomac Electric Power Co,"260,385",Greenway Plaza LLC
"1775 Washington St, Hanover, MA 02339","$366,480","3,665","Retail, Strip Mall",National Grid - Massachusetts,"488,639","Almanac Realty Investors, LLC"
"300 Lycoming Mall Cir, Muncy, PA 17756","$135,675","6,784","Retail, Strip Mall",PPL Electric Utilities Corp,"904,503","Famvest Xxii - 209 Slmr, LLC"
"707 Neshaminy Mall, Bensalem Township, PA 19020","$107,036","6,690","Retail, Strip Mall",PECO Energy Co,"891,966",Brookfield Asset Management LLC
"1300 4h Park Rd, Pontiac, IL 61764","$257,985","10,319","Industrial, Manufacturing",Commonwealth Edison Co,"859,949",
"50 Hanover Rd, Florham Park, NJ 07932","$240,000","5,000","Industrial, Manufacturing",Jersey Central Power & Lt Co,"463,814","PARC FLORHAM PARK, LLC"
"2700 W Haven Ave, Joliet, IL 60433","$259,930","10,397","Industrial, Manufacturing",Commonwealth Edison Co,"866,435",Park 2700 West Haven Avenue Owner LLC
"800 Nestle Ct, DeKalb, IL 60115","$258,606","10,344","Industrial, Manufacturing",Commonwealth Edison Co,"862,019","Clarion Partners, LLC"
"2401 W Belvedere Ave, Baltimore, MD 21215","$147,550","2,170",Hospital,Baltimore Gas & Electric Co,"289,313",
"1001 Schuylkill Rd, Birdsboro, PA 19508","$167,070","9,828","Industrial, Manufacturing",Metropolitan Edison Co,"818,971",
"1057 Hanover St, WLKS BARR Township, PA 18706","$118,821","5,941",Office,PPL Electric Utilities Corp,"792,142","1094 Hanover Street, LLC"
"2 Marshfield Ct, Middle River, MD 21220","$239,671","3,525","Industrial, Manufacturing",Baltimore Gas & Electric Co,"293,714",JP Morgan Asset Management
"398 Antrim Commons Dr, Greencastle, PA 17225",—,—,"Industrial, Warehouse",West Penn Power Co,"1,109,718",Nathaniel Hagedorn
"340 Ballardvale St, Andover, MA 01810","$545,390","5,454","Industrial, Manufacturing",National Grid - Massachusetts,"454,492",Kensey Nash
"2801 US-130, North Brunswick Township, NJ 08902","$490,000","5,000","Industrial, Manufacturing",Public Service Elec & Gas Co,"422,898",Lester M Entin Associates
"2000 Robinson Centre Dr, Pittsburgh, PA 15205","$65,347","4,084","Retail, Strip Mall",Duquesne Light Co,"544,554",
"6521 W Monee Manhattan Rd, Monee, IL 60449","$258,071","10,323","Industrial, Manufacturing",Commonwealth Edison Co,"860,237",Affinius Capital LLC
"7575 S Kostner Ave, Chicago, IL 60652","$250,281","10,011","Industrial, Manufacturing",Commonwealth Edison Co,"834,269",Dart Atlas Holdings LLC
"2955 E Market St, East York, PA 17402","$155,416","9,142","Industrial, Manufacturing",Metropolitan Edison Co,"761,841","Stag Industrial, Inc."
"1200 Fuller Rd, Linden, NJ 07036","$490,000","5,000","Industrial, Manufacturing",Public Service Elec & Gas Co,"416,821",Alston Park Associates LLC
"10401 Martin Luther King Jr Hwy, Bowie, MD 20720","$165,969","2,441","Retail, Standalone",Baltimore Gas & Electric Co,"325,429",Target
"200 Industrial Dr, Jersey City, NJ 07305","$490,000","5,000","Industrial, Manufacturing",Public Service Elec & Gas Co,"424,999",Db USA Corporation
"25 S Middlesex Ave, Monroe Township, NJ 08831","$239,679","4,993","Industrial, Manufacturing",Jersey Central Power & Lt Co,"416,109",Prologis
"1 True Temper Dr, Carlisle, PA 17015","$296,778","14,839","Industrial, Warehouse",PPL Electric Utilities Corp,"1,236,575","Clarion Partners, LLC"
"12055 Rockville Pike, North Bethesda, MD 20852","$117,305","1,833","Retail, Strip Mall",Potomac Electric Power Co,"244,386","Fr Montrose Crossing Borrower, LLC"
"1700 N Edgelawn Dr, Aurora, IL 60506","$256,602","10,264","Industrial, Manufacturing",Commonwealth Edison Co,"855,340",Blackstone
"6711 Ritchie Hwy, Glen Burnie, MD 21061","$163,918","2,411","Retail, Strip Mall",Baltimore Gas & Electric Co,"321,408",Federal Realty Investment Trust
"4801 Hollins Ferry Rd, Halethorpe, MD 21227","$228,850","3,365","Industrial, Manufacturing",Baltimore Gas & Electric Co,"280,453","4801 Hollins Ferry Road, LLC"
"803 Mid Point Rd, Minooka, IL 60447","$257,629","10,305","Industrial, Manufacturing",Commonwealth Edison Co,"858,762",Macy's
"2001 N 59th St, Philadelphia, PA 19151","$135,241","8,453","Industrial, Manufacturing",PECO Energy Co,"704,378","W & W Realty, LLC"
"689 Belleville Ave, New Bedford, MA 02745","$373,733","4,791","Industrial, Manufacturing",Eversource Energy (Formerly NSTAR Electric Company),"399,287",
"112 Eisenhower Pkwy, Livingston, NJ 07039","$192,375","4,008","Retail, Strip Mall",Jersey Central Power & Lt Co,"534,374","Simon Property Group Administrative Services Partnership, L.P."
"1650 Union Ave, Baltimore, MD 21211","$140,860","2,071",Office,Baltimore Gas & Electric Co,"276,197",Idac Tailgate LLC
"1100 Virginia Dr, Fort Washington, PA 19034","$80,197","5,012",Office,PECO Energy Co,"668,307","Three G'S Unique Catering, LLC"
"280 Daniels Way, Burlington, NJ 08016","$474,273","4,840","Industrial, Manufacturing",Public Service Elec & Gas Co,"403,293","Whitesell Construction, Inc."
"300 Prospect Plains Rd, Cranbury, NJ 08512","$240,000","5,000","Industrial, Manufacturing",Jersey Central Power & Lt Co,"419,536","286 Prospect Plains Road, LLC"
"1800 Loucks Rd, York, PA 17408","$109,271","6,428","Retail, Strip Mall",Metropolitan Edison Co,"857,029",Maurice Zekaria
"2975 Duss Ave, Ambridge, PA 15003","$87,237","5,452","Industrial, Manufacturing",Duquesne Light Co,"454,359","O'Neal Industries, Inc."
"200 Richards Run, Burlington, NJ 08016","$484,350","4,942","Industrial, Manufacturing",Public Service Elec & Gas Co,"411,862","Whitesell Construction, Inc."
"155 Raritan Center Pkwy, Edison, NJ 08837","$486,703","4,966","Industrial, Manufacturing",Public Service Elec & Gas Co,"413,863",Raritan Center Bussiness Park
"7458 Candlewood Rd, Hanover, MD 21076","$226,974","3,338","Industrial, Manufacturing",Baltimore Gas & Electric Co,"278,155",Blackstone
"401 NJ-10, Roxbury Township, NJ 07852","$187,152","3,899","Retail, Strip Mall",Jersey Central Power & Lt Co,"519,867","Debartolo Development, LLC"
"18 Applegate Dr, Robbinsville Township, NJ 08691","$233,310","4,861","Industrial, Manufacturing",Jersey Central Power & Lt Co,"405,052",Morgan Stanley
"115 Interstate Blvd, Monroe Township, NJ 08831","$240,000","5,000","Industrial, Manufacturing",Jersey Central Power & Lt Co,"525,236",Prologis
"31 Tradepoint Ave, Baltimore, MD 21219","$135,393","1,991","Industrial, Warehouse",Baltimore Gas & Electric Co,"165,923","Tpa Properties 16, LLC"
"1000 US-202, Raritan, NJ 08869","$412,368","4,208","Industrial, Manufacturing",Public Service Elec & Gas Co,"350,653",Ortho
"1 Woodlawn Rd, Aliquippa, PA 15001","$84,084","5,255","Industrial, Manufacturing",Duquesne Light Co,"437,940",USG
"1500 Woodley Rd, Aberdeen, MD 21001","$997,349","14,667","Industrial, Warehouse",Baltimore Gas & Electric Co,"1,222,242",Prudential Private Capital
"5840 Baltimore National Pike, Catonsville, MD 21228","$158,153","2,326","Retail, Strip Mall",Baltimore Gas & Electric Co,"310,104","WESTVIEW CENTER ASSOCIATES, L.C."
"400 N Woodbury Rd, Pitman, NJ 08071","$475,000","5,000","Industrial, Manufacturing",Atlantic City Electric Co,"503,842",400 N. WOODBURY RD. LLC
"4000 Principio Pkwy, North East, MD 21901","$793,503","14,427","Industrial, Warehouse",Delmarva Power,"1,202,278",Industrial Logistics Properties Trust
"9 B St, Needham, MA 02494","$372,237","4,772","Industrial, Manufacturing",Eversource Energy (Formerly NSTAR Electric Company),"397,689",Coca-Cola
"336 E Penn Ave, Wernersville, PA 19565","$116,871","5,844","Retail, Strip Mall",PPL Electric Utilities Corp,"779,140","Cretan Hound, LLC"
"329 Herrod Blvd, South Brunswick Township, NJ 08810","$477,889","4,876","Industrial, Manufacturing",Public Service Elec & Gas Co,"406,368",Prologis
"113 Interstate Blvd, East Brunswick, NJ 08816","$240,000","5,000","Industrial, Manufacturing",Jersey Central Power & Lt Co,"417,988",Prologis
"744 W Main St, Barnstable, MA 02601","$215,798","2,767",Office,Eversource Energy (Formerly NSTAR Electric Company),"368,886",The Town of Barnstable
"4057 ROUTE 219, BROCKPORT, PA 15823",—,—,"Industrial, Manufacturing",West Penn Power Co,"723,943",
"16 S Industrial Park Rd, Milton, PA 17847","$170,014","8,501","Industrial, Manufacturing",PPL Electric Utilities Corp,"708,391",Weis Markets
"8580 Old Dorsey Run Rd, Jessup, MD 20794","$408,977","6,014","Industrial, Warehouse",Baltimore Gas & Electric Co,"501,197",Guilford Dorsey LLC
"29700 S Graaskamp Blvd, Wilmington, IL 60481","$326,153","13,046","Industrial, Manufacturing",Commonwealth Edison Co,"1,087,176","ADAR RIDGEPORT INDUSTRIAL PARTNERS, LLC"
"1250 Forest Pkwy, Paulsboro, NJ 08066","$475,000","5,000","Industrial, Manufacturing",Atlantic City Electric Co,"505,850",New York Life
"1200 Harrison Ave, Kearny, NJ 07032","$478,170","4,879","Industrial, Manufacturing",Public Service Elec & Gas Co,"406,607",Sidney Brown
"7100 Old Landover Rd, Hyattsville, MD 20785","$219,194","3,223","Industrial, Manufacturing",Baltimore Gas & Electric Co,"268,620",Goldman Sachs
"4403 Black Horse Pike, Hamilton, NJ 08330","$395,230","4,160","Retail, Strip Mall",Atlantic City Electric Co,"554,708",Namdar Realty Group LLC
"504 Advantage Ave, Aberdeen, MD 21001","$444,237","6,533","Industrial, Warehouse",Baltimore Gas & Electric Co,"544,408",Katz Properties LLC
"350 Lowell St, Andover, MA 01810","$497,862","4,979","Industrial, Manufacturing",National Grid - Massachusetts,"414,885",Raytheon
"130 Interstate Blvd, East Brunswick, NJ 08816","$235,758","4,912","Industrial, Manufacturing",Jersey Central Power & Lt Co,"409,302",TERRENO
"1125 Remington Blvd, Romeoville, IL 60446","$243,466","9,739","Industrial, Manufacturing",Commonwealth Edison Co,"811,553",Brookfield Asset Management LLC
"999 S Washington St, North Attleborough, MA 02760","$336,863","3,369","Retail, Strip Mall",National Grid - Massachusetts,"449,150","Simon Property Group Administrative Services Partnership, L.P."
"7603 Energy Pkwy, Pasadena, MD 21226","$217,328","3,196","Industrial, Manufacturing",Baltimore Gas & Electric Co,"266,333",Glp US Management LLC
"73 Station Rd, Cranbury, NJ 08512","$229,075","4,772","Industrial, Manufacturing",Jersey Central Power & Lt Co,"397,699",
"8275 N Crescent Blvd, Pennsauken, NJ 08110","$462,320","4,718","Industrial, Manufacturing",Public Service Elec & Gas Co,"393,129","Beverage Distribution Center, Inc."
"594 N Industrial Park Rd, Milton, PA 17847","$171,187","8,559","Industrial, Manufacturing",PPL Electric Utilities Corp,"713,278","Vereit, Inc."
"2520 US-130, East Windsor, NJ 08512","$240,000","5,000","Industrial, Manufacturing",Jersey Central Power & Lt Co,"493,604","TIGERLILY REALTY, LLC"
"101 Clearview Cir, Butler, PA 16001",—,—,"Retail, Strip Mall",West Penn Power Co,"755,934",Kohan Retail Investment Group
"9300 Ashton Rd, Philadelphia, PA 19114","$124,854","7,803","Industrial, Manufacturing",PECO Energy Co,"650,281","Frankford Foods, Inc."
"700 Union Blvd, Totowa, NJ 07512","$470,031","4,796","Industrial, Manufacturing",Public Service Elec & Gas Co,"399,686",Aew Real Estate Advisors
"201 Fulling Mill Rd, Middletown, PA 17057","$157,141","7,857","Industrial, Manufacturing",PPL Electric Utilities Corp,"654,755",Blackstone
"799 US-206, Hillsborough Township, NJ 08844","$228,567","4,762","Industrial, Manufacturing",Jersey Central Power & Lt Co,"396,817",Reckitt Benckiser LLC
"1100 King Georges Post Rd, Edison, NJ 08837","$462,511","4,720","Industrial, Manufacturing",Public Service Elec & Gas Co,"393,292",Raritan Center Bussiness Park
"285 Ridge Rd, South Brunswick Township, NJ 08810","$448,229","4,574","Industrial, Manufacturing",Public Service Elec & Gas Co,"381,147",I Heller Construction Co
"4220 Boston St, Baltimore, MD 21224","$407,529","5,993","Industrial, Warehouse",Baltimore Gas & Electric Co,"499,423","Timme Boys Realty Co., LLP"
"1881 US-46, Roxbury Township, NJ 07852","$236,390","4,925","Industrial, Manufacturing",Jersey Central Power & Lt Co,"410,399",1881 NJ LLC
"385 Southbridge St, Auburn, MA 01501","$341,624","3,416","Retail, Strip Mall",National Grid - Massachusetts,"455,499",Liberty Tree Mall
"24 Engelhard Dr, Monroe Township, NJ 08831","$240,000","5,000","Industrial, Manufacturing",Jersey Central Power & Lt Co,"530,252","Ejc Edgewater, LLC"
"105 Willow Springs Ln, Hallam, PA 17406","$149,914","7,496","Industrial, Manufacturing",PPL Electric Utilities Corp,"624,641",Blackstone
"2750 Morris Rd, Lansdale, PA 19446","$115,134","7,196","Industrial, Manufacturing",PECO Energy Co,"599,658",Vv2572 LLC
"1212 Winterson Rd, Linthicum Heights, MD 21090","$208,757","3,070","Industrial, Manufacturing",Baltimore Gas & Electric Co,"255,830",Northrop Grumman
"5 True Temper Dr, Carlisle, PA 17015","$154,044","7,702","Industrial, Manufacturing",PPL Electric Utilities Corp,"641,851",Blackstone
"1 Susquehanna Valley Mall Dr, Selinsgrove, PA 17870","$116,489","5,824","Retail, Strip Mall",PPL Electric Utilities Corp,"776,592","Susquehanna Valley Investments, LLC"
"930 Largo Center Dr, Upper Marlboro, MD 20774","$149,558","2,199","Retail, Strip Mall",Baltimore Gas & Electric Co,"293,251","Finmarc Management, Inc."
"299 Thomas E. Dunn Memorial Hwy, Rutherford, NJ 07070","$450,667","4,599","Industrial, Manufacturing",Public Service Elec & Gas Co,"383,220",J Weill
"8415 Kelso Dr, Essex, MD 21221","$213,049","3,133","Industrial, Manufacturing",Baltimore Gas & Electric Co,"261,089",Jpmorganchase
"21700 Mark Collins Dr, Sauk Village, IL 60411","$230,792","9,232","Industrial, Manufacturing",Commonwealth Edison Co,"769,305","Vhe Ii-Clay, LLC"
"100 Hoffman Pl, Hillside, NJ 07205","$374,224","3,819","Industrial, Manufacturing",Public Service Elec & Gas Co,"318,218",Ipm Realty LLC
"57 Littlefield St, Avon, MA 02322","$461,598","4,616","Industrial, Manufacturing",National Grid - Massachusetts,"384,665","28 Sasf Cifm, LLC"
"7079 Oakland Mills Rd, Columbia, MD 21046","$204,228","3,003","Industrial, Manufacturing",Baltimore Gas & Electric Co,"250,280",Blackstone
"83 Stults Rd, South Brunswick Township, NJ 08810","$429,599","4,384","Industrial, Manufacturing",Public Service Elec & Gas Co,"365,305",South Brunswick Township Board
"95 N Hatfield Rd, Hatfield, MA 01038","$313,010","5,397","Industrial, Manufacturing",Eversource Energy (Formerly Western Massachusetts Elec Co),"449,727",
"620 Spring St, Dighton, MA 02764","$456,112","4,561","Industrial, Manufacturing",National Grid - Massachusetts,"380,093",Pure Oasis Ventures LLC
"3435 Lamor Rd, Hermitage, PA 16148",—,—,"Industrial, Manufacturing",Pennsylvania Power Co - FirstEnergy,"493,241",Christopher Whalen
"9 N Olney Ave, Cherry Hill Township, NJ 08003","$442,469","4,515","Industrial, Manufacturing",Public Service Elec & Gas Co,"376,249",Hikma 503b
"123 Pennsylvania Ave, Kearny, NJ 07032","$440,329","4,493","Industrial, Manufacturing",Public Service Elec & Gas Co,"374,429",Zachary Zalben
"1801 Suncast Ln, Batavia, IL 60510","$224,286","8,971","Industrial, Manufacturing",Commonwealth Edison Co,"747,619",Glauser Group LLC
"1 Truman Dr S, Edison, NJ 08817","$424,300","4,330","Industrial, Manufacturing",Public Service Elec & Gas Co,"360,799",Prologis
"500 Hickory Dr, Aberdeen, MD 21001","$355,663","5,230","Industrial, Warehouse",Baltimore Gas & Electric Co,"435,861",Katz Properties LLC
"1665 Jersey Ave, North Brunswick Township, NJ 08902","$386,796","3,947","Industrial, Manufacturing",Public Service Elec & Gas Co,"328,908",Seagis Property Group LP
"1001 California Ave, Pittsburgh, PA 15290","$49,916","3,120",Office,Duquesne Light Co,"415,968",US Post Office
"419 Maple St, Bellingham, MA 02019","$448,494","4,485","Industrial, Manufacturing",National Grid - Massachusetts,"373,745","Spirit Realty Capital, Inc."
"675 Main St, Belleville, NJ 07109","$423,194","4,318","Industrial, Manufacturing",Public Service Elec & Gas Co,"359,859",Sean Zasche
"2700 Clemens Rd, Hatfield, PA 19440","$112,354","7,022","Industrial, Manufacturing",PECO Energy Co,"585,176",Funks Road Properties LLC
"201 Emerald Dr, Joliet, IL 60433","$225,808","9,032","Industrial, Manufacturing",Commonwealth Edison Co,"752,692",Blackstone
"3300 Espresso Way, York, PA 17406","$143,465","7,173","Industrial, Manufacturing",PPL Electric Utilities Corp,"597,769",Blackstone
"710 Moravia St, New Castle, PA 16101",—,—,"Industrial, Manufacturing",Pennsylvania Power Co - FirstEnergy,"477,509",Ellwood Quality Steels Company
"300 Fairfield Rd, Fairfield, NJ 07004","$227,167","4,733","Industrial, Manufacturing",Jersey Central Power & Lt Co,"394,388",Steve Mesaros
"24 Charles Ct, South Brunswick Township, NJ 08810","$428,176","4,369","Industrial, Manufacturing",Public Service Elec & Gas Co,"364,095",Forsgate Industrial
"800 Malleable Rd, Columbia, PA 17512","$144,347","7,217","Industrial, Manufacturing",PPL Electric Utilities Corp,"601,446","PROTERIAL AMERICA, INC."
"1801 Clark Rd, Havre de Grace, MD 21078","$341,375","5,020","Industrial, Warehouse",Baltimore Gas & Electric Co,"418,352",PAKMD LLC
"2112 Montevideo Rd, Jessup, MD 20794","$204,072","3,001","Industrial, Manufacturing",Baltimore Gas & Electric Co,"250,088",
"251 Docks Corner Rd, South Brunswick Township, NJ 08810","$423,951","4,326","Industrial, Manufacturing",Public Service Elec & Gas Co,"360,502",Prologis
"2913 Spooky Nook Rd, Manheim, PA 17545","$142,137","7,107","Industrial, Manufacturing",PPL Electric Utilities Corp,"592,237",Sports Complex
"1507 River Rd, Marietta, PA 17547","$143,040","7,152","Industrial, Manufacturing",PPL Electric Utilities Corp,"596,001",1455 River Road LLC
"5 Bel Air S Pkwy, Bel Air, MD 21015","$144,066","2,119","Retail, Strip Mall",Baltimore Gas & Electric Co,"282,482",Crow Holdings Capital
"105 Talmadge Rd, Edison, NJ 08817","$422,988","4,316","Industrial, Manufacturing",Public Service Elec & Gas Co,"359,684",M-Edison Tic LLC
"2000 Washington St, Newton, MA 02462","$179,478","2,301",Office,Eversource Energy (Formerly NSTAR Electric Company),"306,801",Partners Hlthcare Spcalty Phrm
"8275 Patuxent Range Rd, Jessup, MD 20794","$200,525","2,949","Industrial, Manufacturing",Baltimore Gas & Electric Co,"245,741",Blackstone
"367 Russell St, Hadley, MA 01035","$220,046","3,794","Retail, Strip Mall",Eversource Energy (Formerly Western Massachusetts Elec Co),"505,854",
"645 Eagle Blvd, Warminster, PA 18974","$109,349","6,834","Industrial, Manufacturing",PECO Energy Co,"569,528",Natc Properties LP
"50 Middlesex Ave, Carteret, NJ 07008","$425,126","4,338","Industrial, Manufacturing",Public Service Elec & Gas Co,"361,502",Keystone
"1411 Tangier Dr, Middle River, MD 21220","$368,491","5,419","Industrial, Warehouse",Baltimore Gas & Electric Co,"451,582",Exeter 1411 Tangier LLC
"1101 Cherry Hill Rd, Joliet, IL 60433","$216,579","8,663","Industrial, Manufacturing",Commonwealth Edison Co,"721,929",Lineage Logistics
"550 Oak Ridge Rd, Hazle Township, PA 18202","$149,629","7,481","Industrial, Manufacturing",PPL Electric Utilities Corp,"623,453",Lba Realty LLC
"3419 Commerce Center Blvd, Bethlehem, PA 18015","$313,496","15,675","Industrial, Warehouse",PPL Electric Utilities Corp,"1,306,233",Majestic Management Co.
"4505 North Point Blvd, Dundalk, MD 21222","$201,964","2,970","Industrial, Manufacturing",Baltimore Gas & Electric Co,"247,505",Erasmus Properties LLC
"1 Sea Box Dr, Cinnaminson, NJ 08077","$418,912","4,275","Industrial, Manufacturing",Public Service Elec & Gas Co,"356,218",10 Sea Box Drive L.L.C.
"1070 Windham Pkwy, Romeoville, IL 60446","$217,497","8,700","Industrial, Manufacturing",Commonwealth Edison Co,"724,990",Prologis
"19 E Chocolate Ave, Hershey, PA 17033","$92,926","4,646",Office,PPL Electric Utilities Corp,"619,507",Hershey
"7481 Coca Cola Dr, Elkridge, MD 21076","$379,972","5,588","Industrial, Warehouse",Baltimore Gas & Electric Co,"465,652",Glp US Management LLC
"1102 Cranbury - South River Rd, Monroe Township, NJ 08831","$202,948","4,228","Industrial, Manufacturing",Jersey Central Power & Lt Co,"352,340",Forsgate Industrial
"1 Wiley Dr, Franklin Township, NJ 08873","$419,783","4,283","Industrial, Manufacturing",Public Service Elec & Gas Co,"356,958","Cabot Properties, Inc."
"33 Brunswick Ave, Edison, NJ 08817","$353,753","3,610","Industrial, Manufacturing",Public Service Elec & Gas Co,"300,810",David Mims
"176 South St, Hopkinton, MA 01748","$313,533","4,020","Industrial, Manufacturing",Eversource Energy (Formerly NSTAR Electric Company),"334,971",DELL TECHNOLOGIES
"1151 E Laraway Rd, Joliet, IL 60433","$216,165","8,647","Industrial, Manufacturing",Commonwealth Edison Co,"720,550","Exeter 1151 E. Laraway, LLC"
"597 Alexander Spring Rd, Carlisle, PA 17015","$260,161","13,008","Industrial, Warehouse",PPL Electric Utilities Corp,"1,084,004",Prologis
"159 Painter-Koser Rd, Smithton, PA 15479",—,—,"Industrial, Manufacturing",West Penn Power Co,"604,162",Martin Lippman
"760 Port Carteret Dr, Carteret, NJ 07008","$405,854","4,141","Industrial, Manufacturing",Public Service Elec & Gas Co,"345,114",Carteret Port
"5800 W Industrial Dr, Monee, IL 60449","$212,234","8,489","Industrial, Manufacturing",Commonwealth Edison Co,"707,448",Palmer Logistics (midwest 2) Assets LLC
"3000 RAND BLVD, MADISON, NJ 07940","$413,542","4,220","Industrial, Manufacturing",Public Service Elec & Gas Co,"351,652",John Maduros
"1501 Orchard Dr, Chambersburg, PA 17201",—,—,"Industrial, Manufacturing",West Penn Power Co,"552,960","Wilsey Foods, Inc."
"1601 Wicomico St, Baltimore, MD 21230","$191,318","2,813","Industrial, Manufacturing",Baltimore Gas & Electric Co,"234,458","1601 Wico Holdings, LP"
"7880 Penn Dr, Breinigsville, PA 18031","$143,181","7,159","Industrial, Manufacturing",PPL Electric Utilities Corp,"596,586",Boston Beer
"300 Olney Sandy Spring Rd, Ashton-Sandy Spring, MD 20860","$119,327","1,755","School, Primary",Baltimore Gas & Electric Co,"233,974",Board of Education
"8221 Gateway Overlook Dr, Elkridge, MD 21075","$138,069","2,030","Retail, Strip Mall",Baltimore Gas & Electric Co,"270,724",First Washington Realty Limited Partnership
"8600 River Rd, Pennsauken, NJ 08110","$409,186","4,175","Industrial, Manufacturing",Public Service Elec & Gas Co,"347,947",Mark Quigley
"651 Mill Rd, Allentown, PA 18106","$142,870","7,143","Industrial, Manufacturing",PPL Electric Utilities Corp,"595,290","Americold Realty Trust, Inc."
"1401 Laurel Oak Rd, Voorhees Township, NJ 08043","$327,759","3,450","School, Primary",Atlantic City Electric Co,"460,012",Eastern Regional High School
"22 S Greene St, Baltimore, MD 21201","$119,234","1,753",Hospital,Baltimore Gas & Electric Co,"233,792",Department Diagnostic Rdlgy
"6700 Essington Ave, Philadelphia, PA 19153","$109,382","6,836","Industrial, Manufacturing",PECO Energy Co,"569,698",Trecia Canty
"11500 Freeman Rd, Huntley, IL 60142","$210,327","8,413","Industrial, Manufacturing",Commonwealth Edison Co,"701,090","Canam Megasav, LLC"
"760 W Crossroads Pkwy, Bolingbrook, IL 60490","$210,746","8,430","Industrial, Manufacturing",Commonwealth Edison Co,"702,487",Prologis
"3100 N Mill Rd, Vineland, NJ 08360","$475,000","5,000","Industrial, Manufacturing",Atlantic City Electric Co,"431,253","High Street Realty Company, LLC"
"3325 Archer Dr, Chambersburg, PA 17202",—,—,"Industrial, Warehouse",West Penn Power Co,"1,367,289",Target
"69 Green Mountain Rd, Hazleton, PA 18202","$90,588","4,529",Office,PPL Electric Utilities Corp,"603,923","Centersquare Investment Management Holdings, Inc."
"201 Kane St, Baltimore, MD 21224","$190,596","2,803","Industrial, Manufacturing",Baltimore Gas & Electric Co,"233,573",104 Real Estate LLC
"3506 Capital City Mall Dr, Camp Hill, PA 17011","$97,473","4,874","Retail, Strip Mall",PPL Electric Utilities Corp,"649,819",Preit
"125 Delawanna Ave, Clifton, NJ 07014","$408,120","4,164","Industrial, Manufacturing",Public Service Elec & Gas Co,"347,041",SPG DELAWANNA LLC
"700 Uline Wy, Allentown, PA 18106","$231,805","11,590","Industrial, Warehouse",PPL Electric Utilities Corp,"965,856",Route 124 G7 LLC
"89 Cross St, Holliston, MA 01746","$417,675","4,177","Industrial, Manufacturing",National Grid - Massachusetts,"348,063",Eip Pinder Point 515 Woburn LLC
"650 Boulder Dr, Breinigsville, PA 18031","$240,372","12,019","Industrial, Warehouse",PPL Electric Utilities Corp,"1,001,550",Prologis Management
"367 Ray St, Fall River, MA 02720","$252,339","2,523",Office,National Grid - Massachusetts,"336,453",Ralph M Small Elementary
"400 Busse Rd, Elk Grove Village, IL 60007","$202,269","8,091","Industrial, Manufacturing",Commonwealth Edison Co,"674,230",Prologis
", BALTIMORE, MD 21226","$119,035","1,751",Office,Baltimore Gas & Electric Co,"233,401",Mayor and Cy Council Baltimore
"702 Commerce Center Dr, University Park, IL 60484","$210,617","8,425","Industrial, Manufacturing",Commonwealth Edison Co,"702,055",Timothy Weber
"3600 Progress Dr, Bensalem Township, PA 19020","$107,575","6,723","Industrial, Manufacturing",PECO Energy Co,"560,287",Blackstone
"2101 91st St, North Bergen, NJ 07047","$396,550","4,046","Industrial, Manufacturing",Public Service Elec & Gas Co,"337,202","2101 91ST STREET, L.L.C."
"215 N Rd, Lock Haven, PA 17745","$145,867","7,293","Industrial, Manufacturing",PPL Electric Utilities Corp,"607,777",
"180 Raritan Center Pkwy, Edison, NJ 08837","$396,323","4,044","Industrial, Manufacturing",Public Service Elec & Gas Co,"337,009",NJIND RARITAN CENTER LLC
"1125 W Taylor Rd, Romeoville, IL 60446","$203,705","8,148","Industrial, Manufacturing",Commonwealth Edison Co,"679,018",Naccarato Investments LLC
"1000 Bilter Rd, Aurora, IL 60502","$209,281","8,371","Industrial, Manufacturing",Commonwealth Edison Co,"697,603",Prologis
"1 National St, Milford, MA 01757","$416,675","4,167","Industrial, Manufacturing",National Grid - Massachusetts,"347,229",
"2600 Roosevelt Rd, Forest Park, IL 60130","$206,771","8,271","Industrial, Manufacturing",Commonwealth Edison Co,"689,236",Brooklyn Park
"135 William T Morrissey Blvd, Boston, MA 02125","$191,309","2,453",Office,Eversource Energy (Formerly NSTAR Electric Company),"327,024","Beacon Capital Partners, LLC"
"305 Nestle Way, Breinigsville, PA 18031","$138,652","6,933","Industrial, Manufacturing",PPL Electric Utilities Corp,"577,716",Primo Brands
"1133 County St, Taunton, MA 02780","$413,606","4,136","Industrial, Manufacturing",National Grid - Massachusetts,"344,672","Brem Asante Sana, LLC"
"9500 Ridgeland Ave, Chicago Ridge, IL 60415","$165,583","6,623","Retail, Strip Mall",Commonwealth Edison Co,"883,111",Ridgeland Property Holding LLC
"250 Carter Dr, Edison, NJ 08817","$394,599","4,027","Industrial, Manufacturing",Public Service Elec & Gas Co,"335,543",NL CEDARS GROUP LLC
"350 Starke Rd, Carlstadt, NJ 07072","$388,887","3,968","Industrial, Manufacturing",Public Service Elec & Gas Co,"330,686",Bentall Kennedy
"350 Clark Dr, Mount Olive, NJ 07828","$211,064","4,397","Industrial, Manufacturing",Jersey Central Power & Lt Co,"366,430",Crg 1725 LLC
"8801 Congdon Hill Dr, Alburtis, PA 18011","$264,628","13,231","Industrial, Warehouse",PPL Electric Utilities Corp,"1,102,618",Prologis
"100 Independence Way, Danvers, MA 01923",—,—,"Retail, Strip Mall",Danvers Electric Department,"904,840",Liberty Tree Mall
"901 Bluff Rd, Romeoville, IL 60446","$205,168","8,207","Industrial, Manufacturing",Commonwealth Edison Co,"683,895",Prologis
"85 Princeton Rd, Fitchburg, MA 01420",—,—,"Industrial, Manufacturing",Unitil- Massachusetts (Fitchburg Gas and Electric Light Company),"304,340",
"5601 West Side Ave, North Bergen, NJ 07047","$392,772","4,008","Industrial, Manufacturing",Public Service Elec & Gas Co,"333,990",Mark Killough
"41 US-30, Rock Falls, IL 61071","$196,873","7,875","Industrial, Manufacturing",Commonwealth Edison Co,"656,244","41 US 30 Owner, LLC"
"420 RIVERPORT DR, LEETSDALE, PA 15056","$69,252","4,328","Industrial, Manufacturing",Duquesne Light Co,"360,689",
"1300 Federal Blvd, Carteret, NJ 07008","$379,438","3,872","Industrial, Manufacturing",Public Service Elec & Gas Co,"322,651","Federal Boulevard, LLC"
"2195 N Reading Rd, Denver, PA 17517","$132,295","6,615","Industrial, Manufacturing",PPL Electric Utilities Corp,"551,230",Campbell Soup
"1413 Tangier Dr, Middle River, MD 21220","$341,385","5,020","Industrial, Warehouse",Baltimore Gas & Electric Co,"418,364",Neil Klein
"203 Kuller Rd, Clifton, NJ 07011","$394,532","4,026","Industrial, Manufacturing",Public Service Elec & Gas Co,"335,486",Prologis
"238 Belvidere Rd, Perryville, MD 21903","$678,060","12,328","Industrial, Warehouse",Delmarva Power,"1,027,363","Clarion Partners, LLC"
"45 Brunswick Ave, Edison, NJ 08817","$378,547","3,863","Industrial, Manufacturing",Public Service Elec & Gas Co,"321,894","45 Brunswick Ave, LLC"
"675 Canton St, Norwood, MA 02062","$292,920","3,755","Industrial, Manufacturing",Eversource Energy (Formerly NSTAR Electric Company),"312,949",James Campbell Company LLC
"201 S Keim St, Pottstown, PA 19464","$109,161","6,823","Industrial, Manufacturing",PECO Energy Co,"568,549",Chapel Steel
"1501 Cottontail Ln, Franklin Township, NJ 08873","$336,845","3,437","Industrial, Manufacturing",Public Service Elec & Gas Co,"286,433",Nhnr Hold Co 12 LLC
"2 Brick Plant Rd, South River, NJ 08882","$194,576","4,054","Industrial, Manufacturing",Jersey Central Power & Lt Co,"337,805","Clarion Partners, LLC"
"8451 Willard Dr, Breinigsville, PA 18031","$227,113","11,356","Industrial, Warehouse",PPL Electric Utilities Corp,"946,303",Prologis
"4801 McKnight Rd, Pittsburgh, PA 15237","$50,361","3,148","Retail, Strip Mall",Duquesne Light Co,"419,674",Stanley Gumberg
"101 Railroad Ave, Ridgefield, NJ 07657","$388,234","3,962","Industrial, Manufacturing",Public Service Elec & Gas Co,"330,131",Qbl NJ 101 Railroad LLC
"192 Mansfield Ave, Norton, MA 02766","$252,940","2,529",Office,National Grid - Massachusetts,"337,253","Marcus Partners, Inc."
"18 Lightcap Rd, Pottstown, PA 19464","$86,537","5,409","Retail, Strip Mall",PECO Energy Co,"721,144","Simon Property Group Administrative Services Partnership, L.P."
"2100 Internationale Pkwy, Woodridge, IL 60517","$229,050","9,162","Industrial, Manufacturing",Commonwealth Edison Co,"763,499","NP Ocala Manager, LLC"
"26 Engelhard Dr, Monroe Township, NJ 08831","$186,368","3,883","Industrial, Manufacturing",Jersey Central Power & Lt Co,"323,556",BUCKHEAD 26 ENGELHARD LLC
"2294 Molly Pitcher Hwy, Chambersburg, PA 17202",—,—,"Industrial, Manufacturing",West Penn Power Co,"505,539",Gavriel Alexander
"395 Pedricktown Rd, Swedesboro, NJ 08085","$475,000","5,000","Industrial, Manufacturing",Atlantic City Electric Co,"418,689",Db USA Corporation
"900 Conshohocken Rd, Conshohocken, PA 19428","$227,417","14,214","Industrial, Warehouse",PECO Energy Co,"1,184,462",Isg Plate Inc
"355 COVENTRY MALL BLVD, POTTSTOWN, PA 19465","$83,330","5,208","Retail, Strip Mall",PECO Energy Co,"694,417","Pennmark Management Company, Inc."
"5501 Holabird Ave, Baltimore, MD 21224","$287,421","4,227","Industrial, Warehouse",Baltimore Gas & Electric Co,"352,232",
"525 Northwest Ave, Northlake, IL 60164","$199,352","7,974","Industrial, Manufacturing",Commonwealth Edison Co,"664,507",
"100 Huntington Ave, Boston, MA 02116","$185,740","2,381",Office,Eversource Energy (Formerly NSTAR Electric Company),"317,504","Copley Place Associates, LLC"
"150 Docks Corner Rd, South Brunswick Township, NJ 08810","$490,000","5,000","Industrial, Manufacturing",Public Service Elec & Gas Co,"489,612",
"1450 Remington Blvd, Bolingbrook, IL 60490","$194,569","7,783","Industrial, Manufacturing",Commonwealth Edison Co,"648,562",Prologis
"17301 Valley Mall Rd, Hagerstown, MD 21740","$192,369","6,412","Retail, Strip Mall",The Potomac Edison Co,"854,975",Preit
"181 Antrim Commons Dr, Greencastle, PA 17225",—,—,"Industrial, Manufacturing",West Penn Power Co,"509,451",Granite Properties of Texas
"200 Smith St, Waltham, MA 02451","$163,386","2,095",Office,Eversource Energy (Formerly NSTAR Electric Company),"279,292","Healthpeak Op, LLC"
"2901 E College Ave, State College, PA 16801",—,—,"Retail, Strip Mall",West Penn Power Co,"621,655",Jesse Shannon
"295 N Maple Ave, Bernards, NJ 07920","$168,402","3,508",Office,Jersey Central Power & Lt Co,"467,784",Mesirow Financial
"115 Gaither Dr, Mount Laurel Township, NJ 08054","$377,298","3,850","Industrial, Manufacturing",Public Service Elec & Gas Co,"320,832",Mount Laurel Township
"2695 Plainfield Rd, Joliet, IL 60435","$197,907","7,916","Industrial, Manufacturing",Commonwealth Edison Co,"659,690",2695 Plainfield LLC
"1033 Olde W Chocolate Ave, Hershey, PA 17033","$134,724","6,736","Industrial, Manufacturing",PPL Electric Utilities Corp,"561,350",Hershey
"1 Emerson Ln, Secaucus, NJ 07094","$381,498","3,893","Industrial, Manufacturing",Public Service Elec & Gas Co,"324,403",ASG Equities Secaucus LLC
"455 Exton Square Pkwy, Exton, PA 19341","$82,562","5,160","Retail, Strip Mall",PECO Energy Co,"688,013",Preit
"100 Ridge Rd, Monroe Township, NJ 08831","$184,169","3,837","Industrial, Manufacturing",Jersey Central Power & Lt Co,"319,738","Canon U.S.A., Inc."
"100 Adams Rd, Clinton, MA 01510","$415,901","4,159","Industrial, Manufacturing",National Grid - Massachusetts,"346,584","Marcus Partners, Inc."
"1260 River Ave, Pittsburgh, PA 15212","$68,108","4,257","Industrial, Manufacturing",Duquesne Light Co,"354,727",
"2400 W Haven Ave, New Lenox, IL 60451","$193,284","7,731","Industrial, Manufacturing",Commonwealth Edison Co,"644,279",2400 HAVEN LLC
"860 W Crossroads Pkwy, Romeoville, IL 60446","$194,767","7,791","Industrial, Manufacturing",Commonwealth Edison Co,"649,223",Prologis
"40 Enterprise Ave N, Secaucus, NJ 07094","$380,133","3,879","Industrial, Manufacturing",Public Service Elec & Gas Co,"323,242",40 ENTERPRISE AVENUE LLC
"168 PA-3016, Aliquippa, PA 15001","$67,895","4,243","Industrial, Manufacturing",Duquesne Light Co,"353,619",National Gypsum
"415 Hamburg Tpke, Wayne, NJ 07470","$195,762","4,078","Industrial, Manufacturing",Jersey Central Power & Lt Co,"339,864","EGJ ASSOCIATES, L.L.C."
"301 E Oak Ave, Lawnside, NJ 08045","$386,292","3,942","Industrial, Manufacturing",Public Service Elec & Gas Co,"328,479",UPS
"108 Stirling Rd, Warren, NJ 07059","$121,672","2,535","School, Primary",Jersey Central Power & Lt Co,"337,979",Party City
"2217 Northampton St, Holyoke, MA 01040","$225,041","2,885","Retail, Strip Mall",Eversource Energy (Formerly NSTAR Electric Company),"384,685",Bpg
"10000 Franklin Square Dr, Rossville, MD 21236","$323,738","4,761","Industrial, Warehouse",Baltimore Gas & Electric Co,"396,738",Ta Realty LLC
"11 Cragwood Rd, South Plainfield, NJ 07080","$369,106","3,766","Industrial, Manufacturing",Public Service Elec & Gas Co,"313,866",Ivy Equities Management
"30 Scales Ln, Townsend, MA 01469",—,—,"Industrial, Manufacturing",Unitil- Massachusetts (Fitchburg Gas and Electric Light Company),"288,966","STERILITE - TEXAS, LLC"
"65 Railroad Ave, Ridgefield, NJ 07657","$364,465","3,719","Industrial, Manufacturing",Public Service Elec & Gas Co,"309,919",Ridgefield Holding Corp
"1 Commerce Dr, East Windsor, NJ 08512","$183,436","3,822","Industrial, Manufacturing",Jersey Central Power & Lt Co,"318,466",One Commerce Drive LLC
"199 Whitehead Rd, Trenton, NJ 08619","$363,319","3,707","Industrial, Manufacturing",Public Service Elec & Gas Co,"308,945",Dante Germano
"2580 Prospect Ct, Aurora, IL 60502","$194,823","7,793","Industrial, Manufacturing",Commonwealth Edison Co,"649,409",Blackstone
"600 Richards Run, Burlington, NJ 08016","$369,723","3,773","Industrial, Manufacturing",Public Service Elec & Gas Co,"314,390","Whitesell Construction, Inc."
"2700 Ellis Dr, Joliet, IL 60433","$189,650","7,586","Industrial, Manufacturing",Commonwealth Edison Co,"632,167",Cbre
"700 S Weber Rd, Bolingbrook, IL 60490","$189,246","7,570","Industrial, Manufacturing",Commonwealth Edison Co,"630,819",Ares Industrial Real Estate Income Trust Inc.
"1808 Swift Dr, Oak Brook, IL 60523","$118,475","4,739",Office,Commonwealth Edison Co,"631,865",Centerpoint Properties Trust
"400 N Wolf Rd, Northlake, IL 60164","$191,837","7,673","Industrial, Manufacturing",Commonwealth Edison Co,"639,457",Jenette Obrien
"2270 US-130, South Brunswick Township, NJ 08810","$360,952","3,683","Industrial, Manufacturing",Public Service Elec & Gas Co,"306,932","2270 ROUTE 130, LLC"
"501 N Internationale Pkwy, Minooka, IL 60447","$273,207","10,928","Industrial, Manufacturing",Commonwealth Edison Co,"910,689",Prologis
"680 US-130, Trenton, NJ 08650","$300,507","3,066",Office,Public Service Elec & Gas Co,"408,853",
"755 Secaucus Rd, Secaucus, NJ 07094","$375,297","3,830","Industrial, Manufacturing",Public Service Elec & Gas Co,"319,130",755 SECAUCUS LLC
"308 S Division St, Harvard, IL 60033","$375,000","15,000","Industrial, Warehouse",Commonwealth Edison Co,"1,285,381",Brennan Investment Group
"8 Corn Rd, South Brunswick Township, NJ 08810","$361,876","3,693","Industrial, Manufacturing",Public Service Elec & Gas Co,"307,718",I Heller Construction Co
"3600 North Point Blvd, Dundalk, MD 21222","$174,960","2,573","Industrial, Manufacturing",Baltimore Gas & Electric Co,"214,412",Hart Vulcan
"1 D'Angelo Dr, Marlborough, MA 01752","$381,856","3,819","Industrial, Manufacturing",National Grid - Massachusetts,"318,213",Francis Crowley
"86 Sewell St, Glassboro, NJ 08028","$431,493","4,542","Industrial, Manufacturing",Atlantic City Electric Co,"378,502",
"11811 Oak Creek Pkwy, Huntley, IL 60142","$187,985","7,519","Industrial, Manufacturing",Commonwealth Edison Co,"626,618",W.P. Carey
"1001 US-202, Raritan, NJ 08869","$353,776","3,610","Industrial, Manufacturing",Public Service Elec & Gas Co,"300,830",Ortho Diagnostic Systems
"11 Technology Dr, Swedesboro, NJ 08085","$449,850","4,735","Industrial, Manufacturing",Atlantic City Electric Co,"394,605",Prologis
"10 Knox Dr, Piscataway, NJ 08854","$358,635","3,660","Industrial, Manufacturing",Public Service Elec & Gas Co,"304,962",John Killian
"1000 Windham Pkwy, Romeoville, IL 60446","$187,714","7,509","Industrial, Manufacturing",Commonwealth Edison Co,"625,714",Tiaa
"1830 US-130, Burlington, NJ 08016","$354,847","3,621","Retail, Strip Mall",Public Service Elec & Gas Co,"482,785",Burlington Coat Factory
"21561 W Mississippi Ave, Elwood, IL 60421","$189,373","7,575","Industrial, Manufacturing",Commonwealth Edison Co,"631,244",Sp Intermodal Owner 2 LLC
"35 E Park Dr, Westampton Township, NJ 08060","$354,378","3,616","Industrial, Manufacturing",Public Service Elec & Gas Co,"301,342","Cabot Properties, Inc."
"390 Hackensack Ave, Hackensack, NJ 07601","$365,958","3,734","Retail, Strip Mall",Public Service Elec & Gas Co,"497,902",Macy's
"1601 Remington Blvd, Bolingbrook, IL 60490","$184,714","7,389","Industrial, Manufacturing",Commonwealth Edison Co,"615,713",
"100 Highland Dr, Westampton Township, NJ 08060","$345,432","3,525","Industrial, Manufacturing",Public Service Elec & Gas Co,"293,735",Timothy Weber
"140 Kendrick St, Needham, MA 02494","$163,835","2,100",Office,Eversource Energy (Formerly NSTAR Electric Company),"280,060",Boston Properties
"90 Distribution Blvd, Edison, NJ 08817","$349,212","3,563","Industrial, Manufacturing",Public Service Elec & Gas Co,"296,949",I Heller Construction Co
"571 Jersey Ave, New Brunswick, NJ 08901","$355,928","3,632","Industrial, Manufacturing",Public Service Elec & Gas Co,"302,660",FILM BENEFIT
"131 Docks Corner Rd, South Brunswick Township, NJ 08810","$285,816","2,916","Industrial, Manufacturing",Public Service Elec & Gas Co,"243,041",Marc Weintraub
"7058 Snowdrift Rd, Allentown, PA 18106","$126,000","6,300","Industrial, Manufacturing",PPL Electric Utilities Corp,"524,998",W.P. Carey
"2101 Dralle Rd, University Park, IL 60484","$189,696","7,588","Industrial, Manufacturing",Commonwealth Edison Co,"632,321",Brennan Investment Group
"2900 Woodbridge Ave, Edison, NJ 08837","$307,850","3,141","Industrial, Manufacturing",Public Service Elec & Gas Co,"261,777",2900 Woodbridge Ave LLC
"8000 Dorsey Run Rd, Jessup, MD 20794","$325,795","4,791","Industrial, Warehouse",Baltimore Gas & Electric Co,"399,258",Sysco
"25 Ferry Ln, Milton, PA 17847","$132,506","6,625","Industrial, Manufacturing",PPL Electric Utilities Corp,"552,109",
"1 Tuscarawas Rd, Beaver, PA 15009","$91,800","5,738","Industrial, Warehouse",Duquesne Light Co,"478,126",
"1309-1645 W Front St, Plainfield, NJ 07063","$308,124","3,144","Industrial, Manufacturing",Public Service Elec & Gas Co,"262,010",
"864 Chambersburg Mall, Chambersburg, PA 17202",—,—,"Retail, Strip Mall",West Penn Power Co,"544,720",Chambersburg Mall
"4501 Westport Dr, Mechanicsburg, PA 17055","$120,870","6,044","Industrial, Manufacturing",PPL Electric Utilities Corp,"503,626","Exeter 4801 Westport, L.P."
"2188 Molitor Rd, Aurora, IL 60505","$187,499","7,500","Industrial, Manufacturing",Commonwealth Edison Co,"624,998",Freudenberg North America Limited Partnership
"4400 Computer Dr, Westborough, MA 01581","$371,698","3,717","Industrial, Manufacturing",National Grid - Massachusetts,"309,748",
"800 Federal Blvd, Carteret, NJ 07008","$353,767","3,610","Industrial, Manufacturing",Public Service Elec & Gas Co,"300,822",Prologis
"325 Centerpoint Blvd, Jenkins Township, PA 18640","$182,000","9,100","Industrial, Manufacturing",PPL Electric Utilities Corp,"758,332",Blackstone
"5003 Holabird Ave, Baltimore, MD 21224","$290,617","4,274","Industrial, Warehouse",Baltimore Gas & Electric Co,"356,148",Duke Realty
"1500 Remington Blvd, Bolingbrook, IL 60490","$183,483","7,339","Industrial, Manufacturing",Commonwealth Edison Co,"611,611",Ta Realty LLC
"4607 Appliance Dr, Belcamp, MD 21017","$302,744","4,452","Industrial, Warehouse",Baltimore Gas & Electric Co,"371,010",
"142 Elm St, Hatfield, MA 01038","$246,423","4,249","Industrial, Manufacturing",Eversource Energy (Formerly Western Massachusetts Elec Co),"354,056",
"310 Evergreen Dr, North Aurora, IL 60542","$186,907","7,476","Industrial, Manufacturing",Commonwealth Edison Co,"623,022",Illinois State of Toll Highway Authority
"1515 Burnt Mill Rd, Cherry Hill Township, NJ 08003","$361,919","3,693","Industrial, Manufacturing",Public Service Elec & Gas Co,"307,754","1515 BURNT MILL ROAD, LLC"
"125 Castle Rd, Secaucus, NJ 07094","$345,691","3,527","Industrial, Manufacturing",Public Service Elec & Gas Co,"293,955",125 CASTLE ROAD LLC
"57-143 Olin Way, Allentown, PA 18106","$124,236","6,212","Industrial, Manufacturing",PPL Electric Utilities Corp,"517,649",TURNER ROAD SHELL (CHESTERFIELD CO)
"308 Herrod Blvd, South Brunswick Township, NJ 08810","$339,625","3,466","Industrial, Manufacturing",Public Service Elec & Gas Co,"288,797",Centerpoint Properties Trust
"8 Heller Park Ln, Franklin Township, NJ 08873","$349,002","3,561","Industrial, Manufacturing",Public Service Elec & Gas Co,"296,770",I Heller Construction Co
"3215 Commerce Center Blvd, Bethlehem, PA 18015","$143,485","7,174","Industrial, Warehouse",PPL Electric Utilities Corp,"597,854","Bethlehem Commerce Center, LLC"
"3245 E State St, Sharon, PA 16148",—,—,"Retail, Strip Mall",Pennsylvania Power Co - FirstEnergy,"450,200",Target Corp
"909 River Rd, Piscataway, NJ 08854","$350,881","3,580","Industrial, Manufacturing",Public Service Elec & Gas Co,"298,369","Middlesex, County of (inc)"
"820 Keystone Blvd, Pottsville, PA 17901","$78,558","3,928",Office,PPL Electric Utilities Corp,"523,719","Wegmans Food Markets, Inc."
"1245 Forest Pkwy, West Deptford, NJ 08066","$431,890","4,546","Industrial, Manufacturing",Atlantic City Electric Co,"378,851",New York Life
"145 S Pinnacle Dr, Romeoville, IL 60446","$181,984","7,279","Industrial, Manufacturing",Commonwealth Edison Co,"606,613",Prologis
"7550 Perryman Ct, Pasadena, MD 21226","$404,293","5,945","Industrial, Warehouse",Baltimore Gas & Electric Co,"495,457",7550bwi LLC
"520 Commander Shea Blvd, Quincy, MA 02171","$585,753","5,858","Industrial, Warehouse",National Grid - Massachusetts,"488,127",Quincy City Hall
"286 Prospect Plains Rd, East Windsor, NJ 08512","$172,421","3,592","Industrial, Manufacturing",Jersey Central Power & Lt Co,"299,342","286 Prospect Plains Road, LLC"
"901 Bilter Rd, Aurora, IL 60502","$183,576","7,343","Industrial, Manufacturing",Commonwealth Edison Co,"611,919",Prologis
"280 Prospect Plains Rd, East Windsor, NJ 08512","$172,835","3,601","Industrial, Manufacturing",Jersey Central Power & Lt Co,"300,061","Cranbury Sixty, L.L.C."
"3050 N 5th St, Reading, PA 19605","$83,026","4,884","Retail, Strip Mall",Metropolitan Edison Co,"651,181","Terrapact Assets, LLC"
"366 Princeton Hightstown Rd, East Windsor, NJ 08520","$174,030","3,626","Industrial, Manufacturing",Jersey Central Power & Lt Co,"302,135",Shiseido America Inc.
"20 E Park Dr, Westampton Township, NJ 08060","$340,632","3,476","Industrial, Manufacturing",Public Service Elec & Gas Co,"289,653",Blackstone
"1 Heller Park Ln, Franklin Township, NJ 08873","$343,584","3,506","Industrial, Manufacturing",Public Service Elec & Gas Co,"292,163",Morgan Stanley
"1501 Harris Rd, Libertyville, IL 60048","$177,466","7,099","Industrial, Manufacturing",Commonwealth Edison Co,"591,552",Dp Partners
"350 Bartlett St, Northborough, MA 01532","$367,254","3,673","Industrial, Manufacturing",National Grid - Massachusetts,"306,045",Bcore Shield 22 Kimberly Owner LLC
"839 Commerce Dr, Upper Marlboro, MD 20774","$303,575","4,464","Industrial, Warehouse",Baltimore Gas & Electric Co,"372,028",Nordstrom
"375 Memorial Ave, Haddonfield, NJ 08033","$345,193","3,522","Industrial, Manufacturing",Public Service Elec & Gas Co,"293,531",Campbell Soup
"2 Crescent Pl, Oceanport, NJ 07757","$170,124","3,544","Industrial, Manufacturing",Jersey Central Power & Lt Co,"295,354",Mpcc II LLC
"600 Cottontail Ln, Franklin Township, NJ 08873","$335,343","3,422","Industrial, Manufacturing",Public Service Elec & Gas Co,"285,156","Ferrero U.S.A., Inc."
"1010 Swan Creek Dr, Pasadena, MD 21226","$288,672","4,245","Industrial, Warehouse",Baltimore Gas & Electric Co,"353,765",Prologis
"14 New Bond St, Worcester, MA 01606","$365,910","3,659","Industrial, Manufacturing",National Grid - Massachusetts,"304,925",10-14 Liberty New Bond LLC
"3400 S Hamlin Ave, Chicago, IL 60623","$309,889","12,396","Industrial, Manufacturing",Commonwealth Edison Co,"1,032,964","HRP Exchange 55, LLC"
"L4 S S FRONT ST S, HARRISBURG, PA 17113","$119,115","5,956","Industrial, Manufacturing",PPL Electric Utilities Corp,"496,311","Dura-Bond Industries, Inc."
"480 W 5th St, Bloomsburg, PA 17815","$129,048","6,452","Industrial, Manufacturing",PPL Electric Utilities Corp,"537,702",
"330 Bartlett St, Marlborough, MA 01752","$363,864","3,639","Industrial, Manufacturing",National Grid - Massachusetts,"303,220",Bcore Shield 22 Kimberly Owner LLC
"3622-40 G St, Philadelphia, PA 19134","$85,825","5,364","Industrial, Manufacturing",PECO Energy Co,"447,005",Ecolab Schuman Center
"2320 Center Square Rd, Swedesboro, NJ 08085","$424,780","4,471","Industrial, Manufacturing",Atlantic City Electric Co,"372,614",Blackstone
"800 Bilter Rd, Aurora, IL 60502","$179,237","7,169","Industrial, Manufacturing",Commonwealth Edison Co,"597,456",Prologis
"111 Interstate Blvd, East Brunswick, NJ 08816","$173,249","3,609","Industrial, Manufacturing",Jersey Central Power & Lt Co,"300,780",Prologis
"198 Main St, Townsend, MA 01469",—,—,"Industrial, Manufacturing",Unitil- Massachusetts (Fitchburg Gas and Electric Light Company),"278,144","STERILITE - TEXAS, LLC"
"133 Middlesex Ave, Somerville, MA 02145","$199,978","2,564","Retail, Strip Mall",Eversource Energy (Formerly NSTAR Electric Company),"341,843",
"21 Constitution Ave, Piscataway, NJ 08854","$350,303","3,575","Industrial, Manufacturing",Public Service Elec & Gas Co,"297,877",Gwl 21 Constitution LLC
"80 Pine Hill Dr, Boylston, MA 01505",—,—,"Industrial, Manufacturing",Town of Boylston,"362,612",Nbpiv Sweitzer LLC
"1900 Mitchell Blvd, Schaumburg, IL 60193","$174,844","6,994","Industrial, Manufacturing",Commonwealth Edison Co,"582,812",
"221 S 10th St, Lemoyne, PA 17043","$215,950","10,797","Industrial, Warehouse",PPL Electric Utilities Corp,"899,790",Blackstone
"25850 S Ridgeland Ave, Monee, IL 60449","$215,852","8,634","Industrial, Manufacturing",Commonwealth Edison Co,"719,507","High Street Realty Company, LLC"
"1201 Broadway St, Marseilles, IL 61341","$176,451","7,058","Industrial, Manufacturing",Commonwealth Edison Co,"588,170","Nucor Tubular Products, Inc."
"3001 Red Lion Rd, Philadelphia, PA 19114","$91,687","5,730","Industrial, Manufacturing",PECO Energy Co,"477,538",PCI ADMIN
"687 US-9, Cape May, NJ 08204","$166,762","1,755","School, Primary",Atlantic City Electric Co,"234,052",City of Cape May
"40 Corporate Pl S, Piscataway, NJ 08854","$435,923","4,448","Industrial, Manufacturing",Public Service Elec & Gas Co,"370,683",
"30 Pulaski St, Bayonne, NJ 07002","$337,357","3,442","Industrial, Manufacturing",Public Service Elec & Gas Co,"286,868",Centerpoint Properties
"300 S Central Ave, University Park, IL 60484","$176,130","7,045","Industrial, Manufacturing",Commonwealth Edison Co,"587,100",W.P. Carey
"500 E 12th St, Mendota, IL 61342","$174,353","6,974","Industrial, Manufacturing",Commonwealth Edison Co,"581,176",Phoenix Senatobia Industrial Investors LLC
"137 Monument St, Haverhill, MA 01832","$226,432","2,264",Office,National Grid - Massachusetts,"301,910","Haverhill, City of"
"8 B Ct S, Edison, NJ 08817","$339,016","3,459","Industrial, Manufacturing",Public Service Elec & Gas Co,"288,279",
"601 W Edgar Rd, Linden, NJ 07036","$341,175","3,481","Retail, Strip Mall",Public Service Elec & Gas Co,"464,183",AVIATION MARKETPLACE LLC
"529 Hurffville - Cross Keys Rd, Washington Township, NJ 08080","$288,397","3,036","School, Primary",Atlantic City Electric Co,"404,767",Project Graduation of Washington Township Inc
"625 Breakneck Rd, Harrison Township, NJ 08062","$172,814","1,819","School, Primary",Atlantic City Electric Co,"242,547",Clearview Regional High School
"585 Silicon Dr, Leechburg, PA 15656",—,—,"Industrial, Manufacturing",West Penn Power Co,"493,587",ATI
"333 Gibraltar Dr, Bolingbrook, IL 60440","$175,886","7,035","Industrial, Manufacturing",Commonwealth Edison Co,"586,285",Eqt Exeter
"1781 Crossroads Dr, Odenton, MD 21113","$283,986","4,176","Industrial, Warehouse",Baltimore Gas & Electric Co,"348,022",
"2869 STATE ROUTE 22 DR, FREDERICKSBURG, PA 17026","$70,481","4,146",Office,Metropolitan Edison Co,"552,795",Prologis
"230 Mall Blvd, King of Prussia, PA 19406","$59,539","3,721",Office,PECO Energy Co,"496,161",Orix Venture
"455 16th St, Carlstadt, NJ 07072","$291,880","2,978","Industrial, Manufacturing",Public Service Elec & Gas Co,"248,197",455 16TH STREET LIMITED LIABILITY COMPANY
"1225 Forest Pkwy, West Deptford, NJ 08066","$408,720","4,302","Industrial, Manufacturing",Atlantic City Electric Co,"358,526",New York Life
"51-53 Hook Rd, Bayonne, NJ 07002","$334,472","3,413","Industrial, Manufacturing",Public Service Elec & Gas Co,"284,415","51-53 HOOK ROAD, L.L.C."
"1701 US-22, Watchung, NJ 07069","$128,520","2,677","Retail, Strip Mall",Jersey Central Power & Lt Co,"356,999",LEVIN MANAGEMENT CORPORATION (FOR USE IN VA: LEVIN REAL ESTATE MANAGEMENT CORP.)
"2100 Center Square Rd, Logan Township, NJ 08085","$414,365","4,362","Industrial, Manufacturing",Atlantic City Electric Co,"363,478",Granite Properties of Texas
"300 W Crossroads Pkwy, Bolingbrook, IL 60440","$174,019","6,961","Industrial, Manufacturing",Commonwealth Edison Co,"580,063","Htw, L.L.C."
"7 Ledgewood Blvd, Dartmouth, MA 02747","$239,650","3,072","Industrial, Manufacturing",Eversource Energy (Formerly NSTAR Electric Company),"256,036",Angelo Gordon & Co
"3001 Channahon Rd, Joliet, IL 60436","$170,995","6,840","Industrial, Manufacturing",Commonwealth Edison Co,"569,982",Ecolab
"800 Coopertown Rd, Delanco, NJ 08075","$326,461","3,331","Industrial, Manufacturing",Public Service Elec & Gas Co,"277,603","Black Creek Group, LLC"
"6509 Brandy Ln, Mechanicsburg, PA 17050","$115,272","5,764","Industrial, Manufacturing",PPL Electric Utilities Corp,"480,301",Nestle Purina Petcare Company
"5 Access Rd, Piscataway, NJ 08854","$328,606","3,353","Industrial, Manufacturing",Public Service Elec & Gas Co,"279,427","5 ACCESS ROAD, L.L.C."
"731 Dowd Ave, Elizabeth, NJ 07201","$331,025","3,378","Industrial, Manufacturing",Public Service Elec & Gas Co,"281,484",
"600 Memory Ln, York, PA 17402","$221,808","13,048","Industrial, Warehouse",Metropolitan Edison Co,"1,087,293",Caterpillar
"500 W Germantown Pike, Plymouth Meeting, PA 19462","$76,261","4,766","Retail, Standalone",PECO Energy Co,"635,508",Kin Properties Inc.
"420 N Main St, Montgomery, IL 60538","$170,379","6,815","Industrial, Manufacturing",Commonwealth Edison Co,"567,930","420 Montgomery Cit, LLC"
"6974 Schantz Rd, Allentown, PA 18106","$115,281","5,764","Industrial, Manufacturing",PPL Electric Utilities Corp,"480,337",Blackstone
"2700 McDonough St, Joliet, IL 60436","$171,239","6,850","Industrial, Manufacturing",Commonwealth Edison Co,"570,795","2700 McDonough, LLC"
"30 MARTHA DR, BETHEL, PA 19507","$174,404","10,259","Industrial, Warehouse",Metropolitan Edison Co,"854,924",Dollar General
"2051 Baseline Rd, Montgomery, IL 60538","$173,374","6,935","Industrial, Manufacturing",Commonwealth Edison Co,"577,912","Stag Industrial, Inc."
"1620 Van Buren Rd, Easton, PA 18045","$245,357","12,268","Industrial, Warehouse",PPL Electric Utilities Corp,"1,022,322",Duke Realty Limited Partnership
"1140 Commerce Blvd, Logan Township, NJ 08085","$408,347","4,298","Industrial, Manufacturing",Atlantic City Electric Co,"358,199",Prologis
"1621 Industrial Dr, Carlisle, PA 17013","$114,819","5,741","Industrial, Manufacturing",PPL Electric Utilities Corp,"478,411",Stop & Shop
"250 Highland Park Blvd, Wilkes-Barre Township, PA 18702","$123,014","6,151","Industrial, Manufacturing",PPL Electric Utilities Corp,"512,559",William Mack
"800 Hickory Dr, Aberdeen, MD 21001","$438,730","6,452","Industrial, Warehouse",Baltimore Gas & Electric Co,"537,659",Pepsico
"515 Busse Rd, Elk Grove Village, IL 60007","$166,625","6,665","Industrial, Manufacturing",Commonwealth Edison Co,"555,418",Investcorp International Holdings Inc.
"215 Fitchburg St, Marlborough, MA 01752","$216,005","2,160",Office,National Grid - Massachusetts,"288,006",Assabet Vly Vctional High Schl
"250 W Wylie Ave, Washington, PA 15301",—,—,"Industrial, Manufacturing",West Penn Power Co,"474,248",Premier Source
"335 Heinz St, Mechanicsburg, PA 17055","$113,924","5,696","Industrial, Manufacturing",PPL Electric Utilities Corp,"474,684","Hager Pacific Properties, LLC"
"9750 Commerce Cir, Kutztown, PA 19530","$107,641","6,332","Industrial, Manufacturing",Metropolitan Edison Co,"527,653",Prologis
"2401 Liberty Heights Ave, Baltimore, MD 21215","$106,555","1,567","Retail, Strip Mall",Baltimore Gas & Electric Co,"208,931",Brookfield Asset Management LLC
"3800 Marshall Ln, Bensalem Township, PA 19020","$87,978","5,499","Industrial, Manufacturing",PECO Energy Co,"458,218",Blackstone
"1200 N Kirk Rd, Batavia, IL 60510","$167,632","6,705","Industrial, Manufacturing",Commonwealth Edison Co,"558,774",Aldi 1585
"1214 Long Pond Rd, Blakeslee, PA 18610","$72,994","3,650",Office,PPL Electric Utilities Corp,"486,625",
"3500 Industrial Rd, Harrisburg, PA 17110","$112,688","5,634","Industrial, Manufacturing",PPL Electric Utilities Corp,"469,533",Blackstone
"9 Finderne Ave, Bridgewater, NJ 08807","$169,380","3,529","Industrial, Manufacturing",Jersey Central Power & Lt Co,"294,062",Hampton Meadows Limited Liability Company
"80 Campanelli Dr, Braintree, MA 02184","$248,250","3,183","Industrial, Manufacturing",Eversource Energy (Formerly NSTAR Electric Company),"265,224",Robert Lambert
"1200 Wilson Dr, West Chester, PA 19380","$57,030","3,564",Office,PECO Energy Co,"475,252",
"1001 Pawtucket Blvd, Lowell, MA 01854","$345,461","3,455","Industrial, Manufacturing",National Grid - Massachusetts,"287,884",John Power
"1207 Langhorne Newtown Rd, Langhorne, PA 19047","$53,625","3,352",Hospital,PECO Energy Co,"446,879",Gregory Wozniak
"135 Marion Rd, Mattapoisett, MA 02739","$146,096","1,873",Office,Eversource Energy (Formerly NSTAR Electric Company),"249,737",Mattapoisett Highway Dept
"10 Industrial Way, Amesbury, MA 01913","$331,848","3,318","Industrial, Manufacturing",National Grid - Massachusetts,"276,540",
"200 Theodore Conrad Dr, Jersey City, NJ 07305","$322,077","3,287","Industrial, Manufacturing",Public Service Elec & Gas Co,"273,875",Adar 12 Limited Liability Company
"900 N Schmidt Rd, Romeoville, IL 60446","$167,981","6,719","Industrial, Manufacturing",Commonwealth Edison Co,"559,937",Gpt Vickery Drive Owner LLC
"82-100 Distribution Blvd, Edison, NJ 08817","$319,453","3,260","Industrial, Manufacturing",Public Service Elec & Gas Co,"271,644",I Heller Construction Co
"1101 W Taylor Rd, Romeoville, IL 60446","$164,499","6,580","Industrial, Manufacturing",Commonwealth Edison Co,"548,331",Prologis
"2500 83rd St, North Bergen, NJ 07047","$312,292","3,187","Industrial, Manufacturing",Public Service Elec & Gas Co,"265,554",Exp Group L.L.C.
"1109 Commerce Blvd, Swedesboro, NJ 08085","$437,236","4,602","Industrial, Manufacturing",Atlantic City Electric Co,"383,540",Db USA Corporation
"9 S 12th St, Midland, PA 15059","$58,117","3,632","Industrial, Manufacturing",Duquesne Light Co,"302,694",VALMONT
"200 E Corporate Dr, Dixon, IL 61021","$166,170","6,647","Industrial, Manufacturing",Commonwealth Edison Co,"553,901",Edinburgh Logistics Assets LLC
"149 Plainfield St, Chicopee, MA 01013","$220,529","3,802","Industrial, Manufacturing",Eversource Energy (Formerly Western Massachusetts Elec Co),"316,852",Pioneer Cold
"335 Coney St, Walpole, MA 02032","$329,438","3,294","Industrial, Manufacturing",National Grid - Massachusetts,"274,532",
"3400 E 126th Pl, Chicago, IL 60633","$166,029","6,641","Industrial, Manufacturing",Commonwealth Edison Co,"553,431",Northpoint Development
"100 E Gloucester Pike, Barrington, NJ 08007","$315,701","3,221","Industrial, Manufacturing",Public Service Elec & Gas Co,"268,453",International Paper
"1000 S 2nd St, Sunbury, PA 17801","$114,822","5,741","Industrial, Manufacturing",PPL Electric Utilities Corp,"478,426",Weis Markets
"93 Entin Rd, Clifton, NJ 07014","$319,587","3,261","Industrial, Manufacturing",Public Service Elec & Gas Co,"271,758","Wea Enterprises Co., Inc."
"50 Life Lion Dr, Hummelstown, PA 17036","$68,068","3,403",Hospital,PPL Electric Utilities Corp,"453,785",John Dudick
"200 Ludlow Dr, Ewing Township, NJ 08638","$326,365","3,330","Industrial, Manufacturing",Public Service Elec & Gas Co,"277,521",Ludlow Properties LLC
"6801 West Side Ave, North Bergen, NJ 07047","$490,000","5,000","Industrial, Manufacturing",Public Service Elec & Gas Co,"450,334","6801 WESTSIDE AVENUE, L.L.C."
"2500 Enterprise Cir, Batavia, IL 60510","$163,580","6,543","Industrial, Manufacturing",Commonwealth Edison Co,"545,266","Ds Containers, Inc."
"20 Theodore Conrad Dr, Jersey City, NJ 07305","$490,000","5,000","Industrial, Manufacturing",Public Service Elec & Gas Co,"482,475",Sysco
"55 Orland Square Dr, Orland Park, IL 60462","$133,254","5,330","Retail, Strip Mall",Commonwealth Edison Co,"710,690","Simon Property Group Administrative Services Partnership, L.P."
"2050 State Rd, Lancaster, PA 17601","$103,830","5,192","Industrial, Manufacturing",PPL Electric Utilities Corp,"432,627",KELLOGG USA INC.
"980 Freeport Rd, Pittsburgh, PA 15238","$42,544","2,659","Retail, Strip Mall",Duquesne Light Co,"354,530",Waterworks Phase II
"550 Sunnyside Rd, Bedford, PA 15522",—,—,"Industrial, Manufacturing",West Penn Power Co,"452,053",Mark Devli
"6300 Beckley St, Baltimore, MD 21224","$150,326","2,211","Industrial, Manufacturing",Baltimore Gas & Electric Co,"184,223",Prologis
"4 Center Dr, North East, MD 21901","$235,892","4,289","Industrial, Manufacturing",Delmarva Power,"357,412",Benjamin Rubin
"421 Benigno Blvd, Bellmawr, NJ 08031","$254,430","2,596",Office,Public Service Elec & Gas Co,"346,163",US Postal Service
"5 Allstate Rd, Boston, MA 02125","$184,681","2,368","Retail, Strip Mall",Eversource Energy (Formerly NSTAR Electric Company),"315,694","Hd Development of Maryland, Inc."
"4311 Erdman Ave, Baltimore, MD 21213","$248,579","3,656","Industrial, Warehouse",Baltimore Gas & Electric Co,"304,631","Erdman Avenue Properties, Inc."
"165 Flanders Rd, Westborough, MA 01581","$650,000","6,500","Industrial, Warehouse",National Grid - Massachusetts,"546,375","CUMBERLAND FARMS, INC."
"47 Brunswick Ave, Edison, NJ 08817","$310,724","3,171","Industrial, Manufacturing",Public Service Elec & Gas Co,"264,221","Cabot Properties, Inc."
"15 Lofty Rd, McAdoo, PA 18237","$110,899","5,545","Industrial, Manufacturing",PPL Electric Utilities Corp,"462,079",
"765 US-202, Bridgewater, NJ 08807","$159,102","3,315","Industrial, Manufacturing",Jersey Central Power & Lt Co,"276,218",Township of Raritan Corporation
"2 Colony Rd, Jersey City, NJ 07305","$305,571","3,118","Industrial, Manufacturing",Public Service Elec & Gas Co,"259,839",Db USA Corporation
"130 Industrial Dr, Jersey City, NJ 07305","$312,823","3,192","Industrial, Manufacturing",Public Service Elec & Gas Co,"266,006",Db USA Corporation
"1135 Pleasant View Terrace, Ridgefield, NJ 07657","$298,630","3,047","Industrial, Manufacturing",Public Service Elec & Gas Co,"253,937",William Mack
"1910 Innovation Wy, Libertyville, IL 60048","$162,326","6,493","Industrial, Manufacturing",Commonwealth Edison Co,"541,086","Beco Management, Inc."
"3000 S Ashland Ave, Chicago, IL 60608","$157,762","6,310","Industrial, Manufacturing",Commonwealth Edison Co,"525,872",Mark Bullock
"185 NJ-36, West Long Branch, NJ 07764","$102,172","2,129",Office,Jersey Central Power & Lt Co,"283,812","185 Monmouth Parkway Associates, L.P."
"11 Distribution Blvd, Edison, NJ 08817","$302,037","3,082","Industrial, Manufacturing",Public Service Elec & Gas Co,"256,834","Linden Warehouse and Distribution Co., Inc."
"100 Commerce Dr, Franklin Township, NJ 08873","$264,586","2,700","Industrial, Manufacturing",Public Service Elec & Gas Co,"224,988",Giorgio Armani Parfums Div
"960 Flaherty Dr, New Bedford, MA 02745","$224,742","2,881","Industrial, Manufacturing",Eversource Energy (Formerly NSTAR Electric Company),"240,109",Communications Integrators
"1001 W Crossroads Pkwy, Romeoville, IL 60446","$160,379","6,415","Industrial, Manufacturing",Commonwealth Edison Co,"534,596",Prologis
"44 Bowditch Dr, Shrewsbury, MA 01545",—,—,"Industrial, Manufacturing",Shrewsbury Electric & Cable Operations,"319,169","Neles Automation Usa, Inc"
"24500 W 143rd St, Plainfield, IL 60544","$161,254","6,450","Industrial, Manufacturing",Commonwealth Edison Co,"537,512",
"2 Pulaski St, Bayonne, NJ 07002","$293,682","2,997","Industrial, Manufacturing",Public Service Elec & Gas Co,"249,730",130 BAYONNE PROPERTY OWNER LLC
"770 Cannery Rd, Northumberland, PA 17857","$113,692","5,685","Industrial, Manufacturing",PPL Electric Utilities Corp,"473,715",Furmano Foods
"93-125 Harbor Dr, Jersey City, NJ 07305","$302,551","3,087","Industrial, Manufacturing",Public Service Elec & Gas Co,"257,271",Db USA Corporation
"1425 Eden Road, York, PA 17402","$97,129","5,713","Industrial, Manufacturing",Metropolitan Edison Co,"476,124",York County Industrial Development Authority
"1 Lee Blvd, Malvern, PA 19355","$84,697","5,294","Industrial, Manufacturing",PECO Energy Co,"441,129",
"7101 Troy Hill Dr, Elkridge, MD 21075","$253,394","3,726","Industrial, Warehouse",Baltimore Gas & Electric Co,"310,532",Prologis
"1800 Central Rd, Mount Prospect, IL 60056","$156,554","6,262","Industrial, Manufacturing",Commonwealth Edison Co,"521,845",1800 W Central Owner LLC
"1251 US-9, Howell Township, NJ 07731","$99,199","2,067",Office,Jersey Central Power & Lt Co,"275,552",State of New Jersey
"300-302 Brush Creek Rd, Warrendale, PA 15086",—,—,Office,West Penn Power Co,"450,462",US Post Office
"11595 McConnell Rd, Woodstock, IL 60098","$158,685","6,347","Industrial, Manufacturing",Commonwealth Edison Co,"528,951","1530 McConnell, L.L.C."
"5000 W Roosevelt Rd, Chicago, IL 60644","$155,575","6,223","Industrial, Manufacturing",Commonwealth Edison Co,"518,582","Chicago Note Ventures, LLC"
"201 Jandus Rd, Cary, IL 60013","$160,707","6,428","Industrial, Manufacturing",Commonwealth Edison Co,"535,689","TV Real Estate, LLC"
"400 Winks Ln, Bensalem Township, PA 19020","$82,188","5,137","Industrial, Manufacturing",PECO Energy Co,"428,064",Ivy Equities Management
"875 W Crossroads Pkwy, Romeoville, IL 60446","$158,413","6,337","Industrial, Manufacturing",Commonwealth Edison Co,"528,043","Duke Secured Financing 2006, LLC"
"200 Riser Rd, Little Ferry, NJ 07643","$320,181","3,267","Industrial, Manufacturing",Public Service Elec & Gas Co,"272,263",Dassault Falcon Jet Corp.
"970 New Brunswick Ave, Rahway, NJ 07065","$303,021","3,092","Industrial, Manufacturing",Public Service Elec & Gas Co,"257,671",Rahway SD LLC
"483 Winthrop St, Medford, MA 02155","$202,190","2,022",Office,National Grid - Massachusetts,"269,586",Medford High School
"5555 W 115th St, Alsip, IL 60803","$155,486","6,219","Industrial, Manufacturing",Commonwealth Edison Co,"518,286","Alsip South Central, Inc."
"440 5th Ave, Chambersburg, PA 17201",—,—,"Industrial, Manufacturing",West Penn Power Co,"409,659",Tb Wood's Incorporated
"1 Earl Ct, Woodridge, IL 60517","$161,327","6,453","Industrial, Manufacturing",Commonwealth Edison Co,"537,758",Prologis
"815 Fairview Ave, Fairview, NJ 07022","$303,488","3,097","Industrial, Manufacturing",Public Service Elec & Gas Co,"258,068",
"455 Forest St, Marlborough, MA 01752","$319,534","3,195","Industrial, Manufacturing",National Grid - Massachusetts,"266,278",
"1 Wildcat Way, Weymouth, MA 02190","$198,824","1,988",Office,National Grid - Massachusetts,"265,098",Town Hall
"1200 Ingram Dr, Chambersburg, PA 17202",—,—,"Industrial, Warehouse",West Penn Power Co,"635,902",Ingram
"606 Chief Justice Cushing Hwy, Scituate, MA 02066","$188,182","1,882",Office,National Grid - Massachusetts,"250,910",Town of Scituate
"600 William S Canning Blvd, Fall River, MA 02721","$220,873","2,209","Retail, Strip Mall",National Grid - Massachusetts,"294,498",Market Basket
"515 Doremus Ave, Newark, NJ 07105","$303,032","3,092","Industrial, Manufacturing",Public Service Elec & Gas Co,"257,680",Cbre
"104 Commerce St, New Oxford, PA 17350","$96,790","5,694","Industrial, Manufacturing",Metropolitan Edison Co,"474,463",PCA Corrugated and Display LLC
"14400 McNulty Rd, Philadelphia, PA 19154","$81,020","5,064","Industrial, Manufacturing",PECO Energy Co,"421,977",Ivy Equities Management
"777 Central Blvd, Carlstadt, NJ 07072","$313,818","3,202","Industrial, Manufacturing",Public Service Elec & Gas Co,"266,852",Russo Development LLC
"3011 IL-176, Crystal Lake, IL 60014","$167,159","6,686","Industrial, Manufacturing",Commonwealth Edison Co,"557,196",SNAP-ON
"3200 S Central Ave, Cicero, IL 60804","$158,227","6,329","Industrial, Manufacturing",Commonwealth Edison Co,"527,423",Todd Pickard
"114 Tived Ln E, Edison, NJ 08837","$290,290","2,962","Industrial, Manufacturing",Public Service Elec & Gas Co,"246,845",Tived Lane LLC
"4581 Lower Valley Rd, Atglen, PA 19310","$81,717","5,107","Industrial, Manufacturing",PECO Energy Co,"425,609",International Paper
"700 High St, Hackettstown, NJ 07840","$162,073","3,377","Industrial, Manufacturing",Jersey Central Power & Lt Co,"281,376",
"351 Holt Rd, North Andover, MA 01845","$319,966","3,200","Industrial, Manufacturing",National Grid - Massachusetts,"266,638",Atlantic Management Corp
"515 Fletchwood Rd, Elkton, MD 21921","$508,594","9,247","Industrial, Warehouse",Delmarva Power,"770,597",Realty Income Corporation
"109 Ohio St, Joliet, IL 60432","$156,896","6,276","Industrial, Manufacturing",Commonwealth Edison Co,"522,986",Robert Herold
"180 Hartwell Rd, Bedford, MA 01730","$229,520","2,943","Industrial, Manufacturing",Eversource Energy (Formerly NSTAR Electric Company),"245,214",Ilc Property LLC
"540 Glen Ave, Moorestown, NJ 08057","$244,815","2,498","Industrial, Manufacturing",Public Service Elec & Gas Co,"208,176","One Liberty Properties, Inc."
"380 Cranbury Rd, East Brunswick, NJ 08816","$100,845","2,101","School, Primary",Jersey Central Power & Lt Co,"280,125",East Brunswick Board of Education (inc)
"230 Forest St, Marlborough, MA 01752","$196,226","1,962",Office,National Grid - Massachusetts,"261,635",Atlantic-Marlboro Realty III LLC
"1600 N State Route, Bourbonnais, IL 60914","$125,981","5,039","Retail, Strip Mall",Commonwealth Edison Co,"671,898",Namdar Realty Group LLC
"3030 Waterview Ave, Baltimore, MD 21230","$255,998","3,765","Industrial, Warehouse",Baltimore Gas & Electric Co,"313,723",Continental Realty Corporation
"437 Tower Blvd, Carol Stream, IL 60188","$156,740","6,270","Industrial, Manufacturing",Commonwealth Edison Co,"522,468",Corportion of The Prsding Bshp
"100 Behmer Rd, Piscataway, NJ 08854","$257,917","2,632","School, Primary",Public Service Elec & Gas Co,"350,908",Township of Union
"1002 Wayne Ave, Chambersburg, PA 17202",—,—,"Industrial, Manufacturing",West Penn Power Co,"402,581",Baywatch Fisheries
"50 Meister Ave, Branchburg, NJ 08876","$169,326","3,528","Industrial, Manufacturing",Jersey Central Power & Lt Co,"293,969",50 Meister Holding LLC
"8201 Stayton Dr, Jessup, MD 20794","$160,502","2,360","Industrial, Warehouse",Baltimore Gas & Electric Co,"196,694","8201 Associates, LLC"
"62 Quarry Rd, Downingtown, PA 19335","$65,690","4,106","Retail, Strip Mall",PECO Energy Co,"547,416","BRANDYWINE SQUARE, LP"
"600 S Hicks Rd, Rolling Meadows, IL 60008","$154,212","6,168","Industrial, Manufacturing",Commonwealth Edison Co,"514,039",Northrop Grumman Intl Trdg
"11614 S Austin Ave, Alsip, IL 60803","$150,731","6,029","Industrial, Manufacturing",Commonwealth Edison Co,"502,438","Cabot Industrial Core Fund II Operating Partnership, L.P."
"895 Boston Post Rd E, Marlborough, MA 01752","$312,274","3,123","Industrial, Manufacturing",National Grid - Massachusetts,"260,229",Raytheon
"999 S Grand St, Hammonton, NJ 08037","$358,682","3,776","Industrial, Manufacturing",Atlantic City Electric Co,"314,633",Hammonton Complex LLC
"1500 Almonesson Rd, Woodbury, NJ 08096","$262,122","2,759","Retail, Strip Mall",Atlantic City Electric Co,"367,890",Dlc Management Corporation
"6225 E Minooka Rd, Minooka, IL 60447","$155,531","6,221","Industrial, Manufacturing",Commonwealth Edison Co,"518,437",Lxp Industrial Trust
"501 Advantage Ave, Aberdeen, MD 21001","$252,517","3,713","Industrial, Warehouse",Baltimore Gas & Electric Co,"309,457",1415 Perryman Road LLC
"750 Oak Hill Rd, Mountain Top, PA 18707","$108,150","5,408","Industrial, Manufacturing",PPL Electric Utilities Corp,"450,626",Svc Manufacturing Inc
"1050 Westminster St, Westminster, MA 01473","$197,347","1,973",Office,National Grid - Massachusetts,"263,129",
"97 Lanes Mill Rd, Howell Township, NJ 07731","$110,715","2,307","Retail, Strip Mall",Jersey Central Power & Lt Co,"307,541",Lowe's
"1371 Center Mills Rd, Aspers, PA 17304","$93,959","5,527","Industrial, Manufacturing",Metropolitan Edison Co,"460,584",
"400 Woodbine Ave, Woodbridge Township, NJ 07001","$298,317","3,044","Industrial, Manufacturing",Public Service Elec & Gas Co,"253,671",Ngbw LLC
"1532 S Washington Ave, Piscataway, NJ 08854","$299,318","3,054","Industrial, Manufacturing",Public Service Elec & Gas Co,"254,522",Srour Property LLC
"112 Rues Ln, East Brunswick, NJ 08816","$100,739","2,099","School, Primary",Jersey Central Power & Lt Co,"279,831",Middlesex County Vocational & Technical High Schools (inc)
"1800 S Wolf Rd, Des Plaines, IL 60018","$155,582","6,223","Industrial, Manufacturing",Commonwealth Edison Co,"518,607",La Grou Cold Storage Partnr
"10 Emery St, Bethlehem, PA 18015","$194,352","9,718","Industrial, Warehouse",PPL Electric Utilities Corp,"809,800",Prologis
"9201 W Belmont Ave, Franklin Park, IL 60131","$154,451","6,178","Industrial, Manufacturing",Commonwealth Edison Co,"514,838",Ryan Ingle
"615 Alpha Dr, Pittsburgh, PA 15238","$54,789","3,424","Industrial, Manufacturing",Duquesne Light Co,"285,360",North Lanes
"450 Oak Tree Ave, South Plainfield, NJ 07080","$290,622","2,966","Industrial, Manufacturing",Public Service Elec & Gas Co,"247,127",Jetro Cash & Carry
"81 New England Ave, Piscataway, NJ 08854","$287,885","2,938","Industrial, Manufacturing",Public Service Elec & Gas Co,"244,800",Cosm Cosmair
"281 NJ-10, Roxbury Township, NJ 07876","$119,185","2,483","Retail, Strip Mall",Jersey Central Power & Lt Co,"331,070",Fidelity Properties
"2631 MacArthur Rd, Whitehall Township, PA 18052","$74,360","3,718","Retail, Strip Mall",PPL Electric Utilities Corp,"495,730","Ard Mac Commons, LLC"
"10 Corn Rd, South Brunswick Township, NJ 08810","$295,630","3,017","Industrial, Manufacturing",Public Service Elec & Gas Co,"251,386",Centerpoint Properties Trust
"8 Germak Dr, Carteret, NJ 07008","$381,438","3,892","Industrial, Manufacturing",Public Service Elec & Gas Co,"324,352","A. J. Richard & Sons, Inc."
"500 Green St, Woodbridge Township, NJ 07095","$280,549","2,863","Industrial, Manufacturing",Public Service Elec & Gas Co,"238,562",374 Green Street LLC
"2991 Cranberry Hwy, Wareham, MA 02538","$167,145","2,143","Retail, Strip Mall",Eversource Energy (Formerly NSTAR Electric Company),"285,718",Amy Harris
"300 Mac Ln, Woodbridge Township, NJ 08832","$298,231","3,043","Industrial, Manufacturing",Public Service Elec & Gas Co,"253,598",Raritan Center Bussiness Park
"480 Sprague St, Dedham, MA 02026","$223,230","2,862","Industrial, Manufacturing",Eversource Energy (Formerly NSTAR Electric Company),"238,494",Aew Real Estate Advisors
"1501 Perryman Rd, Aberdeen, MD 21001","$474,091","6,972","Industrial, Warehouse",Baltimore Gas & Electric Co,"580,994",Prologis
"1657 S Highland Ave, Baltimore, MD 21224","$255,255","3,754","Industrial, Warehouse",Baltimore Gas & Electric Co,"312,813",South Highland Avenue LLC
"203 Yorktown Shopping Center, Lombard, IL 60148","$123,137","4,925","Retail, Strip Mall",Commonwealth Edison Co,"656,731",Reserve At Yorktown LLC
"1500 Broening Hwy, Baltimore, MD 21224","$218,635","3,215","Industrial, Warehouse",Baltimore Gas & Electric Co,"267,935",Duke Realty
"684 21st Ave, Paterson, NJ 07513","$268,823","2,743","Industrial, Manufacturing",Public Service Elec & Gas Co,"228,591",THE OKONITE COMPANY
"4100 Rock Creek Blvd, Joliet, IL 60431","$151,610","6,064","Industrial, Manufacturing",Commonwealth Edison Co,"505,366","First Industrial Realty Trust, Inc."
"360 Independence Ave, Mechanicsburg, PA 17055","$199,250","9,963","Industrial, Warehouse",PPL Electric Utilities Corp,"830,210",
"200 Industrial Ave, Teterboro, NJ 07608","$247,328","2,524",Office,Public Service Elec & Gas Co,"336,501",US Post Office
"609 Kirk Rd, St. Charles, IL 60174","$151,803","6,072","Industrial, Manufacturing",Commonwealth Edison Co,"506,010",Roy Splansky
"744 NJ-70, Brick Township, NJ 08723","$106,354","2,216","Retail, Strip Mall",Jersey Central Power & Lt Co,"295,427",BRICKTOWN VF L.L.C.
"1 Furniture Way, Swansea, MA 02777","$224,223","2,242","Retail, Standalone",National Grid - Massachusetts,"298,964",Cardis Furniture & Mattresses
"836 North St, Tewksbury, MA 01876","$318,863","3,189","Industrial, Manufacturing",National Grid - Massachusetts,"265,719","Rubenstein Partners, L.P."
"151 Bata Blvd, Belcamp, MD 21017","$234,766","3,452","Industrial, Warehouse",Baltimore Gas & Electric Co,"287,703",Timothy Weber
"755 US-202, Raritan, NJ 08869","$310,364","3,167","Industrial, Manufacturing",Public Service Elec & Gas Co,"263,915",Fisher Fair Lawn
"8999 Palmer St, River Grove, IL 60171","$152,106","6,084","Industrial, Manufacturing",Commonwealth Edison Co,"507,020",Partners Group (usa) Inc.
"600 Mayer St, Bridgeville, PA 15017","$51,156","3,197","Industrial, Manufacturing",Duquesne Light Co,"266,440",Universal Stainless Alloy Pdts
"541-599 Braddock Ave, East Pittsburgh, PA 15112","$90,002","5,625","Industrial, Warehouse",Duquesne Light Co,"468,762",The Ridc Regional Growth Fund
"4200 Forbes Ave, Pittsburgh, PA 15213","$32,839","2,052",Office,Duquesne Light Co,"273,661",Fire Dept-Engine 18
"200 Schoolhouse Rd, Monroe Township, NJ 08831","$97,443","2,030","School, Primary",Jersey Central Power & Lt Co,"270,676",Fire Department
"1053 N Schmidt Rd, Romeoville, IL 60446","$150,897","6,036","Industrial, Manufacturing",Commonwealth Edison Co,"502,991",Prologis
"800 Airport Rd, Lakewood, NJ 08701","$150,305","3,131","Industrial, Manufacturing",Jersey Central Power & Lt Co,"260,946",Drinking Water Education Inc
"3850 Mystic Valley Pkwy, Medford, MA 02155","$217,429","2,174","Retail, Strip Mall",National Grid - Massachusetts,"289,905",Blackstone
"295 Raritan Center Pkwy, Edison, NJ 08837","$287,716","2,936","Industrial, Manufacturing",Public Service Elec & Gas Co,"244,656",Raritan Center Bussiness Park
"450 Central Ave, University Park, IL 60484","$152,201","6,088","Industrial, Manufacturing",Commonwealth Edison Co,"507,335",Lineage Logistics
"1301 Edison Hwy, Baltimore, MD 21213","$250,730","3,687","Industrial, Warehouse",Baltimore Gas & Electric Co,"307,267",Kenneth Levy
"1020 Airport 100 Way, Hanover, MD 21076","$262,288","3,857","Industrial, Warehouse",Baltimore Gas & Electric Co,"321,431","Clarion Partners, LLC"
"400 Frankfort Rd, Monaca, PA 15061","$53,163","3,323","Industrial, Manufacturing",Duquesne Light Co,"276,890",Bvpv Styrenics LLC
"501 E 151st St, Phoenix, IL 60426","$151,434","6,057","Industrial, Manufacturing",Commonwealth Edison Co,"504,779","Agnl Freezer Tn, L.L.C."
"2575 Enterprise Cir, West Chicago, IL 60185","$150,541","6,022","Industrial, Manufacturing",Commonwealth Edison Co,"501,804",2575 Enterprise Circle LLC
"121 Bata Blvd, Belcamp, MD 21017","$246,566","3,626","Industrial, Warehouse",Baltimore Gas & Electric Co,"302,164",Timothy Weber
"1601 Trapelo Rd, Waltham, MA 02451","$136,965","1,756",Office,Eversource Energy (Formerly NSTAR Electric Company),"234,129",Boston Properties
"150 Thorn Hill Rd, Warrendale, PA 15086",—,—,"Industrial, Manufacturing",West Penn Power Co,"423,202",North Lanes
"400 Commerce Blvd, Carlstadt, NJ 07072","$302,735","3,089","Industrial, Manufacturing",Public Service Elec & Gas Co,"257,428","570 Commerce Boulevard, LLC"
"135 American Legion Hwy, Revere, MA 02151","$589,979","5,900","Industrial, Warehouse",National Grid - Massachusetts,"491,649","Clarion Partners, LLC"
"34 Maple St, Milford, MA 01757","$298,352","2,984","Industrial, Manufacturing",National Grid - Massachusetts,"248,627",Waters
"19 Crows Mill Rd, Woodbridge Township, NJ 08832","$399,131","4,073","Industrial, Manufacturing",Public Service Elec & Gas Co,"339,397",Prologis
"2400 Dralle Rd, University Park, IL 60484","$375,000","15,000","Industrial, Manufacturing",Commonwealth Edison Co,"1,338,063",Lba Realty LLC
"2700 Regional Rd, Dighton, MA 02764","$182,549","1,825",Office,National Grid - Massachusetts,"243,399",Town of Seekonk
"1088 Corregidor Rd, Dixon, IL 61021","$140,969","5,639","Industrial, Manufacturing",Commonwealth Edison Co,"469,895","Allied-Locke Industries, Incorporated"
"147 N Main St, Deerfield, MA 01373","$193,246","3,332","Industrial, Manufacturing",Eversource Energy (Formerly Western Massachusetts Elec Co),"277,652",Pelican
"60 Williams St, Taunton, MA 02780","$185,881","1,859",Office,National Grid - Massachusetts,"247,841",City of Taunton
"815 Bluff Rd, Romeoville, IL 60446","$148,723","5,949","Industrial, Manufacturing",Commonwealth Edison Co,"495,742",Suzanne Casagrande
"1330 Campus Pkwy, Wall Township, NJ 07753","$149,091","3,106","Industrial, Manufacturing",Jersey Central Power & Lt Co,"258,838","1330 Campus Parkway, LLC"
"2200 Tanger Blvd, Washington, PA 15301",—,—,"Retail, Strip Mall",West Penn Power Co,"473,197",Tanger
"1000 Prince Georges Blvd, Upper Marlboro, MD 20774","$198,447","2,918","Industrial, Warehouse",Baltimore Gas & Electric Co,"243,195","AMAZON FULFILLMENT SERVICES, INC."
"135 National Rd, Edison, NJ 08817","$329,786","3,365","Industrial, Manufacturing",Public Service Elec & Gas Co,"280,430",Silgan
"1201 Wicomico St, Baltimore, MD 21230","$133,208","1,959","Industrial, Manufacturing",Baltimore Gas & Electric Co,"163,245","Ddc Development, LLC"
"10 Main St, Tewksbury, MA 01876","$220,298","2,203","Retail, Strip Mall",National Grid - Massachusetts,"293,730",Valley Properties Inc
"112 Port Jersey Blvd, Jersey City, NJ 07305","$283,456","2,892","Industrial, Manufacturing",Public Service Elec & Gas Co,"241,034",Db USA Corporation
"26 N Front St, New Bedford, MA 02740","$220,682","2,829","Industrial, Manufacturing",Eversource Energy (Formerly NSTAR Electric Company),"235,771","SHORELINE RESOURCES, LLC"
"34 Engelhard Ave, Woodbridge Township, NJ 07001","$286,903","2,928","Industrial, Manufacturing",Public Service Elec & Gas Co,"243,965",Ngbw LLC
"8010 Quarry Rd, Alburtis, PA 18011","$167,177","8,359","Industrial, Warehouse",PPL Electric Utilities Corp,"696,571",Lower Macungie Township
"11 Applegate Dr, Robbinsville Township, NJ 08691","$146,585","3,054","Industrial, Manufacturing",Jersey Central Power & Lt Co,"254,488",Ares
"6710 Baymeadow Dr, Glen Burnie, MD 21060","$222,446","3,271","Industrial, Warehouse",Baltimore Gas & Electric Co,"272,605",
"3500 E College Ave, State College, PA 16801",—,—,"Industrial, Manufacturing",West Penn Power Co,"420,820","Dale Summit Acquisitions, L.P."
"67 E Canal St, Alloway Township, NJ 08001","$353,352","3,719","Industrial, Manufacturing",Atlantic City Electric Co,"309,958",Chemours
"14908 S Gougar Rd, Lockport, IL 60491","$151,382","6,055","Industrial, Manufacturing",Commonwealth Edison Co,"504,607",ML Realty Partners LP
"1401 Wheaton Ave, Millville, NJ 08332","$363,384","3,825","Industrial, Manufacturing",Atlantic City Electric Co,"318,758",Mt 1401 LLC
"14841 Sweitzer Ln, Laurel, MD 20707","$251,572","3,700","Industrial, Warehouse",Baltimore Gas & Electric Co,"308,299",UPS
"235 Hartford Rd, Medford, NJ 08055","$240,931","2,536","School, Primary",Atlantic City Electric Co,"338,149",Lenape Regional High School District
"5445 W 73rd St, Bedford Park, IL 60638","$141,824","5,673","Industrial, Manufacturing",Commonwealth Edison Co,"472,747",Tiaa
"800 Cottontail Ln, Franklin Township, NJ 08873","$244,841","2,498","Industrial, Manufacturing",Public Service Elec & Gas Co,"208,198",Roble Jackson
"21751 Jason Rasmussen Dr, Sauk Village, IL 60411","$145,789","5,832","Industrial, Manufacturing",Commonwealth Edison Co,"485,962",Vhe 2 Arizona LLC
"1 Medline Pl, Mundelein, IL 60060","$147,757","5,910","Industrial, Manufacturing",Commonwealth Edison Co,"492,523",Caring International
"7659 Solley Rd, Riviera Beach, MD 21226","$276,057","4,060","Industrial, Warehouse",Baltimore Gas & Electric Co,"338,305","Gll US Office, L.P."
"2200 New Brunswick Ave, Piscataway, NJ 08854","$262,391","2,677","Industrial, Manufacturing",Public Service Elec & Gas Co,"223,122","Middlesex, County of (inc)"
"70 Worcester-Providence Turnpike, Millbury, MA 01527","$215,675","2,157","Retail, Strip Mall",National Grid - Massachusetts,"287,567","Ws Asset Management, Inc."
"3400 Wolf Rd, Franklin Park, IL 60131","$146,399","5,856","Industrial, Manufacturing",Commonwealth Edison Co,"487,996",David Quas
"7 Costco Dr, Monroe Township, NJ 08831","$146,272","3,047","Industrial, Manufacturing",Jersey Central Power & Lt Co,"253,945",Gary Edwards
"1 Buckingham Ave, Perth Amboy, NJ 08861","$282,994","2,888","Industrial, Manufacturing",Public Service Elec & Gas Co,"240,641",May Newark Owner LLC
"1415 Magellan Rd, Hanover, MD 21076","$259,160","3,811","Industrial, Warehouse",Baltimore Gas & Electric Co,"317,598","Marsteller Rock, LLC"
"3 Enterprise Ave N, Secaucus, NJ 07094","$291,148","2,971","Industrial, Manufacturing",Public Service Elec & Gas Co,"247,575",PLDAB LLC
"2400 N 3rd St, Union, NJ 07083","$104,651","2,180","School, Primary",Jersey Central Power & Lt Co,"290,697",Township of Union
"125 Chestnut St, Hatfield, MA 01088","$193,218","3,331","Industrial, Manufacturing",Eversource Energy (Formerly Western Massachusetts Elec Co),"277,611",Brockway-Smith Company
"3451 S Chicago St, Elwood, IL 60421","$172,280","6,891","Industrial, Manufacturing",Commonwealth Edison Co,"574,267","3451 Building, LLC"
"907 Market St, Philadelphia, PA 19107","$45,955","2,872",Office,PECO Energy Co,"382,957",Preit
"90 Pleasant Valley St, Methuen, MA 01844","$209,585","2,096","Retail, Strip Mall",National Grid - Massachusetts,"279,446",Wilder Real Estate MGT VT
"1600 Ritchie Ct, Rochelle, IL 61068","$144,281","5,771","Industrial, Manufacturing",Commonwealth Edison Co,"480,936","1600 Ritchie Court, LLC"
"6090 Dorsey Rd, Hanover, MD 21076","$239,928","3,528","Industrial, Warehouse",Baltimore Gas & Electric Co,"294,030","PINEY RUN ROCK I, LLC"
"750 Union Ave, Union, NJ 07083","$151,266","3,151","Industrial, Manufacturing",Jersey Central Power & Lt Co,"262,615",Jpmorgan Chase
"1300 Wheaton Ave, Millville, NJ 08332","$345,520","3,637","Industrial, Manufacturing",Atlantic City Electric Co,"303,088",1300 Wheaton LLC
"501 Kentile Rd, South Plainfield, NJ 07080","$396,557","4,046","Industrial, Manufacturing",Public Service Elec & Gas Co,"337,208","Americold Realty Trust, Inc."
"30 Tower Rd, South Brunswick Township, NJ 08810","$285,730","2,916","Industrial, Manufacturing",Public Service Elec & Gas Co,"242,968",Prologis
"258 Beacon St, Somerset, PA 15501",—,—,"Industrial, Manufacturing",West Penn Power Co,"413,939",Peter Leis
"192 Main St, Shrewsbury, MA 01546",—,—,Office,Shrewsbury Electric & Cable Operations,"289,016",
"550 Arsenal St, Watertown, MA 02472","$164,320","2,107","Retail, Strip Mall",Eversource Energy (Formerly NSTAR Electric Company),"280,888",ND 100 Metronorth LLC
"2100 Lincoln Hwy, Edison, NJ 08817","$322,978","3,296","Industrial, Manufacturing",Public Service Elec & Gas Co,"274,641",F4 EDISON LLC
"601 Kingsland Dr, Batavia, IL 60510","$146,689","5,868","Industrial, Manufacturing",Commonwealth Edison Co,"488,964",G&I X San Paloma LP
"26 S Middlesex Ave, Monroe Township, NJ 08831","$143,634","2,992","Industrial, Manufacturing",Jersey Central Power & Lt Co,"249,365",Morgan Stanley
"2780 McDonough St, Joliet, IL 60436","$143,884","5,755","Industrial, Manufacturing",Commonwealth Edison Co,"479,612",Timothy Weber
"3651 Birchwood Dr, Waukegan, IL 60085","$144,159","5,766","Industrial, Manufacturing",Commonwealth Edison Co,"480,531",Sater Vorys
"525 Lincoln St, Worcester, MA 01605","$210,436","2,104","Retail, Strip Mall",National Grid - Massachusetts,"280,581",Equity Residential
"7330 Carbide Rd, Pasadena, MD 21226","$246,196","3,621","Industrial, Warehouse",Baltimore Gas & Electric Co,"301,711",Katz Properties LLC
"2100 Roosevelt Ave, Springfield, MA 01104","$193,040","3,328","Industrial, Manufacturing",Eversource Energy (Formerly Western Massachusetts Elec Co),"277,357",GEMTECH
"21800 S Cicero Ave, Matteson, IL 60443","$147,802","5,912","Industrial, Manufacturing",Commonwealth Edison Co,"492,674","21800 S Cicero Ave, LLC"
"50 West Blvd, Newfield, NJ 08344","$337,681","3,555","Industrial, Manufacturing",Atlantic City Electric Co,"296,211",Columbia Care NY LLC
"2657 Merchant Dr, Baltimore, MD 21230","$258,931","3,808","Industrial, Warehouse",Baltimore Gas & Electric Co,"317,318","Almanac Realty Investors, LLC"
"2400 W Central Rd, Hoffman Estates, IL 60192","$143,113","5,725","Industrial, Manufacturing",Commonwealth Edison Co,"477,042","Broadstone Net Lease, Inc."
"50 Hartz Wy, Secaucus, NJ 07094","$272,701","2,783","Industrial, Manufacturing",Public Service Elec & Gas Co,"231,889","Hartz Construction Co., Inc."
"1225 Bengies Rd, Middle River, MD 21220","$240,597","3,538","Industrial, Warehouse",Baltimore Gas & Electric Co,"294,849","First Industrial Realty Trust, Inc."
"1465 Nitterhouse Dr, Chambersburg, PA 17201",—,—,"Industrial, Manufacturing",West Penn Power Co,"367,617",Eqt Exeter
"60 Steam Boat Blvd, Manchester, PA 17345","$91,730","4,586","Industrial, Manufacturing",PPL Electric Utilities Corp,"382,208",Art Mortgage Borrower Opco 200
"2359 Center Square Rd, Swedesboro, NJ 08085","$342,277","3,603","Industrial, Manufacturing",Atlantic City Electric Co,"300,243",Tiaa
"814 Pittsburgh McKeesport Blvd, West Mifflin, PA 15122","$31,448","1,965",Office,Duquesne Light Co,"262,066",
"785 Arch St, Carnegie, PA 15106","$31,099","1,944",Office,Duquesne Light Co,"259,158","Sumar, LLC"
"10 New Maple Ave, Montville, NJ 07058","$153,900","3,206","Industrial, Manufacturing",Jersey Central Power & Lt Co,"267,187","High Street Realty Company, LLC"
"268 S Finley Ave, Bernards, NJ 07920","$100,961","2,103","School, Primary",Jersey Central Power & Lt Co,"280,447",County of Hunterdon
"7300 Linder Ave, Skokie, IL 60077","$144,188","5,768","Industrial, Manufacturing",Commonwealth Edison Co,"480,625",ML Realty Partners LP
"1824 Dr Dennis Foreman Dr, Hamilton, NJ 08330","$203,851","2,146","School, Primary",Atlantic City Electric Co,"286,106",Greater Egg Harbor Regional High School District
"108 Industrial Dr, East Longmeadow, MA 01028","$302,677","3,027","Industrial, Manufacturing",National Grid - Massachusetts,"252,231",Tabb Realty LLC
"4851 Holabird Ave, Baltimore, MD 21224","$225,174","3,311","Industrial, Warehouse",Baltimore Gas & Electric Co,"275,949","Merchants Quail Properties, LLC"
"656 Warner Blvd, Taunton, MA 02780","$281,927","2,819","Industrial, Manufacturing",National Grid - Massachusetts,"234,939",Prysmian Group
"7501 Cermak Rd, Riverside, IL 60546","$115,503","4,620","Retail, Strip Mall",Commonwealth Edison Co,"616,014",The Feil Organization Inc
"1 Geoffrey Dr, Fairless Hills, PA 19030","$75,752","4,735","Industrial, Manufacturing",PECO Energy Co,"394,542",Richard Previdi
"1040 Swan Creek Dr, Baltimore, MD 21226","$249,157","3,664","Industrial, Warehouse",Baltimore Gas & Electric Co,"305,339",Prologis
"2800 Red Lion Rd, Philadelphia, PA 19114","$75,187","4,699","Industrial, Manufacturing",PECO Energy Co,"391,600",Southwark Metal Manufacturing Company
"1570 S Washington Ave, Piscataway, NJ 08854","$256,798","2,620","Industrial, Manufacturing",Public Service Elec & Gas Co,"218,366",Duke Realty
"1 Waterworks Rd, Freehold, NJ 07728","$89,787","1,871",Office,Jersey Central Power & Lt Co,"249,409",
"100 Shore Point Drive, Freehold, NJ 07728","$140,928","2,936","Industrial, Manufacturing",Jersey Central Power & Lt Co,"244,666",SILVER SHORE LAND COMPANY LLC
"12 Forge Pkwy, Franklin, MA 02038","$287,862","2,879","Industrial, Manufacturing",National Grid - Massachusetts,"239,885",Aew Real Estate Advisors
"584 US-130, Trenton, NJ 08691","$132,982","2,770","Industrial, Manufacturing",Jersey Central Power & Lt Co,"230,871","Mreic PA Altoona, LLC"
"112 114 Melrich Rd, East Windsor, NJ 08512","$143,626","2,992","Industrial, Manufacturing",Jersey Central Power & Lt Co,"249,350",Morgan Stanley
"2615 US-130, Cranbury, NJ 08512","$143,877","2,997","Industrial, Manufacturing",Jersey Central Power & Lt Co,"249,786","Estate of James Campbell, The"
"2885 W Diehl Rd, Naperville, IL 60563","$143,578","5,743","Industrial, Manufacturing",Commonwealth Edison Co,"478,594",2885 Diehl LLC
"1262 Vocke Rd, Cumberland, MD 21502","$155,805","5,194","Retail, Strip Mall",The Potomac Edison Co,"692,468",Rural King Farm & Home
"3926 Nazareth Pike, Bethlehem, PA 18020","$59,004","2,950",Office,PPL Electric Utilities Corp,"393,358",Bethlehem Retail Investors LLC
"1762 Kresson Rd, Cherry Hill Township, NJ 08003","$230,589","2,353","School, Primary",Public Service Elec & Gas Co,"313,727",County of Hunterdon
"1967 Eastern Ave, Verona, PA 15147","$48,584","3,037","Industrial, Manufacturing",Duquesne Light Co,"253,044",Morris Sampson Group Inc
"60 Chapin Rd, Montville, NJ 07058","$151,002","3,146","Industrial, Manufacturing",Jersey Central Power & Lt Co,"262,156","High Street Realty Company, LLC"
"854 Golf Ln, Bensenville, IL 60106","$139,715","5,589","Industrial, Manufacturing",Commonwealth Edison Co,"465,717",Catellus Development Corporation
"7448 Candlewood Rd, Hanover, MD 21076","$223,263","3,283","Industrial, Warehouse",Baltimore Gas & Electric Co,"273,607",7448 CANDLEWOOD ROAD LLC
"201 W Lincoln Hwy, Exton, PA 19341","$30,207","1,888","Restaurant, Full Service ",PECO Energy Co,"251,723",Kimco
"1717 Harvester Rd, West Chicago, IL 60185","$137,891","5,516","Industrial, Manufacturing",Commonwealth Edison Co,"459,637",Plymouth Reit
"900 Bilter Rd, Aurora, IL 60502","$140,506","5,620","Industrial, Manufacturing",Commonwealth Edison Co,"468,352",Prologis
"1735 Jersey Ave, North Brunswick Township, NJ 08902","$228,158","2,328","Industrial, Manufacturing",Public Service Elec & Gas Co,"194,012",PPREF/TP NORTH BRUNSWICK INDUSTRIAL LLC
"825 Bluff Rd, Romeoville, IL 60446","$139,063","5,563","Industrial, Manufacturing",Commonwealth Edison Co,"463,542",Campbell Hawaii Investor LLC
"8001 Industrial Blvd, Breinigsville, PA 18031","$143,994","7,200","Industrial, Warehouse",PPL Electric Utilities Corp,"599,973","Lre Portland, LLC"
"815 Tek Dr, Crystal Lake, IL 60014","$139,083","5,563","Industrial, Manufacturing",Commonwealth Edison Co,"463,610","Kpr U.S., L.L.C."
"380 Cooley St, Springfield, MA 01128","$136,489","2,353","Retail, Strip Mall",Eversource Energy (Formerly Western Massachusetts Elec Co),"313,767",Town & Country (ca) Station L.P.
"171 Padgette St, Chicopee, MA 01022",—,—,"Industrial, Manufacturing",Chicopee City of,"302,612","KENDALL PATIENT RECOVERY U.S., LLC"
"300 International Dr, Mount Olive, NJ 07828","$150,784","3,141","Industrial, Manufacturing",Jersey Central Power & Lt Co,"261,778",Exeter 300 Principio L.P.
"405 Nestle Way, Breinigsville, PA 18031","$93,178","4,659","Industrial, Manufacturing",PPL Electric Utilities Corp,"388,242",Primo Brands
"1330 Newark Rd, Toughkenamon, PA 19374","$71,929","4,496","Industrial, Manufacturing",PECO Energy Co,"374,629","Modern Mushroom Farms, Inc."
"755 Beechnut Dr, Pittsburgh, PA 15205","$88,938","5,559","Industrial, Warehouse",Duquesne Light Co,"463,221",Giant Eagle
"12519 S Burley Ave, Chicago, IL 60633","$138,578","5,543","Industrial, Manufacturing",Commonwealth Edison Co,"461,927",Northpoint Development
"575 Research Drive, Pittston, PA 18640","$61,514","3,076",Office,PPL Electric Utilities Corp,"410,095","575 Research Drive, LLC"
"1251 N Schmidt Rd, Romeoville, IL 60446","$138,203","5,528","Industrial, Manufacturing",Commonwealth Edison Co,"460,676","Duke Secured Financing 2006, LLC"
"3201 Pennsy Dr, Greater Landover, MD 20785","$209,105","3,075","Industrial, Warehouse",Baltimore Gas & Electric Co,"256,256","Black Creek Group, LLC"
"3901 Rock Creek Blvd, Joliet, IL 60431","$138,443","5,538","Industrial, Manufacturing",Commonwealth Edison Co,"461,475",Cbre
"1811 Cabin Branch Dr, Greater Landover, MD 20785","$299,800","4,409","Industrial, Warehouse",Baltimore Gas & Electric Co,"367,402",Tiaa
"3371 US-1, Lawrence Township, NJ 08648","$265,931","2,714","Retail, Strip Mall",Public Service Elec & Gas Co,"361,811",Federal Realty Investment Trust
"122 Granite St, Leominster, MA 01453","$179,665","1,797",Office,National Grid - Massachusetts,"239,553",Leominster Public Library
"100 N Miller St, Fairfield, PA 17320",—,—,"Industrial, Manufacturing",West Penn Power Co,"345,305","Berryville Graphics, Inc."
"1340 Tanyard Rd, Deptford, NJ 08080","$227,380","2,393","School, Primary",Atlantic City Electric Co,"319,130",
"500 McCarthy Dr, Lewisberry, PA 17339","$169,723","8,486","Industrial, Warehouse",PPL Electric Utilities Corp,"707,179",Prologis
"2550 W 35th St, Chicago, IL 60632","$136,628","5,465","Industrial, Manufacturing",Commonwealth Edison Co,"455,426","Cmp Chicago Business Center, LLC"
"1717 S Watkins Ave, Chicago, IL 60643","$136,909","5,476","Industrial, Manufacturing",Commonwealth Edison Co,"456,363",
"2900 Glassboro - Cross Keys Rd, Glassboro, NJ 08028","$316,213","3,329","Industrial, Manufacturing",Atlantic City Electric Co,"277,380",Joseph Fazzio
"456 N Internationale Pkwy, Minooka, IL 60447","$137,305","5,492","Industrial, Manufacturing",Commonwealth Edison Co,"457,682",Prologis Management
"1000 Dutch Ridge Rd, Beaver, PA 15009","$34,891","2,181","Retail, Strip Mall",Duquesne Light Co,"290,762",Heritage Valley Health System
"400 Nestle Way, Breinigsville, PA 18031","$279,533","13,977","Industrial, Warehouse",PPL Electric Utilities Corp,"1,164,719",Prologis Management
"8000 McKnight Rd, Pittsburgh, PA 15237","$34,350","2,147","Retail, Strip Mall",Duquesne Light Co,"286,247",Lrc McKnight Investors LLC
"838 N Delsea Dr, Clayton, NJ 08312","$316,721","3,334","Industrial, Manufacturing",Atlantic City Electric Co,"277,825",Novelis
"401 South St, Dalton, MA 01226","$194,301","3,350","Industrial, Manufacturing",Eversource Energy (Formerly Western Massachusetts Elec Co),"279,169","Ashuelot Park, LLC"
"9450 W Sergo Dr, La Grange Highlands, IL 60525","$133,788","5,352","Industrial, Manufacturing",Commonwealth Edison Co,"445,959",Mlrp Quaker LLC
"2301 Argonne Dr, Baltimore, MD 21218","$77,069","1,133",Outpatient,Baltimore Gas & Electric Co,"151,116",State of Maryland
"100 Rock Glenn Blvd, Havre de Grace, MD 21078","$241,568","3,552","Industrial, Warehouse",Baltimore Gas & Electric Co,"296,039",Cii Reit LLC
"2 Charles Ct, South Brunswick Township, NJ 08810","$216,333","2,207","Industrial, Manufacturing",Public Service Elec & Gas Co,"183,957","Arnd, LLC"
"1077 W Taylor Rd, Romeoville, IL 60446","$133,411","5,336","Industrial, Manufacturing",Commonwealth Edison Co,"444,703",Prologis
"100-170 Meadow Rd, Boston, MA 02136","$414,911","5,319","Industrial, Warehouse",Eversource Energy (Formerly NSTAR Electric Company),"443,281",Aew Real Estate Advisors
"3025 Commerce Center Blvd, Bethlehem, PA 18015","$191,754","9,588","Industrial, Warehouse",PPL Electric Utilities Corp,"798,977",Majestic Management Co.
"351 N Sumneytown Pike, North Wales, PA 19454","$44,703","2,794",Office,PECO Energy Co,"372,528",Merck
"76 Main St, North Reading, MA 01889",—,—,Office,Reading Municipal Light Department,"353,730",
"760 Cooper St, Agawam, MA 01001","$112,740","1,944",Office,Eversource Energy (Formerly Western Massachusetts Elec Co),"259,173",City O Agawam
"250 Enterprise Way, Pittston, PA 18640","$96,086","4,804","Industrial, Manufacturing",PPL Electric Utilities Corp,"400,358","400 Sathers, Llc."
"1100 Remington Blvd, Bolingbrook, IL 60490","$134,527","5,381","Industrial, Manufacturing",Commonwealth Edison Co,"448,424",John Bonino
"20 Elmwood Dr, Wilkes-Barre, PA 18702","$94,795","4,740","Industrial, Manufacturing",PPL Electric Utilities Corp,"394,981",Berry Plastics
"4825 S Lawndale Ave, Chicago, IL 60632","$131,781","5,271","Industrial, Manufacturing",Commonwealth Edison Co,"439,270",Brennan Investment Group
"705 Boulder Dr, Breinigsville, PA 18031","$149,007","7,450","Industrial, Warehouse",PPL Electric Utilities Corp,"620,862",Prologis
"5007 W 123rd St, Alsip, IL 60803","$136,203","5,448","Industrial, Manufacturing",Commonwealth Edison Co,"454,011",The Pauls Corporation LLC
"18 Norton Rd, East Brunswick, NJ 08816","$87,711","1,827","School, Primary",Jersey Central Power & Lt Co,"243,642",East Brunswick Realty LLC
"16825 Churnovic Ln, Crest Hill, IL 60435","$134,062","5,362","Industrial, Manufacturing",Commonwealth Edison Co,"446,873","Cabot Properties, Inc."
"18 Thatcher Rd, South Brunswick Township, NJ 08810","$211,658","2,160","Industrial, Manufacturing",Public Service Elec & Gas Co,"179,981",Forsgate Industrial
"200 Goodman Dr, Carlisle, PA 17013","$156,054","7,803","Industrial, Warehouse",PPL Electric Utilities Corp,"650,227",Goodman Associates
"260 Aster Street, Penn Hills Township, PA 15235","$29,353","1,835",Office,Duquesne Light Co,"244,605",
"668 Gravel Pike, East Greenville, PA 18041","$88,876","4,444","Industrial, Manufacturing",PPL Electric Utilities Corp,"370,316","Gravel 38, LLC"
"895 Upper Express Dr, Des Plaines, IL 60018","$134,212","5,368","Industrial, Manufacturing",Commonwealth Edison Co,"447,374",Aeroterm
"50 Otis St, Westborough, MA 01581","$264,960","2,650","Industrial, Manufacturing",National Grid - Massachusetts,"220,800",David Copabiarce
"4000 Township Line Rd, Bethlehem, PA 18020","$143,662","7,183","Industrial, Warehouse",PPL Electric Utilities Corp,"598,592",Just Born Quality Confections
"855 N Wood Dale Rd, Wood Dale, IL 60191","$133,139","5,326","Industrial, Manufacturing",Commonwealth Edison Co,"443,796",Prologis
"1351 Brass Mill Rd, Belcamp, MD 21017","$208,660","3,069","Industrial, Warehouse",Baltimore Gas & Electric Co,"255,711",James F Knott Realty Group
"879 Main St, Sayreville, NJ 08872","$139,063","2,897","Industrial, Manufacturing",Jersey Central Power & Lt Co,"241,428","Stn Realty Kentucky, LLC"
"1 NJ-37, Toms River, NJ 08753","$92,282","1,923","Retail, Strip Mall",Jersey Central Power & Lt Co,"256,340",Ashkenazy Acquisition Corp.
"203 Circuit Ave, West Springfield, MA 01089","$181,281","3,126","Industrial, Manufacturing",Eversource Energy (Formerly Western Massachusetts Elec Co),"260,461",U Name It Self Storage
"350 Alvin Dr, New Kensington, PA 15068","$46,772","2,923","Industrial, Manufacturing",Duquesne Light Co,"243,602","Broadstone Net Lease, Inc."
"3401 Mt Prospect Rd, Franklin Park, IL 60131","$133,205","5,328","Industrial, Manufacturing",Commonwealth Edison Co,"444,018",
"77 River Rd, Clifton, NJ 07014","$225,005","2,296","Industrial, Manufacturing",Public Service Elec & Gas Co,"191,331",Exelis
"351 Internationale Blvd, Bolingbrook, IL 60440","$133,061","5,322","Industrial, Manufacturing",Commonwealth Edison Co,"443,535",Jpmorganchase
"9999 Hamilton Blvd, Breinigsville, PA 18031","$55,790","2,789",Office,PPL Electric Utilities Corp,"371,933","Tierpoint, LLC"
"1805 Fashion Ct, Joppatowne, MD 21085","$212,353","3,123","Industrial, Warehouse",Baltimore Gas & Electric Co,"260,237","One Liberty Properties, Inc."
"601 S Wade Blvd, Millville, NJ 08332","$310,690","3,270","Industrial, Manufacturing",Atlantic City Electric Co,"272,535","Durand Glass Manufacturing Company, Inc."
"500 University Ct, Gloucester Township, NJ 08012","$309,932","3,262","Industrial, Manufacturing",Atlantic City Electric Co,"271,870","500 UNIVERSITY OWNER, LLC"
"611 Field Club Rd, Pittsburgh, PA 15238","$28,679","1,792",Office,Duquesne Light Co,"238,988",Fox Chapel Area School District
"125 Church St, Pembroke, MA 02359","$185,029","1,850","Retail, Strip Mall",National Grid - Massachusetts,"246,705","R.K. Pembroke, LLC"
"3254 N Mill Rd, Vineland, NJ 08360","$308,305","3,245","Industrial, Manufacturing",Atlantic City Electric Co,"270,443","High Street Realty Company, LLC"
"3050 Corporate Dr, DeKalb, IL 60115","$130,256","5,210","Industrial, Manufacturing",Commonwealth Edison Co,"434,187",3M
"555 Mt Pleasant Ave, Rockaway Township, NJ 07866","$89,664","1,868",Office,Jersey Central Power & Lt Co,"249,067",ROCK80 NJ HOLDINGS LLC
"1200 Cherry Hill Rd, Joliet, IL 60433","$130,661","5,226","Industrial, Manufacturing",Commonwealth Edison Co,"435,536",Ryan Ingle
"1707 Shearer Dr, Carlisle, PA 17013","$102,157","5,108","Industrial, Warehouse",PPL Electric Utilities Corp,"425,654",
"260 Prospect Plains Rd, East Windsor, NJ 08512","$133,304","2,777","Industrial, Manufacturing",Jersey Central Power & Lt Co,"231,430",Tiaa
"9425 Washington Blvd N, Laurel, MD 20723","$218,542","3,214","Industrial, Warehouse",Baltimore Gas & Electric Co,"267,821",Merritt Operations Corp
"225 Corporate Dr, Elgin, IL 60123","$130,764","5,231","Industrial, Manufacturing",Commonwealth Edison Co,"435,880",Prologis
"1717 Gifford Rd, Elgin, IL 60120","$133,693","5,348","Industrial, Manufacturing",Commonwealth Edison Co,"445,644",Frank Bilotta
"1884 IL-38, Ashton, IL 61006","$127,047","5,082","Industrial, Manufacturing",Commonwealth Edison Co,"423,491",Agnl Stabilizer L.L.C.
"500 Windsor St, York, PA 17403","$81,121","4,772","Industrial, Manufacturing",Metropolitan Edison Co,"397,650",Graham Packaging Company Inc.
"41 Jackson Valley Rd, Washington, NJ 07882","$91,944","1,916","School, Primary",Jersey Central Power & Lt Co,"255,401",Warren Hlls Regional High Schl
"111 Melrich Rd, East Windsor, NJ 08512","$131,827","2,746","Industrial, Manufacturing",Jersey Central Power & Lt Co,"228,866",Prologis
"3215 E 118th St, Chicago, IL 60633","$290,186","11,607","Industrial, Manufacturing",Commonwealth Edison Co,"967,286",
"1903 Washington Blvd, Baltimore, MD 21230","$224,651","3,304","Industrial, Warehouse",Baltimore Gas & Electric Co,"275,307",Samuel Himmelrich
"105 Commerce Dr, Aston Township, PA 19014","$67,865","4,242","Industrial, Manufacturing",PECO Energy Co,"353,466",Blackstone
"350 S Rohlwing Rd, Addison, IL 60101","$130,471","5,219","Industrial, Manufacturing",Commonwealth Edison Co,"434,905","High Street Realty Company, LLC"
"8301 Industrial Blvd, Breinigsville, PA 18031","$248,888","12,444","Industrial, Warehouse",PPL Electric Utilities Corp,"1,037,035",Prologis Management
"1340 Ridgeview Dr, McHenry, IL 60050","$129,643","5,186","Industrial, Manufacturing",Commonwealth Edison Co,"432,144","Vereit, Inc."
"750 Ridge Rd, South Brunswick Township, NJ 08852","$213,923","2,183","School, Primary",Public Service Elec & Gas Co,"291,052",
"340 Emig Rd, York, PA 17406","$82,140","4,107","Industrial, Manufacturing",PPL Electric Utilities Corp,"342,251",Timothy Weber
"275 Cross Farm Ln, York, PA 17406","$83,500","4,175","Industrial, Manufacturing",PPL Electric Utilities Corp,"347,918",Blackstone
"407 Heron Dr, Swedesboro, NJ 08085","$310,724","3,271","Industrial, Manufacturing",Atlantic City Electric Co,"272,565",Prologis
"1960 Eden Park Blvd, McKeesport, PA 15132","$28,863","1,804",Office,Duquesne Light Co,"240,526",
"150 Parish Dr, Wayne, NJ 07470","$137,215","2,859","Industrial, Manufacturing",Jersey Central Power & Lt Co,"238,220",Bae Systems Spectral Solutions LLC
"1400 S Jefferson St, Chicago, IL 60607","$128,829","5,153","Industrial, Manufacturing",Commonwealth Edison Co,"429,430",UPS
"401 E Tioga St, Philadelphia, PA 19134","$66,375","4,148","Industrial, Manufacturing",PECO Energy Co,"345,704",East Tioga Two LLC
"2550 Greensburg Pike, Pittsburgh, PA 15221","$28,766","1,798",Office,Duquesne Light Co,"239,719",Woodland Hills School District
"1700 Ritner Hwy, Carlisle, PA 17013","$155,514","7,776","Industrial, Warehouse",PPL Electric Utilities Corp,"647,974",Prologis
"1200 Arch St, Carnegie, PA 15106","$28,474","1,780",Office,Duquesne Light Co,"237,287",Carnegie Manufacturing
"4501 W Augusta Blvd, Chicago, IL 60651","$129,654","5,186","Industrial, Manufacturing",Commonwealth Edison Co,"432,179","Fslh, LLC"
"2601 Mason Rd, Elgin, IL 60124","$129,527","5,181","Industrial, Manufacturing",Commonwealth Edison Co,"431,755",York Mw LLC
"801 E Erie Ave, Philadelphia, PA 19134","$67,361","4,210","Industrial, Manufacturing",PECO Energy Co,"350,840",Liberty CC Holdings LLC
"300 E Crossroads Pkwy, Bolingbrook, IL 60440","$128,700","5,148","Industrial, Manufacturing",Commonwealth Edison Co,"428,999","Bolingbrook Property Partners, LLC"
"1250 S Collegeville Rd, Collegeville, PA 19426","$42,565","2,660",Outpatient,PECO Energy Co,"354,706",Glaxosmithkline Svcs Unlimited
"4300 W 130th St, Alsip, IL 60803","$129,085","5,163","Industrial, Manufacturing",Commonwealth Edison Co,"430,282","4251 W. 129th, LLC"
"1301 Oak Ave, Linwood, NJ 08221","$184,533","1,942","School, Primary",Atlantic City Electric Co,"258,994",Mainland Regional High School
"59 Gen Creighton W Abrams Dr, Agawam, MA 01001","$167,601","2,890","Industrial, Manufacturing",Eversource Energy (Formerly Western Massachusetts Elec Co),"240,806",PM US Owner LLC
"835 Washington St, Saint Marys, PA 15857",—,—,"Industrial, Manufacturing",West Penn Power Co,"374,229","Phoenix Investors, A Limited Liability Company"
"43 Valley View Dr, Jessup, PA 18403","$91,880","4,594","Industrial, Manufacturing",PPL Electric Utilities Corp,"382,832",Berkshire
"340 Curry Hollow Rd, Pleasant Hills, PA 15236","$32,435","2,027","Retail, Strip Mall",Duquesne Light Co,"270,294","Paul Property Management, L.P."
"1100 Clifford Ball Dr, Clinton, PA 15026","$81,023","5,064","Industrial, Warehouse",Duquesne Light Co,"421,997",Clinton Neyer Commerce V LLC
"715 Theodore Ct, Romeoville, IL 60446","$128,104","5,124","Industrial, Manufacturing",Commonwealth Edison Co,"427,015",Prologis
"17725 Volbrecht Rd, Lansing, IL 60438","$127,708","5,108","Industrial, Manufacturing",Commonwealth Edison Co,"425,694","TEC Leasing, Inc."
"389 Pottsville St Clair Hwy, Pottsville, PA 17901","$63,222","3,161","Retail, Strip Mall",PPL Electric Utilities Corp,"421,481",Pottsville Mall LLC
"251 Wille Rd, Des Plaines, IL 60018","$121,140","4,846","Industrial, Manufacturing",Commonwealth Edison Co,"403,800",Wille Road LLC
"2510 W Haven Ave, Joliet, IL 60433","$126,544","5,062","Industrial, Manufacturing",Commonwealth Edison Co,"421,814",Blackstone
"400 Keystone Industrial Park Rd, Dunmore, PA 18512","$89,003","4,450","Industrial, Manufacturing",PPL Electric Utilities Corp,"370,846",
"100 Industrial Dr, Jersey City, NJ 07305","$212,543","2,169","Industrial, Manufacturing",Public Service Elec & Gas Co,"180,734",Keystone Properties
"99 E Century Rd, Paramus, NJ 07652","$214,132","2,185","School, Primary",Public Service Elec & Gas Co,"291,336",
"6180 Morgantown Rd, Morgantown, PA 19543","$59,183","2,959","Retail, Strip Mall",PPL Electric Utilities Corp,"394,553","Mom II Associates, LLC"
"555 US-22, Bridgewater, NJ 08807","$84,889","1,769",Office,Jersey Central Power & Lt Co,"235,804",Johnson & Johnson
"100 Veka Dr, Fombell, PA 16123",—,—,"Industrial, Manufacturing",West Penn Power Co,"500,760",Veka Inc.
"4000 INDUSTRIAL AVE, MORRISTOWN, NJ 07960","$236,335","4,924","Industrial, Warehouse",Jersey Central Power & Lt Co,"410,305",Aew Real Estate Advisors
"314 NJ-18, East Brunswick, NJ 08816","$93,007","1,938","Retail, Strip Mall",Jersey Central Power & Lt Co,"258,352",Acadia
"505 N Sacramento Blvd, Chicago, IL 60612","$125,799","5,032","Industrial, Manufacturing",Commonwealth Edison Co,"419,329",Market Properties Incorporated
"411 Eisenhower Dr, Hanover, PA 17331","$55,544","3,267","Retail, Strip Mall",Metropolitan Edison Co,"435,640",Acl Development
"701 Interlake Dr, Pontiac, IL 61764","$123,506","4,940","Industrial, Manufacturing",Commonwealth Edison Co,"411,685",Shelving Direct
"1323 Brewster Creek Blvd, Bartlett, IL 60103","$126,775","5,071","Industrial, Manufacturing",Commonwealth Edison Co,"422,582",Cbre
"141 Lanza Ave, Garfield, NJ 07026","$238,907","2,438","School, Primary",Public Service Elec & Gas Co,"325,043",Garfield Bd Educatn Athc Dir
"3405 W Lincolnway, Sterling, IL 61081","$123,484","4,939","Industrial, Manufacturing",Commonwealth Edison Co,"411,615",Sterling Rail Services LLC
"1045 W Crossroads Pkwy, Romeoville, IL 60446","$125,054","5,002","Industrial, Manufacturing",Commonwealth Edison Co,"416,848",Ashley Furniture Homestore
"3501 Corporate Dr, Joliet, IL 60431","$123,358","4,934","Industrial, Manufacturing",Commonwealth Edison Co,"411,192",Prologis
"60 Leetsdale Industrial Dr, Leetsdale, PA 15056","$64,756","4,047","Industrial, Warehouse",Duquesne Light Co,"337,272",
"401 York Ave, Duryea, PA 18642","$88,946","4,447","Industrial, Manufacturing",PPL Electric Utilities Corp,"370,610","Pride Real Estate Management, L.L.C."
"1005 Airbrake Ave, Wilmerding, PA 15148","$28,178","1,761",Office,Duquesne Light Co,"234,818",Wilmerding Warehouse 2 LLC
"1425 Magellan Rd, Hanover, MD 21076","$223,424","3,286","Industrial, Warehouse",Baltimore Gas & Electric Co,"273,804",
"5250 Holabird Ave, Baltimore, MD 21224","$179,992","2,647","Industrial, Warehouse",Baltimore Gas & Electric Co,"220,579",Bentall Kennedy
"7200 Harrison Ave, Rockford, IL 61112","$101,228","4,049","Retail, Strip Mall",Commonwealth Edison Co,"539,882","Cbl/Cherryvale I, LLC"
"860 Nestle Way, Breinigsville, PA 18031","$145,835","7,292","Industrial, Warehouse",PPL Electric Utilities Corp,"607,645",Prologis
"280 US-9, Englishtown, NJ 07726","$91,240","1,901","Retail, Strip Mall",Jersey Central Power & Lt Co,"253,445",Pond View Estates
"1000 Armand Hammer Blvd, Pottstown, PA 19464","$141,558","8,847","Industrial, Warehouse",PECO Energy Co,"737,282",Bcw Associates Ltd
"1300 S Wolf Rd, Des Plaines, IL 60018","$146,457","5,858","Industrial, Manufacturing",Commonwealth Edison Co,"488,191","Juno Manufacturing, LLC"
"9747 Commerce Cir, Kutztown, PA 19530","$79,003","4,647","Industrial, Manufacturing",Metropolitan Edison Co,"387,270",Prologis
"901 Marcon Blvd, Allentown, PA 18109","$83,409","4,170","Industrial, Manufacturing",PPL Electric Utilities Corp,"347,537",B. Braun US Device Manufacturing LLC
"5 Industrial Dr W, Deerfield, MA 01373","$168,296","2,902","Industrial, Manufacturing",Eversource Energy (Formerly Western Massachusetts Elec Co),"241,804","Deerfield Industrial, LLC"
"10 Finishing Dr, Coatesville, PA 19320","$67,295","4,206","Industrial, Manufacturing",PECO Energy Co,"350,495",ISG PLATE INC.
"1201 Eden Road, York, PA 17402","$75,533","4,443","Industrial, Manufacturing",Metropolitan Edison Co,"370,259",KG Whiteford Limited Partnership
"882 S Rohlwing Rd, Addison, IL 60101","$124,559","4,982","Industrial, Manufacturing",Commonwealth Edison Co,"415,195",Blackstone
"2645 Federal Signal Dr, University Park, IL 60484","$126,282","5,051","Industrial, Manufacturing",Commonwealth Edison Co,"420,941",Federal Signal
"70 Logistics Dr, Carlisle, PA 17013","$143,756","7,188","Industrial, Warehouse",PPL Electric Utilities Corp,"598,982","Clarion Partners, LLC"
"1 Gateway Ct, Bolingbrook, IL 60440","$123,898","4,956","Industrial, Manufacturing",Commonwealth Edison Co,"412,994","Desert Sierra Properties, Inc."
"1295 State St, Springfield, MA 01111","$102,706","1,771",Office,Eversource Energy (Formerly Western Massachusetts Elec Co),"236,106",
"1200 N Milwaukee Ave, Glenview, IL 60025","$119,866","4,795","Industrial, Manufacturing",Commonwealth Edison Co,"399,553","ABT Electronics, Inc."
"10400 W North Ave, Melrose Park, IL 60160","$123,557","4,942","Industrial, Manufacturing",Commonwealth Edison Co,"411,858",Sean Zasche
"11110 Mall Cir, Waldorf, MD 20603",—,—,"Retail, Strip Mall",Southern Maryland Elec Coop Inc,"566,187",Glimcher
"10270 Mill Run Cir, Owings Mills, MD 21117","$80,385","1,182","Retail, Standalone",Baltimore Gas & Electric Co,"157,618",Kimco
"635 Northwest Ave, Northlake, IL 60164","$123,242","4,930","Industrial, Manufacturing",Commonwealth Edison Co,"410,805",Duke Realty
"7441 Candlewood Rd, Hanover, MD 21076","$211,743","3,114","Industrial, Warehouse",Baltimore Gas & Electric Co,"259,489","Frind-Candlewood, LLC"
"700 Boston Rd, Billerica, MA 01821","$178,153","1,782","Retail, Strip Mall",National Grid - Massachusetts,"237,537",Valley MB LLC
"903 Murray Rd, East Hanover, NJ 07936","$133,769","2,787","Industrial, Manufacturing",Jersey Central Power & Lt Co,"232,237",903 Murray Owner LLC
", SPRINGFIELD, MA 01101","$165,870","2,860","Industrial, Manufacturing",Eversource Energy (Formerly Western Massachusetts Elec Co),"238,319",Springfield Newspaper
"8911 Bethlehem Blvd, Sparrows Point, MD 21219","$113,404","1,668","Industrial, Manufacturing",Baltimore Gas & Electric Co,"138,976",8911 Bethlehem Blvd I LLC
"555 Hubbard Ave, Pittsfield, MA 01201","$110,097","1,898","Restaurant, Full Service ",Eversource Energy (Formerly Western Massachusetts Elec Co),"253,096",
"400 E North Ave., Carol Stream, IL 60188","$121,841","4,874","Industrial, Manufacturing",Commonwealth Edison Co,"406,138",Gphc
"639 S 10th St, Allentown, PA 18103","$82,813","4,141","Industrial, Manufacturing",PPL Electric Utilities Corp,"345,056",Aedc
"701 NJ-440, Jersey City, NJ 07304","$244,845","2,498","Retail, Strip Mall",Public Service Elec & Gas Co,"333,122",URBAN EDGE
"777 Wheeling Rd, Wheeling, IL 60090","$121,832","4,873","Industrial, Manufacturing",Commonwealth Edison Co,"406,105",Reynolds Foil Inc.
"1800 Averill Rd, Geneva, IL 60134","$119,996","4,800","Industrial, Manufacturing",Commonwealth Edison Co,"399,987",Prologis
"142 Pleasant St, Easthampton, MA 01027","$167,340","2,885","Industrial, Manufacturing",Eversource Energy (Formerly Western Massachusetts Elec Co),"240,431",Kheper LLC
"500 Pierce St, Franklin Township, NJ 08873","$205,180","2,094","Industrial, Manufacturing",Public Service Elec & Gas Co,"174,473",500 PIERCE STREET LLC
"380 Union St, West Springfield, MA 01089","$108,315","1,868","Industrial, Data Center",Eversource Energy (Formerly Western Massachusetts Elec Co),"249,001",Verizon Wireless
"191 Mulberry St, Newark, NJ 07102","$203,597","2,078",Office,Public Service Elec & Gas Co,"277,003",Housing Authority
"55 Neptune Blvd, Neptune City, NJ 07753","$77,491","1,614","School, Primary",Jersey Central Power & Lt Co,"215,254",
"2045 NJ-57, Hackettstown, NJ 07840","$95,883","1,998","Retail, Strip Mall",Jersey Central Power & Lt Co,"266,341",MANSFIELD PLAZA L.L.C.
"466 Raider Blvd, Hillsborough Township, NJ 08844","$87,853","1,830","School, Primary",Jersey Central Power & Lt Co,"244,036",Auten Road School Home & School Association
"159 Milford Rd, East Windsor, NJ 08520","$114,327","2,382","Industrial, Manufacturing",Jersey Central Power & Lt Co,"198,485",Db USA Corporation
"935 Riverdale St, West Springfield, MA 01089","$120,724","2,081","Retail, Strip Mall",Eversource Energy (Formerly Western Massachusetts Elec Co),"277,527",Retail Value Inc.
"100 Aspen Hill Rd, Somerville, NJ 08876","$132,730","2,765","Industrial, Manufacturing",Jersey Central Power & Lt Co,"230,434",James Gibson
"2650 Galvin Dr, Elgin, IL 60124","$123,151","4,926","Industrial, Manufacturing",Commonwealth Edison Co,"410,502",Peter Kaplan
"425 Piper Rd, West Springfield, MA 01089","$101,884","1,757",Office,Eversource Energy (Formerly Western Massachusetts Elec Co),"234,215",Town of West Springfield
"906 Murray Rd, East Hanover, NJ 07936","$131,277","2,735","Industrial, Manufacturing",Jersey Central Power & Lt Co,"227,911",906 Murray Owner LLC
"5000 S Menard Ave, Bedford Park, IL 60638","$119,974","4,799","Industrial, Manufacturing",Commonwealth Edison Co,"399,914",Gary Raymond
"1 Mid Valley Dr, Olyphant, PA 18447","$86,590","4,329","Industrial, Manufacturing",PPL Electric Utilities Corp,"360,791","Mericle Logistics, LLC"
"2310 Center Square Rd, Logan Township, NJ 08085","$289,215","3,044","Industrial, Manufacturing",Atlantic City Electric Co,"253,697","Cardinal Health, Inc."
"2039 Center Square Rd, Logan Township, NJ 08014","$289,988","3,053","Industrial, Manufacturing",Atlantic City Electric Co,"254,375",
"815 Kimberly Dr, Carol Stream, IL 60188","$121,538","4,862","Industrial, Manufacturing",Commonwealth Edison Co,"405,125",Prologis
"1860 W Jefferson Ave, Naperville, IL 60540","$243,318","9,733","Industrial, Warehouse",Commonwealth Edison Co,"811,061",Duke Realty
"7445 New Ridge Rd, Hanover, MD 21076","$195,758","2,879","Industrial, Warehouse",Baltimore Gas & Electric Co,"239,900",
"1350 Munger Rd, Bartlett, IL 60103","$120,338","4,814","Industrial, Manufacturing",Commonwealth Edison Co,"401,126",
"3380 McIntyre Square Dr, Ross Township, PA 15237","$30,325","1,895","Retail, Strip Mall",Duquesne Light Co,"252,705",
"21 Roadway Dr, Carlisle, PA 17015","$129,105","6,455","Industrial, Warehouse",PPL Electric Utilities Corp,"537,937",Blackstone
"63 Green Mountain Rd, Ringtown, PA 17967","$140,820","7,041","Industrial, Warehouse",PPL Electric Utilities Corp,"586,750","Mericle 61 Green Mountain, LLC"
"199 Boylston St, Newton, MA 02467","$137,352","1,761","Retail, Strip Mall",Eversource Energy (Formerly NSTAR Electric Company),"234,789",Liberty Tree Mall
"150 Allen Distribution Dr, Mechanicsburg, PA 17055","$132,701","6,635","Industrial, Warehouse",PPL Electric Utilities Corp,"552,922",
"901 W Crossroads Pkwy, Romeoville, IL 60446","$120,251","4,810","Industrial, Manufacturing",Commonwealth Edison Co,"400,836",Catellus Development Corp
"590 E Waterfront Dr, Homestead, PA 15120","$30,890","1,931","Retail, Strip Mall",Duquesne Light Co,"257,419","M & J Wilkow, Ltd."
"2201 Cumberland St, Lebanon, PA 17042","$55,043","3,238","Retail, Strip Mall",Metropolitan Edison Co,"431,707",LEBANON VALLEY MALL CO.
"201 S Wrangleboro Rd, Galloway, NJ 08205","$191,057","2,011","School, Primary",Atlantic City Electric Co,"268,150",Absegami High School
"1467 Perryman Rd, Aberdeen, MD 21001","$127,528","1,875","Industrial, Warehouse",Baltimore Gas & Electric Co,"156,284",Prologis
"1355 Remington Blvd, Bolingbrook, IL 60490","$117,556","4,702","Industrial, Manufacturing",Commonwealth Edison Co,"391,854",General Motors
"375 Spitzer Rd, Bartlett, IL 60103","$120,709","4,828","Industrial, Manufacturing",Commonwealth Edison Co,"402,363",Crystal Buck
"3003 English Creek Ave, Egg Harbor Township, NJ 08234","$193,671","2,039","Retail, Strip Mall",Atlantic City Electric Co,"271,819",English Quickmart Creek LLC
"4 Centerton Rd, Mount Laurel Township, NJ 08054","$221,167","2,257","Retail, Strip Mall",Public Service Elec & Gas Co,"300,907",Target
"1800 W Lake Shore Dr, Woodstock, IL 60098","$115,315","4,613","Industrial, Manufacturing",Commonwealth Edison Co,"384,383",Dura Bar Division
"300 Hunter Ln, Middletown, PA 17057","$77,453","3,873","Industrial, Manufacturing",PPL Electric Utilities Corp,"322,722",Blackstone
"1 Whitney Dr, Harmony, PA 16037",—,—,"Industrial, Manufacturing",West Penn Power Co,"338,300",Sysco
"333 South St, Shrewsbury, MA 01545",—,—,"Industrial, Manufacturing",Shrewsbury Electric & Cable Operations,"239,801",
"7561 Industrial Blvd, Allentown, PA 18106","$80,215","4,011","Industrial, Manufacturing",PPL Electric Utilities Corp,"334,229","Industrial Blvd, LP"
"500 N Osborne Ln, Aberdeen, MD 21001","$125,226","1,842","Industrial, Warehouse",Baltimore Gas & Electric Co,"153,463","First Industrial Realty Trust, Inc."
"651 Boulder Dr, Breinigsville, PA 18031","$122,887","6,144","Industrial, Warehouse",PPL Electric Utilities Corp,"512,030",Prologis
"6950 Aviation Blvd, Glen Burnie, MD 21061","$193,855","2,851","Industrial, Warehouse",Baltimore Gas & Electric Co,"237,567","RC Maryland, LLC"
"315 US-206, Hillsborough Township, NJ 08844","$86,902","1,810","Retail, Strip Mall",Jersey Central Power & Lt Co,"241,395",Lowe's
"401 S 3rd St, Millville, NJ 08332","$284,324","2,993","Industrial, Manufacturing",Atlantic City Electric Co,"249,407",Pmh Transmission
"83 Commerce Way, Woburn, MA 01801","$448,164","5,746","Industrial, Warehouse",Eversource Energy (Formerly NSTAR Electric Company),"478,808",83 COMMERCE WAY LLC
"754 NJ-35, Middletown Township, NJ 07748","$87,267","1,818","Retail, Strip Mall",Jersey Central Power & Lt Co,"242,408",Frank Bernstein
"125 N Hope Chapel Rd, Jackson Township, NJ 08527","$104,384","2,175","School, Primary",Jersey Central Power & Lt Co,"289,956",
"215 S Burlington Rd, Bridgeton, NJ 08302","$175,693","1,849",Office,Atlantic City Electric Co,"246,586",State of New Jersey
"1301 Railroad Ave, Midland, PA 15059","$41,153","2,572","Industrial, Manufacturing",Duquesne Light Co,"214,339",Baton Rouge Southern Railroad
"560 Walnut Bottom Rd, Shippensburg, PA 17257","$79,275","3,964","Industrial, Manufacturing",PPL Electric Utilities Corp,"330,314",
"91 First Ave, Covington Township, PA 18424","$82,412","4,121","Industrial, Manufacturing",PPL Electric Utilities Corp,"343,382","Americold Realty Trust, Inc."
"2279 Center Square Rd, Logan Township, NJ 08085","$283,250","2,982","Industrial, Manufacturing",Atlantic City Electric Co,"248,465",Prologis
"8900 W 50th St, McCook, IL 60525","$115,040","4,602","Industrial, Manufacturing",Commonwealth Edison Co,"383,465",
"2600 Brodhead Rd, Bethlehem, PA 18020","$125,767","6,288","Industrial, Warehouse",PPL Electric Utilities Corp,"524,031",Prologis
"555 St James Gate, Bolingbrook, IL 60440","$118,702","4,748","Industrial, Manufacturing",Commonwealth Edison Co,"395,672",Tlp 555 Saint James Gate LLC
"240 N Prospect St, Marengo, IL 60152","$116,756","4,670","Industrial, Manufacturing",Commonwealth Edison Co,"389,185",Unicarriers Forklift
"74 Demarest Dr, Wayne, NJ 07470","$115,963","2,416","Industrial, Manufacturing",Jersey Central Power & Lt Co,"201,325","Crp/Sg Edison Industrial Owner, L.L.C."
"20 Jaycee Dr, West Hazleton, PA 18202","$81,608","4,080","Industrial, Manufacturing",PPL Electric Utilities Corp,"340,035",Humboldt Industrial Supply Corporation
"336 Heinz St, Mechanicsburg, PA 17055","$78,968","3,948","Industrial, Manufacturing",PPL Electric Utilities Corp,"329,032","Hager Pacific Properties, LLC"
"4803 Hollins Ferry Rd, Halethorpe, MD 21227","$237,282","3,489","Industrial, Warehouse",Baltimore Gas & Electric Co,"290,787",
"515 Kehoe Blvd, Carol Stream, IL 60188","$118,561","4,742","Industrial, Manufacturing",Commonwealth Edison Co,"395,204",Prologis
"45 Logistics Dr, Carlisle, PA 17013","$136,597","6,830","Industrial, Warehouse",PPL Electric Utilities Corp,"569,152",Hillwood Investment Properties
"8340 Ardwick Ardmore Rd, Hyattsville, MD 20785","$196,571","2,891","Industrial, Warehouse",Baltimore Gas & Electric Co,"240,896",Prince George's County
"228 Raseley St, Berwick, PA 18603","$82,185","4,109","Industrial, Manufacturing",PPL Electric Utilities Corp,"342,438","Wise Foods, Inc."
"561 Clayton Rd, Monroe, NJ 08094","$179,378","1,888","School, Primary",Atlantic City Electric Co,"251,758",Oak Tree Pta
"1400 E Lackawanna Ave, Olyphant, PA 18447","$83,644","4,182","Industrial, Manufacturing",PPL Electric Utilities Corp,"348,515",Giorgio Foods
"505 Advantage Ave, Perryman, MD 21130","$207,007","3,044","Industrial, Warehouse",Baltimore Gas & Electric Co,"253,685",505 Advantage Way LLC
"2445 Springfield Ave, Union, NJ 07088","$86,577","1,804","Retail, Strip Mall",Jersey Central Power & Lt Co,"240,492","Tri-Block Associates, L.P."
"1350 Arthur Ave, Elk Grove Village, IL 60007","$113,676","4,547","Industrial, Manufacturing",Commonwealth Edison Co,"378,921",Prologis
"32599 N Wilson Rd, Round Lake, IL 60073","$125,830","5,033","Industrial, Manufacturing",Commonwealth Edison Co,"419,434",Baxter World Trade Corporation
"75 Reed Rd, Hudson, MA 01749",—,—,"Industrial, Manufacturing",Hudson Light & Power Department,"458,209",Intel
"77 Willowbrook Blvd, Wayne, NJ 07470","$88,385","1,841","Retail, Strip Mall",Jersey Central Power & Lt Co,"245,514",Kimco
"1501 Remington Blvd, Bolingbrook, IL 60490","$114,038","4,562","Industrial, Manufacturing",Commonwealth Edison Co,"380,125",Eqt Exeter
"1640 Internationale Pkwy, Woodridge, IL 60517","$115,388","4,616","Industrial, Manufacturing",Commonwealth Edison Co,"384,625",Robert Lubeck
"2460 Brodhead Rd, Bethlehem, PA 18020","$124,025","6,201","Industrial, Warehouse",PPL Electric Utilities Corp,"516,772",Ares
"2924 E 126th Pl, Chicago, IL 60633","$115,930","4,637","Industrial, Manufacturing",Commonwealth Edison Co,"386,433",Northpoint Development
"21 Wilbraham St, Palmer, MA 01069","$463,468","4,635","Industrial, Warehouse",National Grid - Massachusetts,"386,224",
"7529 Morris Ct, Allentown, PA 18106","$77,610","3,881","Industrial, Manufacturing",PPL Electric Utilities Corp,"323,376",Blackstone
"6767 W 75th St, Chicago, IL 60638","$111,895","4,476","Industrial, Manufacturing",Commonwealth Edison Co,"372,984",Fedex
"2211 Lakeside Blvd, Edgewood, MD 21040","$200,924","2,955","Industrial, Warehouse",Baltimore Gas & Electric Co,"246,230","Sugar Land Industrial Properties, LLC"
"3499 S Chicago St, Joliet, IL 60436","$115,214","4,609","Industrial, Manufacturing",Commonwealth Edison Co,"384,048",
"10100 Baltimore Ave, College Park, MD 20740","$124,223","1,941","Retail, Standalone",Potomac Electric Power Co,"258,797",I K E A
"81 Belvidere Rd, Perryville, MD 21903","$460,984","8,382","Industrial, Warehouse",Delmarva Power,"698,460",Lidl Spotsylvania Co
"9340 S Kostner Ave, Oak Lawn, IL 60453","$93,753","3,750","Retail, Strip Mall",Commonwealth Edison Co,"500,017","A3 HEALTH, INC."
"10320 Werch Dr, Woodridge, IL 60517","$117,425","4,697","Industrial, Manufacturing",Commonwealth Edison Co,"391,418",Prologis
"1260 E Woodland Ave, Springfield, PA 19064","$61,443","3,840","Industrial, Manufacturing",PECO Energy Co,"320,014",COMMONWEALTH REAL ESTATE
"191 Grand Ave, Clarion, PA 16214",—,—,"Industrial, Manufacturing",West Penn Power Co,"330,169",Clarion Laminates LLC
"3 Gateway Blvd, Oldmans Township, NJ 08067","$272,266","2,866","Industrial, Manufacturing",Atlantic City Electric Co,"238,830","Americold Realty Trust, Inc."
"1000 Westinghouse Dr, New Stanton, PA 15672",—,—,"Industrial, Manufacturing",West Penn Power Co,"315,144",Richard Erenberg
"2600 S 25th Ave, Broadview, IL 60155","$110,393","4,416","Industrial, Manufacturing",Commonwealth Edison Co,"367,977",Cre South 25th Member LLC
"2351 Century Dr, West Mifflin, PA 15122","$28,921","1,808","Retail, Strip Mall",Duquesne Light Co,"241,007",WAL-MART REAL ESTATE BUSINESS TRUST
"1400 Distribution Dr, Carlisle, PA 17013","$130,773","6,539","Industrial, Warehouse",PPL Electric Utilities Corp,"544,886",Prologis
"15 Pleasant View Dr, Mechanicsburg, PA 17050","$76,567","3,828","Industrial, Manufacturing",PPL Electric Utilities Corp,"319,031","Fry Communications, Inc."
"1100 Corporate Dr, McHenry, IL 60050","$112,493","4,500","Industrial, Manufacturing",Commonwealth Edison Co,"374,975",W.P. Carey
"5500 Spectrum Dr, Frederick, MD 21703","$195,529","6,518","Retail, Standalone",The Potomac Edison Co,"869,019",Nittany Mall
"999 Bilter Rd, Aurora, IL 60502","$115,240","4,610","Industrial, Manufacturing",Commonwealth Edison Co,"384,132",Prologis
"5600 W 73rd St, Bedford Park, IL 60638","$111,038","4,442","Industrial, Manufacturing",Commonwealth Edison Co,"370,128",
"6220 W 73rd St, Bedford Park, IL 60638","$111,237","4,449","Industrial, Manufacturing",Commonwealth Edison Co,"370,789",Blackstone
"4650 Shepherd Trail, Rockford, IL 61103","$113,121","4,525","Industrial, Manufacturing",Commonwealth Edison Co,"377,070",David Marks
"DYER LANE MALL, WILKES BARRE, PA 18701","$50,324","2,516",Office,PPL Electric Utilities Corp,"335,494",Nabil Abualburak
"776 S Eagle Valley Rd, Bellefonte, PA 16823",—,—,Office,West Penn Power Co,"320,488",Wingate Elementary School
"700 Kimberly Dr, Carol Stream, IL 60188","$110,336","4,413","Industrial, Manufacturing",Commonwealth Edison Co,"367,785",Carol Cbp Stream LLC
"1030 US-9, Old Bridge, NJ 08859","$84,337","1,757","Retail, Strip Mall",Jersey Central Power & Lt Co,"234,270",Bpg
"100 E Lancaster Ave, Penn Wynne, PA 19096","$35,054","2,191",Hospital,PECO Energy Co,"292,120",NEMOURS
"10220 Werch Dr, Woodridge, IL 60517","$116,005","4,640","Industrial, Manufacturing",Commonwealth Edison Co,"386,684",Prologis
"2200 Busse Rd, Elk Grove Village, IL 60007","$88,289","3,532","Retail, Strip Mall",Commonwealth Edison Co,"470,876",Matthew Mercier
"1600 Sequoia Dr, Aurora, IL 60506","$113,626","4,545","Industrial, Manufacturing",Commonwealth Edison Co,"378,755",Jll
"3347-51 Stokley St, Philadelphia, PA 19140","$58,313","3,645","Industrial, Manufacturing",PECO Energy Co,"303,715",Montenick Real Estate LLC
"101 Wildlife Lodge Rd, Lower Burrell, PA 15068","$28,640","1,790","Retail, Strip Mall",Duquesne Light Co,"238,664",
"225 S Highland Ave, Aurora, IL 60506","$112,159","4,486","Industrial, Manufacturing",Commonwealth Edison Co,"373,863",Shetland Properties
"2000 Ogden Ave, Aurora, IL 60504","$68,586","2,743",Office,Commonwealth Edison Co,"365,792","Copley Memorial Hospital, Inc."
"1 PRESTON AVE, NEW CASTLE, PA 16102",—,—,Office,Pennsylvania Power Co - FirstEnergy,"242,259",Ql Corporation
"14301 Mattawoman Dr, Brandywine, MD 20613","$295,974","4,625","Industrial, Warehouse",Potomac Electric Power Co,"385,383",Blackstone
"2540 W 18th St, Chicago, IL 60608","$108,496","4,340","Industrial, Manufacturing",Commonwealth Edison Co,"361,653",Yaman Shukairy
"7950 Oceano Ave, Jessup, MD 20794","$203,946","2,999","Industrial, Warehouse",Baltimore Gas & Electric Co,"249,934",Merchants Terminal Corporation
"7248 Industrial Blvd, Allentown, PA 18106","$118,759","5,938","Industrial, Warehouse",PPL Electric Utilities Corp,"494,829",Prologis Management
"1 Llodio Rd, Hermitage, PA 16148",—,—,"Industrial, Manufacturing",Pennsylvania Power Co - FirstEnergy,"241,868",
"207 Pitney Rd, Lancaster, PA 17601","$71,580","3,579","Industrial, Manufacturing",PPL Electric Utilities Corp,"298,252",Imperial Proc Corp Lunenburg
"2385 Bernville Rd, Reading, PA 19605","$45,153","2,656",Office,Metropolitan Edison Co,"354,139",Reading Regional Airport Authority
"5750 W 118th St, Alsip, IL 60803","$109,096","4,364","Industrial, Manufacturing",Commonwealth Edison Co,"363,653",Tlp 5750 118th LLC
"2700 Saucon Valley Rd, Upper Saucon Township, PA 18034","$116,427","5,821","Industrial, Warehouse",PPL Electric Utilities Corp,"485,111",Lone Star Fund V (us) L.P.
"25212 IL-120, Round Lake, IL 60073","$125,830","5,033","Industrial, Manufacturing",Commonwealth Edison Co,"419,434",Baxter World Trade Corporation
"1600 W Central Ave, Hanover Park, IL 60133","$109,012","4,360","Industrial, Manufacturing",Commonwealth Edison Co,"363,372",Prologis
", PARAMUS, NJ 07652","$186,890","1,907",Office,Public Service Elec & Gas Co,"254,272","Bergen, County of"
"1700 S Wolf Rd, Des Plaines, IL 60018","$151,188","6,048","Industrial, Manufacturing",Commonwealth Edison Co,"503,959","Lincoln Road Enterprises, LLC"
"543 Frontenac Ct, Naperville, IL 60563","$110,120","4,405","Industrial, Manufacturing",Commonwealth Edison Co,"367,066",
"9401 Gaither Rd, Gaithersburg, MD 20877","$269,098","4,205","Industrial, Warehouse",Potomac Electric Power Co,"350,388",UPS
"720 Center Ave, Carol Stream, IL 60188","$108,328","4,333","Industrial, Manufacturing",Commonwealth Edison Co,"361,094",Duke Realty
"3501 Mt Prospect Rd, Franklin Park, IL 60131","$108,352","4,334","Industrial, Manufacturing",Commonwealth Edison Co,"361,174",Aew Real Estate Advisors
"1833 W Ferry Rd, Naperville, IL 60563","$216,625","8,665","Industrial, Warehouse",Commonwealth Edison Co,"722,083",Terence Dedeaux
"191 E North Ave., Carol Stream, IL 60188","$106,372","4,255","Industrial, Manufacturing",Commonwealth Edison Co,"354,572",Prologis
"132 White Oak Rd, New Holland, PA 17557","$71,594","3,580","Industrial, Manufacturing",PPL Electric Utilities Corp,"298,308",Berk-Tek
"1500 Forest Glen Rd, Silver Spring, MD 20910","$96,475","1,507",Hospital,Potomac Electric Power Co,"200,990",Bryant Fougler
"200 Walsh Dr, Parsippany-Troy Hills, NJ 07054","$110,286","2,298","Industrial, Manufacturing",Jersey Central Power & Lt Co,"191,469","MONASTIR PROPERTIES II, L.P."
"219 Memorial Ave, West Springfield, MA 01089","$110,883","1,912","Retail, Strip Mall",Eversource Energy (Formerly Western Massachusetts Elec Co),"254,904","Cohen, Andrew"
"98 Raider Rd, North Brunswick Township, NJ 08902","$200,221","2,043","School, Primary",Public Service Elec & Gas Co,"272,409",Board of Education
"9701 E Roosevelt Blvd, Philadelphia, PA 19115","$43,467","2,717","Retail, Strip Mall",PECO Energy Co,"362,225",Kenneth Goldenberg
"8601 47th St, McCook, IL 60525","$109,194","4,368","Industrial, Manufacturing",Commonwealth Edison Co,"363,979",Heitman LLC
"2 Liz Way, Mount Pocono, PA 18344","$122,396","6,120","Industrial, Warehouse",PPL Electric Utilities Corp,"509,983",Ksg Coolbaughtwp LLC
"100 Mill Bridge Rd, Leechburg, PA 15656",—,—,"Industrial, Manufacturing",West Penn Power Co,"313,279","West Leechburg Holdings, LLC"
"2179 S Queen St, York, PA 17402","$42,211","2,483","School, Primary",Metropolitan Edison Co,"331,066",County of York
"13144 S Pulaski Rd, Alsip, IL 60803","$111,895","4,476","Industrial, Manufacturing",Commonwealth Edison Co,"372,982",David Levine
"553 Ave A, Leetsdale, PA 15056","$69,891","4,368","Industrial, Warehouse",Duquesne Light Co,"364,018",Buncher Company
"1001 Knell Rd, Montgomery, IL 60538","$106,206","4,248","Industrial, Manufacturing",Commonwealth Edison Co,"354,020",Ip Eat Three LLC
"7533 Industrial Park Way, Macungie, PA 18062","$131,347","6,567","Industrial, Warehouse",PPL Electric Utilities Corp,"547,279",Prologis
"1700 Cloister Dr, Lancaster, PA 17601","$71,110","3,555","Industrial, Manufacturing",PPL Electric Utilities Corp,"296,291","Hager Pacific Properties, LLC"
"1775 S Braddock Ave, Pittsburgh, PA 15218","$28,444","1,778","Retail, Strip Mall",Duquesne Light Co,"237,030",Edgewood Station LLC
"631 W Park Ave, Aurora, IL 60506","$106,405","4,256","Industrial, Manufacturing",Commonwealth Edison Co,"354,684",Transbulk Real Estate Limited Partnership
"9931 Mountain View Dr, West Mifflin, PA 15122","$27,909","1,744","Retail, Strip Mall",Duquesne Light Co,"232,571",LMS Commercial Real Estate
"2320 S Walnut Rd, Freeport, IL 61032","$104,187","4,167","Industrial, Manufacturing",Commonwealth Edison Co,"347,289",Honeywell Safety Products
"90 Grovers Mill Rd, Plainsboro Township, NJ 08536","$186,482","1,903","School, Primary",Public Service Elec & Gas Co,"253,717",West Windsor Plainsboro High School North Ptsa
"217 Aquapenn Dr, Howard, PA 16841","$78,427","3,921","Industrial, Manufacturing",PPL Electric Utilities Corp,"326,780",
"400 Running Pump Rd, Lancaster, PA 17603","$70,164","3,508","Industrial, Manufacturing",PPL Electric Utilities Corp,"292,350",Hershey
"2340 Newburg Rd, Belvidere, IL 61008","$106,231","4,249","Industrial, Manufacturing",Commonwealth Edison Co,"354,102",W.P. Carey
"485 St Johns Church Rd, Camp Hill, PA 17011","$122,395","6,120","Industrial, Warehouse",PPL Electric Utilities Corp,"509,981","Black Creek Group, LLC"
"119 Aid Dr, Darlington, PA 16115","$62,157","3,885","Industrial, Warehouse",Duquesne Light Co,"323,733","Danzer Veneer Americas, Inc."
"2000 Elmwood Ave, Sharon Hill, PA 19079","$56,536","3,534","Industrial, Manufacturing",PECO Energy Co,"294,460",Andrew Albstein
"10 Cooper Folly Rd, Winslow Township, NJ 08004","$169,203","1,781","School, Primary",Atlantic City Electric Co,"237,478",Winslow Schools
"4513 Western Ave, Lisle, IL 60532","$108,764","4,351","Industrial, Manufacturing",Commonwealth Edison Co,"362,548",Coke Steve
"9801 Blue Grass Rd, Philadelphia, PA 19114","$54,621","3,414","Industrial, Manufacturing",PECO Energy Co,"284,485",Roger Morale
"2212 W 47th St, Chicago, IL 60609","$105,674","4,227","Industrial, Manufacturing",Commonwealth Edison Co,"352,248",Sabrina Khabie
"30 Terminal Ave, Clark, NJ 07066","$179,723","1,834","Industrial, Manufacturing",Public Service Elec & Gas Co,"152,826","L'Oreal USA S/D, Inc."
"500 Green St, Washington, PA 15301",—,—,"Industrial, Manufacturing",West Penn Power Co,"305,189",
"312 Volvo Way, Shippensburg, PA 17257","$71,599","3,580","Industrial, Manufacturing",PPL Electric Utilities Corp,"298,329",Volvo Road Machinery
"8201 47th St, McCook, IL 60525","$124,930","4,997","Industrial, Manufacturing",Commonwealth Edison Co,"416,433",American Realty Advisors
"143 Fiberboard Rd, Shippenville, PA 16254",—,—,"Industrial, Manufacturing",West Penn Power Co,"311,859",
"661 Kenyon Ave, Bridgeton, NJ 08302","$246,429","2,594","Industrial, Manufacturing",Atlantic City Electric Co,"216,166","JG Real Estate, Inc"
"200 Milik St, Carteret, NJ 07008","$171,930","1,754",Office,Public Service Elec & Gas Co,"233,918",Tiaa
"7777 Winn Rd, Spring Grove, IL 60081","$105,460","4,218","Industrial, Manufacturing",Commonwealth Edison Co,"351,534",SPRING GROVE HOLDINGS LLC
"346 Clarksville Rd, West Windsor Township, NJ 08550","$84,115","1,752","School, Primary",Jersey Central Power & Lt Co,"233,654",West Wndsr-Plnsboro High Schl
"305 W Crossroads Pkwy, Bolingbrook, IL 60440","$109,038","4,362","Industrial, Manufacturing",Commonwealth Edison Co,"363,459",G & W Electric Company
"200 Boulder Dr, Breinigsville, PA 18031","$119,187","5,959","Industrial, Warehouse",PPL Electric Utilities Corp,"496,614",Prologis
"715 Fountain Ave, Lancaster, PA 17601","$68,884","3,444","Industrial, Manufacturing",PPL Electric Utilities Corp,"287,016",Ecore International
"2176 Diehl Rd, Aurora, IL 60502","$109,258","4,370","Industrial, Manufacturing",Commonwealth Edison Co,"364,192",Prologis
"13100 S Pulaski Rd, Alsip, IL 60803","$108,701","4,348","Industrial, Manufacturing",Commonwealth Edison Co,"362,338",Plymouth Reit
"230 Lies Rd E, Carol Stream, IL 60188","$104,635","4,185","Industrial, Manufacturing",Commonwealth Edison Co,"348,782","Cabot Properties, Inc."
"1705 Sequoia Dr, Aurora, IL 60506","$104,684","4,187","Industrial, Manufacturing",Commonwealth Edison Co,"348,946","Cabot Properties, Inc."
"500 E 12th St, Bloomsburg, PA 17815","$75,976","3,799","Industrial, Manufacturing",PPL Electric Utilities Corp,"316,565","Kawneer Company, Inc."
"850 Veterans Pkwy, Bolingbrook, IL 60440","$106,915","4,277","Industrial, Manufacturing",Commonwealth Edison Co,"356,383",Prologis
"601 E Lake St, Streamwood, IL 60107","$103,908","4,156","Industrial, Manufacturing",Commonwealth Edison Co,"346,359","Ace Coffee Bar, Inc."
"106 Lonczak St, Chicopee, MA 01022",—,—,"Industrial, Manufacturing",Chicopee City of,"231,229",U.S.T.H.
"355 Kindig Rd, Littlestown, PA 17340","$94,245","5,544","Industrial, Warehouse",Metropolitan Edison Co,"461,987",Utz
"2601 Internationale Pkwy, Lemont, IL 60439","$107,431","4,297","Industrial, Manufacturing",Commonwealth Edison Co,"358,102",Jpmorganchase
"190 E Elk Trail, Carol Stream, IL 60188","$104,137","4,165","Industrial, Manufacturing",Commonwealth Edison Co,"347,122",Prologis
"2649 Internationale Pkwy, Woodridge, IL 60517","$107,403","4,296","Industrial, Manufacturing",Commonwealth Edison Co,"358,010",Catellus Development Corporation
"2090 Lincoln Hwy E, Lancaster, PA 17602","$49,305","2,465","Retail, Strip Mall",PPL Electric Utilities Corp,"328,699",Donald Cafiero
"800 John Quincy Adams Rd, Taunton, MA 02780","$250,459","2,505","Industrial, Warehouse",National Grid - Massachusetts,"208,716","Stag Industrial, Inc."
"6633 N Ridge Blvd, Chicago, IL 60626","$105,600","4,224","Industrial, Manufacturing",Commonwealth Edison Co,"351,999",S & C Electric Company
"5675 Rising Sun Ave, Philadelphia, PA 19120","$18,374","1,148","Restaurant, Full Service ",PECO Energy Co,"153,114",
"2801 E Township Line Rd, Hatfield, PA 19440","$59,203","3,700","Industrial, Manufacturing",PECO Energy Co,"308,350",Hayden Maguire Realty
"901 Sathers Dr, Pittston, PA 18640","$75,602","3,780","Industrial, Manufacturing",PPL Electric Utilities Corp,"315,007",George Altirs
"710 Theodore Ct, Romeoville, IL 60446","$106,566","4,263","Industrial, Manufacturing",Commonwealth Edison Co,"355,221",Prologis
"10500 Seymour Ave, Franklin Park, IL 60131","$107,120","4,285","Industrial, Manufacturing",Commonwealth Edison Co,"357,067",Sloan Valve Co Fkp
"15641 Lathrop Ave, Harvey, IL 60426","$101,875","4,075","Industrial, Manufacturing",Commonwealth Edison Co,"339,583",TOPEKA METAL
"605 W Crossroads Pkwy, Bolingbrook, IL 60440","$106,602","4,264","Industrial, Manufacturing",Commonwealth Edison Co,"355,341",Duke Realty
"1145 Donner Ave, Monessen, PA 15062",—,—,"Industrial, Manufacturing",West Penn Power Co,"296,872",Sims Alumisource
"255 Lafayette Ave, Chatham Township, NJ 07928","$202,071","2,062","School, Primary",Public Service Elec & Gas Co,"274,926",CITY HALL
"7700 W 71st St, Bridgeview, IL 60455","$99,946","3,998","Industrial, Manufacturing",Commonwealth Edison Co,"333,154",Village of Bridgeview
"12228 New Ave, Lemont, IL 60439","$105,017","4,201","Industrial, Manufacturing",Commonwealth Edison Co,"350,057",Michael Wetterich
"2065 George St, Melrose Park, IL 60160","$105,891","4,236","Industrial, Manufacturing",Commonwealth Edison Co,"352,969",Barrett Lachance
"5100 Harding Hwy, Hamilton, NJ 08330","$247,849","2,609","Industrial, Manufacturing",Atlantic City Electric Co,"217,411","Atlantic Southern Properties, Inc"
"700 N Tuckahoe Rd, Monroe, NJ 08094","$183,784","1,935","School, Primary",Atlantic City Electric Co,"257,942",Monroe Township Board of Education
"1957 Prairie Rd, Ashton, IL 61006","$99,189","3,968","Industrial, Manufacturing",Commonwealth Edison Co,"330,631","Karlin Distribution, L.L.C."
"2880 Black Bridge Rd, York, PA 17406","$66,991","3,350","Industrial, Manufacturing",PPL Electric Utilities Corp,"279,131",Aj Distribution Inc
"185 OFF RTE 891 DR S, LATROBE, PA 15650",—,—,"Industrial, Manufacturing",West Penn Power Co,"303,638","GUTCHESS HARDWOODS, INC."
"2400 Galvin Dr, Elgin, IL 60123","$103,298","4,132","Industrial, Manufacturing",Commonwealth Edison Co,"344,326",NP Nwcp 2400-2416 Galvin LLC
"9710 S Western Ave, Evergreen Park, IL 60805","$95,641","3,826","Retail, Strip Mall",Commonwealth Edison Co,"510,085",Lbx Evergreen Th LLC
"14746 S Gougar Rd, Lockport, IL 60491","$108,417","4,337","Industrial, Manufacturing",Commonwealth Edison Co,"361,390",Mlrp Lockport 8 LLC
"420 Salem Church Rd, Mechanicsburg, PA 17050","$122,255","6,113","Industrial, Warehouse",PPL Electric Utilities Corp,"509,396",Harrison Cre Associates LLC
"10701 Seymour Ave, Franklin Park, IL 60131","$100,990","4,040","Industrial, Manufacturing",Commonwealth Edison Co,"336,632",Rebecca Levitan
"1357 E Rodney French Blvd, New Bedford, MA 02744","$154,528","1,981","Industrial, Manufacturing",Eversource Energy (Formerly NSTAR Electric Company),"165,094",Milbrun Realty LLC
"1900 Deptford Center Rd, Woodbury, NJ 08096","$177,663","1,870","Retail, Strip Mall",Atlantic City Electric Co,"249,352",Skyline Farms
"500-640 Macungie Ave, Emmaus, PA 18049","$44,317","2,216","School, Primary",PPL Electric Utilities Corp,"295,449",Emmaus High School
"1500 N Caron Rd, Rochelle, IL 61068","$100,723","4,029","Industrial, Manufacturing",Commonwealth Edison Co,"335,744","1600 Ritchie Court, LLC"
"2501 Galvin Dr, Elgin, IL 60124","$102,029","4,081","Industrial, Manufacturing",Commonwealth Edison Co,"340,098",Globe Corporation
"1995 McKesson St, Aurora, IL 60502","$105,512","4,220","Industrial, Manufacturing",Commonwealth Edison Co,"351,707",McKesson
"6525 Muirfield Dr, Hanover Park, IL 60133","$106,654","4,266","Industrial, Manufacturing",Commonwealth Edison Co,"355,513",Prologis
"9801 Adam Don Pkwy, Woodridge, IL 60517","$102,996","4,120","Industrial, Manufacturing",Commonwealth Edison Co,"343,321",
"939 Beards Hill Rd, Aberdeen, MD 21001","$68,718","1,011","Retail, Strip Mall",Baltimore Gas & Electric Co,"134,742","Thomas Park Management, LLC"
"6725 Black Horse Pike, Egg Harbor Township, NJ 08234","$170,463","1,794","Retail, Strip Mall",Atlantic City Electric Co,"239,246",State of New Jersey
"916 S Arcade Ave, Freeport, IL 61032","$98,790","3,952","Industrial, Manufacturing",Commonwealth Edison Co,"329,299","3814 Farnam, LLC"
"608 S Olds Blvd, Fairless Hills, PA 19030","$33,751","2,109","School, Primary",PECO Energy Co,"281,259","Falls, Township of Inc"
"5597 Tulip St, Philadelphia, PA 19124","$45,208","2,825","Retail, Strip Mall",PECO Energy Co,"376,731","Flagship New Jersey Propco, LLC"
"420 E Terra Cotta Ave, Crystal Lake, IL 60014","$104,084","4,163","Industrial, Manufacturing",Commonwealth Edison Co,"346,947",Knaack Manufacturing
"350 S Joliet Rd, Bolingbrook, IL 60440","$104,461","4,178","Industrial, Manufacturing",Commonwealth Edison Co,"348,202",Alro Steel Corporation
"21450 SW Frontage Rd, Shorewood, IL 60404","$98,647","3,946","Industrial, Manufacturing",Commonwealth Edison Co,"328,822","Clarion Partners, LLC"
"25 Copeland Dr, Ayer, MA 01432","$216,217","2,162","Industrial, Manufacturing",National Grid - Massachusetts,"180,181","Cpf, Inc."
"1000 W Valley Rd, Wayne, PA 19087","$34,561","2,160",Office,PECO Energy Co,"288,011",US Post Office
"800 Chase Ave, Elk Grove Village, IL 60007","$96,822","3,873","Industrial, Manufacturing",Commonwealth Edison Co,"322,740",Alsco Building Products
"2701 Deborah Ave, Zion, IL 60099","$98,483","3,939","Industrial, Manufacturing",Commonwealth Edison Co,"328,277","Hawley Partners, LLC"
"800 Mittel Dr, Wood Dale, IL 60191","$99,055","3,962","Industrial, Manufacturing",Commonwealth Edison Co,"330,183","800 Mittel, LLC"
"969 Veterans Pkwy, Bolingbrook, IL 60490","$99,554","3,982","Industrial, Manufacturing",Commonwealth Edison Co,"331,845",Prologis
"7132 Daniels Dr, Allentown, PA 18106","$68,171","3,409","Industrial, Manufacturing",PPL Electric Utilities Corp,"284,045","Stag Allentown, LLC"
"208 Dykeman Rd, Shippensburg, PA 17257","$69,254","3,463","Industrial, Manufacturing",PPL Electric Utilities Corp,"288,558","Schreiber Foods, Inc."
"1109 E Lake St, Streamwood, IL 60107","$99,979","3,999","Industrial, Manufacturing",Commonwealth Edison Co,"333,264","Broadstone Net Lease, Inc."
"975 University Ave, Norwood, MA 02062","$317,406","4,069","Industrial, Warehouse",Eversource Energy (Formerly NSTAR Electric Company),"339,109",Southwest University Avenue LLC
"17 S Commerce Way, Bethlehem, PA 18020","$43,280","2,164",Office,PPL Electric Utilities Corp,"288,534",US Post Office
"14630 W 147th St, Lockport, IL 60491","$113,346","4,534","Industrial, Manufacturing",Commonwealth Edison Co,"377,820",Mlrp Lockport 8 LLC
"1980 High Grove Ln, Naperville, IL 60540","$99,927","3,997","Industrial, Manufacturing",Commonwealth Edison Co,"333,090",Blackstone
"2821R Fox St, Philadelphia, PA 19129","$52,216","3,263","Industrial, Manufacturing",PECO Energy Co,"271,956",Michael Davis
"1000 Cedar Hollow Rd, Malvern, PA 19355","$33,616","2,101",Office,PECO Energy Co,"280,133","Gv One, LLC"
"325 Turnpike Rd, Southborough, MA 01772","$412,666","4,127","Industrial, Warehouse",National Grid - Massachusetts,"343,888","Ken's Foods, LLC"
"600 S Lake St, Aurora, IL 60506","$100,549","4,022","Industrial, Manufacturing",Commonwealth Edison Co,"335,164","R & W PROPERTY MANAGEMENT, LLC"
"265 W Orange St, Lititz, PA 17543","$46,399","2,320","School, Primary",PPL Electric Utilities Corp,"309,325",Lititz Police Admin
"4730 W Division St, Chicago, IL 60651","$112,838","4,514","Industrial, Manufacturing",Commonwealth Edison Co,"376,128",ML Realty Partners LP
"556 St James Gate, Bolingbrook, IL 60440","$100,031","4,001","Industrial, Manufacturing",Commonwealth Edison Co,"333,437",Bolingbrook Properties L.L.C.
"2040 N Union St, Middletown, PA 17057","$122,135","6,107","Industrial, Warehouse",PPL Electric Utilities Corp,"508,896",Blackstone
"202 S Keim St, Pottstown, PA 19464","$107,849","6,741","Industrial, Warehouse",PECO Energy Co,"561,712",
"800 Veterans Pkwy, Bolingbrook, IL 60440","$97,869","3,915","Industrial, Manufacturing",Commonwealth Edison Co,"326,231",ML Realty Partners LP
"845 E Lancaster Ave, Berwyn, PA 19312","$45,159","2,822","Retail, Strip Mall",PECO Energy Co,"376,326",Site Centers Corp.
"2120 W Union Blvd, Bethlehem, PA 18018","$50,041","2,502","Retail, Strip Mall",PPL Electric Utilities Corp,"333,607",Bpg
"389 E S Frontage Rd, Bolingbrook, IL 60440","$99,638","3,986","Industrial, Manufacturing",Commonwealth Edison Co,"332,125",Prologis
"4000 Rock Creek Blvd, Joliet, IL 60431","$102,749","4,110","Industrial, Manufacturing",Commonwealth Edison Co,"342,497",Exeter 4000 Rock Creek LLC
"525 N Duke St, Lancaster, PA 17602","$40,028","2,001",Hospital,PPL Electric Utilities Corp,"266,852",LANCASTER GENERAL HOSPITAL SUS
"901 19th Ave, Fulton, IL 61252","$98,969","3,959","Industrial, Manufacturing",Commonwealth Edison Co,"329,898",D R S Enterprises
"160 Mechanic St, Bellingham, MA 02019","$409,967","4,100","Industrial, Warehouse",National Grid - Massachusetts,"341,639",Barings LLC
"400 Paramus Rd, Paramus, NJ 07652","$186,027","1,898","School, Primary",Public Service Elec & Gas Co,"253,098",Sidney Silverman Library
"1000 Somerset St, New Brunswick, NJ 08901","$180,288","1,840","School, Primary",Public Service Elec & Gas Co,"245,289",Board of Education
"3900 Rock Creek Blvd, Joliet, IL 60431","$99,070","3,963","Industrial, Manufacturing",Commonwealth Edison Co,"330,232",Granite Properties of Texas
"150 E Crossroads Pkwy, Bolingbrook, IL 60440","$102,207","4,088","Industrial, Manufacturing",Commonwealth Edison Co,"340,691",
"1400 W 35th St, Chicago, IL 60609","$98,383","3,935","Industrial, Manufacturing",Commonwealth Edison Co,"327,943",Pepsico
"704 W Washington St, West Chicago, IL 60185","$96,889","3,876","Industrial, Manufacturing",Commonwealth Edison Co,"322,964","300 East Devon, LLC"
"1 Seminary Ave, Brookhaven, PA 19015","$34,013","2,126",Office,PECO Energy Co,"283,444",Prospect Medical Holdings Inc
"742 Courses Landing Rd, Penns Grove, NJ 08069","$234,337","2,467","Industrial, Manufacturing",Atlantic City Electric Co,"205,559",
"3818 Grandville Ave, Gurnee, IL 60031","$97,911","3,916","Industrial, Manufacturing",Commonwealth Edison Co,"326,371","Stag Gurnee 2, LLC"
"185 Centerpoint Blvd, Jenkins Township, PA 18640","$71,966","3,598","Industrial, Manufacturing",PPL Electric Utilities Corp,"299,859","Mericle Logistics, LLC"
"11939 S Central Ave, Alsip, IL 60803","$96,652","3,866","Industrial, Manufacturing",Commonwealth Edison Co,"322,172",Todd Pickard
"810 Kimberly Dr, Carol Stream, IL 60188","$98,565","3,943","Industrial, Manufacturing",Commonwealth Edison Co,"328,550",
"901 E Kankakee River Dr, Wilmington, IL 60481","$125,134","5,005","Industrial, Manufacturing",Commonwealth Edison Co,"417,112",Dupont
"599 Alexander Spring Rd, Carlisle, PA 17015","$114,583","5,729","Industrial, Warehouse",PPL Electric Utilities Corp,"477,431",
"1510 Bartlett Dr, Manchester, PA 17345","$121,638","6,082","Industrial, Warehouse",PPL Electric Utilities Corp,"506,824","Kinsley Equities III, LP"
"4546 W 47th St, Chicago, IL 60632","$97,603","3,904","Industrial, Manufacturing",Commonwealth Edison Co,"325,342",4546 West 47th Street LLC
"925 Reese Ave, Hershey, PA 17033","$69,222","3,461","Industrial, Manufacturing",PPL Electric Utilities Corp,"288,423",Hershey
"1245 Old Freehold Rd, Toms River, NJ 08753","$99,489","2,073","School, Primary",Jersey Central Power & Lt Co,"276,357",Board of Education of The Toms River Schools (inc)
"545 Oak Hill Rd, Mountain Top, PA 18707","$119,796","5,990","Industrial, Warehouse",PPL Electric Utilities Corp,"499,150",Exeter 225 Industrial LLC
"401 W Lincoln Ave, Lititz, PA 17543","$65,270","3,263","Industrial, Manufacturing",PPL Electric Utilities Corp,"271,958","Redcay Industrial Development, III, LLC"
"1701 W Bradley Ave, Champaign, IL 61821","$405,000","15,000","Industrial, Manufacturing",Ameren Illinois,"1,417,987",Kraft Heinz
"2002 E Cedar Hills Dr, Chillicothe, IL 61523","$405,000","15,000","Industrial, Manufacturing",Ameren Illinois,"1,293,079",County of Peoria
"500 N Morton Ave, Morton, IL 61550","$405,000","15,000","Industrial, Manufacturing",Ameren Illinois,"1,296,977",Caterpillar
"2800 E Cedar Hills Dr, Chillicothe, IL 61523","$405,000","15,000","Industrial, Manufacturing",Ameren Illinois,"1,280,239",Caterpillar
"100 Vanguard Blvd, Malvern, PA 19355","$32,867","2,054",Office,PECO Energy Co,"273,890",Horatio Realty
"800 Bryn Mawr Ave, Itasca, IL 60143","$96,608","3,864","Industrial, Manufacturing",Commonwealth Edison Co,"322,025","Odp Corporation, The"
"100 Blue Mountain Pkwy, Harrisburg, PA 17112","$124,148","6,207","Industrial, Warehouse",PPL Electric Utilities Corp,"517,283",Prologis
"1001 W Taylor Rd, Romeoville, IL 60446","$95,664","3,827","Industrial, Manufacturing",Commonwealth Edison Co,"318,881",ABC Romeoville
"700 Corporate Grove Dr, Buffalo Grove, IL 60089","$96,422","3,857","Industrial, Manufacturing",Commonwealth Edison Co,"321,407",Ball
"4 River Rd, McKees Rocks, PA 15136","$65,004","4,063","Industrial, Warehouse",Duquesne Light Co,"338,563",River Road Development LLC
"30 E Oakton St, Des Plaines, IL 60018","$97,040","3,882","Industrial, Manufacturing",Commonwealth Edison Co,"323,468","NEW WORLD PROPERTY, LLC"
"2401 Lunt Ave, Elk Grove Village, IL 60007","$95,014","3,801","Industrial, Manufacturing",Commonwealth Edison Co,"316,713",Blackstone
"1200 Central Ave, Hanover Park, IL 60133","$97,724","3,909","Industrial, Manufacturing",Commonwealth Edison Co,"325,748",John Hoadley
"6500 N Dresden Rd, Morris, IL 60450","$100,237","4,009","Industrial, Manufacturing",Commonwealth Edison Co,"334,125","Constellation Energy Generation, LLC"
"775 Veterans Pkwy, Bolingbrook, IL 60490","$170,473","6,819","Industrial, Manufacturing",Commonwealth Edison Co,"568,244",Veteran Owned LLC
"909 Katie Ct, Harrisburg, PA 17109","$66,608","3,330","Industrial, Manufacturing",PPL Electric Utilities Corp,"277,534",KKR
"1341 Enterprise Dr, Romeoville, IL 60446","$97,460","3,898","Industrial, Manufacturing",Commonwealth Edison Co,"324,866",Animal Warden
"600 Remington Blvd, Bolingbrook, IL 60440","$96,113","3,845","Industrial, Manufacturing",Commonwealth Edison Co,"320,378","Bocv Seaside Gp, LLC"
"8701 47th St, McCook, IL 60525","$95,051","3,802","Industrial, Manufacturing",Commonwealth Edison Co,"316,836",Heitman LLC
"600 E High St, Elizabethtown, PA 17022","$44,440","2,222","School, Primary",PPL Electric Utilities Corp,"296,265",Borough of Elizabethtown
"201 Lamborntown Rd, West Grove, PA 19390","$53,308","3,332","Industrial, Manufacturing",PECO Energy Co,"277,644",Isg Plate Inc
"1200 Distribution Dr, Carlisle, PA 17013","$186,911","9,346","Industrial, Warehouse",PPL Electric Utilities Corp,"778,797",Prologis
"1401 Devon Ave, Bensenville, IL 60106","$94,008","3,760","Industrial, Manufacturing",Commonwealth Edison Co,"313,361",
"135 E Hintz Rd, Wheeling, IL 60090","$95,842","3,834","Industrial, Manufacturing",Commonwealth Edison Co,"319,475",Ensar Corporation
"669 E Main St, New Holland, PA 17557","$43,469","2,173","School, Primary",PPL Electric Utilities Corp,"289,794",County of Lancaster
"125 N Commerce Way, Bethlehem, PA 18017","$136,728","6,836","Industrial, Warehouse",PPL Electric Utilities Corp,"569,701",125 Commerce Way LLC
"49 Ingot Dr, Coatesville, PA 19320","$52,783","3,299","Industrial, Manufacturing",PECO Energy Co,"274,910",ISG PLATE INC.
"1010 Echo Trail, Easton, PA 18040","$42,107","2,105","School, Primary",PPL Electric Utilities Corp,"280,716",Easton Area School District (inc)
"3 Timber Ct, Bolingbrook, IL 60440","$96,086","3,843","Industrial, Manufacturing",Commonwealth Edison Co,"320,285",Ta Realty LLC
"3925 Welsh Rd, Willow Grove, PA 19090","$41,493","2,593","Retail, Strip Mall",PECO Energy Co,"345,775","Turnersville Realty Partners, LLC"
"7200 S Leamington Ave, Bedford Park, IL 60638","$93,427","3,737","Industrial, Manufacturing",Commonwealth Edison Co,"311,424","TRICON III, LTD."
"100 JCI Wy, York, PA 17406","$63,509","3,175","Industrial, Manufacturing",PPL Electric Utilities Corp,"264,620",Timothy Kinsley
"8424 47th St, Lyons, IL 60534","$94,187","3,767","Industrial, Manufacturing",Commonwealth Edison Co,"313,957",Lineage
"1301 W Patrick St, Frederick, MD 21702","$90,638","3,021","Retail, Strip Mall",The Potomac Edison Co,"402,834",West Frederick Center Lllp
"1450 Clements Bridge Rd, Woodbury, NJ 08096","$167,535","1,764","Retail, Strip Mall",Atlantic City Electric Co,"235,137",Mattress Warehouse
"570 W N Frontage Rd, Bolingbrook, IL 60440","$95,181","3,807","Industrial, Manufacturing",Commonwealth Edison Co,"317,271",570 W North Frontage Road LLC
"2601 W 18th St, Chicago, IL 60608","$95,181","3,807","Industrial, Manufacturing",Commonwealth Edison Co,"317,270",Yaman Shukairy
"300 E Devon Ave, Bartlett, IL 60103","$96,106","3,844","Industrial, Manufacturing",Commonwealth Edison Co,"320,352",
"1200 Biglerville Rd, Gettysburg, PA 17325","$62,380","3,669","Industrial, Manufacturing",Metropolitan Edison Co,"305,786",Cre Biglerville Holdings LLC
"1441 Touhy Ave, Elk Grove Village, IL 60007","$93,865","3,755","Industrial, Manufacturing",Commonwealth Edison Co,"312,882","Iron Point Partners, LLC"
"6100 W Howard St, Niles, IL 60714","$96,224","3,849","Industrial, Manufacturing",Commonwealth Edison Co,"320,745","Westmount Realty Capital, L.L.C."
"2200 Lake Shore Dr, Woodstock, IL 60098","$94,551","3,782","Industrial, Manufacturing",Commonwealth Edison Co,"315,170",Catalent Biologics
"27 51st St, Pittsburgh, PA 15201","$61,960","3,872","Industrial, Warehouse",Duquesne Light Co,"322,707","Spear Street Capital, LLC"
"1000 Winston Plaza, Melrose Park, IL 60160","$78,766","3,151","Retail, Strip Mall",Commonwealth Edison Co,"420,086",Village of Melrose Park
"920 W Taylor Rd, Romeoville, IL 60446","$93,464","3,739","Industrial, Manufacturing",Commonwealth Edison Co,"311,545",Blackstone
"800 Supreme Dr, Bensenville, IL 60106","$94,727","3,789","Industrial, Manufacturing",Commonwealth Edison Co,"315,755",Prologis
"8018 Quarry Rd, Alburtis, PA 18011","$118,807","5,940","Industrial, Warehouse",PPL Electric Utilities Corp,"495,031",Prologis
"21 Suttons Ln, Piscataway, NJ 08854","$168,696","1,721","School, Primary",Public Service Elec & Gas Co,"229,519",
"2645 Mitchell Ave, Allentown, PA 18103","$65,828","3,291","Industrial, Manufacturing",PPL Electric Utilities Corp,"274,285",Lineage
"601 Mundis Mill Rd, York, PA 17406","$40,336","2,017","School, Primary",PPL Electric Utilities Corp,"268,905",City of York
"1 John Henry Dr, Robbinsville Township, NJ 08691","$90,422","1,884","Industrial, Manufacturing",Jersey Central Power & Lt Co,"156,982",McKesson
"2635 Federal Signal Dr, University Park, IL 60484","$95,679","3,827","Industrial, Manufacturing",Commonwealth Edison Co,"318,931","M.H.O.C., LLC"
"121 Commerce Ave, Greencastle, PA 17225",—,—,"Industrial, Warehouse",West Penn Power Co,"417,989",Donald Epstein
"2727 W Diehl Rd, Naperville, IL 60563","$97,909","3,916","Industrial, Manufacturing",Commonwealth Edison Co,"326,363",Coleman Logistics Assets LLC
"2200 S 25th Ave, Broadview, IL 60155","$93,566","3,743","Industrial, Manufacturing",Commonwealth Edison Co,"311,885","Angell Realty Vii, LLC"
"1510 N Olden Ave, Ewing Township, NJ 08638","$187,714","1,915","Retail, Strip Mall",Public Service Elec & Gas Co,"255,393",LEVIN MANAGEMENT CORPORATION (FOR USE IN VA: LEVIN REAL ESTATE MANAGEMENT CORP.)
"50 Exchange Blvd, Glendale Heights, IL 60139","$94,359","3,774","Industrial, Manufacturing",Commonwealth Edison Co,"314,529",Ares
"5025 W 73rd St, Chicago, IL 60638","$90,679","3,627","Industrial, Manufacturing",Commonwealth Edison Co,"302,263",Blackstone
"251 Allen Distribution Dr, Mechanicsburg, PA 17055","$112,581","5,629","Industrial, Warehouse",PPL Electric Utilities Corp,"469,088",
"325 Corporate Dr, Mahwah, NJ 07430","$250,107","4,168","Industrial, Manufacturing",Rockland Electric Co,"347,371",Howmedica Osteonics Corp.
"2075 W 43rd St, Chicago, IL 60609","$194,323","7,773","Industrial, Manufacturing",Commonwealth Edison Co,"647,743",Marina Crossings Owner LLC
"3507 W 51st St, Chicago, IL 60632","$93,337","3,733","Industrial, Manufacturing",Commonwealth Edison Co,"311,122",Khaled Kudsi
"100 Legends Way, Boston, MA 02114","$85,547","1,097",Office,Eversource Energy (Formerly NSTAR Electric Company),"146,235",
"2200 S Lakeside Dr, Waukegan, IL 60085","$93,325","3,733","Industrial, Manufacturing",Commonwealth Edison Co,"311,083",King Drive Limited Partnership
"6520 Carlisle Pike, Mechanicsburg, PA 17050","$41,912","2,096","Industrial, Data Center",PPL Electric Utilities Corp,"279,414",
"2828 Charter Rd, Philadelphia, PA 19154","$48,751","3,047","Industrial, Manufacturing",PECO Energy Co,"253,911",Dean Atkins
"6510 W 73rd St, Chicago, IL 60638","$90,817","3,633","Industrial, Manufacturing",Commonwealth Edison Co,"302,723","G3 Realty Two, LLC"
"1729 Pennsylvania Ave, Monaca, PA 15061","$33,602","2,100","Industrial, Manufacturing",Duquesne Light Co,"175,008",Service Properties Trust
"43 W Hintz Rd, Wheeling, IL 60090","$93,077","3,723","Industrial, Manufacturing",Commonwealth Edison Co,"310,255",Prologis
"8235 Patuxent Range Rd, Jessup, MD 20794","$100,360","1,476","Industrial, Warehouse",Baltimore Gas & Electric Co,"122,990",FILM BENEFIT
"1010 Foster Ave, Bartlett, IL 60103","$92,949","3,718","Industrial, Manufacturing",Commonwealth Edison Co,"309,829",Prologis
"600 N Main St, Stafford Township, NJ 08050","$139,079","1,464","School, Primary",Atlantic City Electric Co,"195,198",Southern Regional High School
"1500 N Raddant Rd, Batavia, IL 60510","$93,007","3,720","Industrial, Manufacturing",Commonwealth Edison Co,"310,023",Kin Properties Inc.
"2490 PA-72, Jonestown, PA 17038","$38,674","2,275",Office,Metropolitan Edison Co,"303,324",Wabash
"5959 W Howard St, Niles, IL 60714","$93,641","3,746","Industrial, Manufacturing",Commonwealth Edison Co,"312,135",Kevin Corrigan
"3903 Union Deposit Rd, Harrisburg, PA 17109","$46,562","2,328","Retail, Strip Mall",PPL Electric Utilities Corp,"310,412",LMS Commercial Real Estate
"150 Eastbrook Ln, Butler, PA 16002",—,—,"Industrial, Manufacturing",West Penn Power Co,"268,233",Speciality Firms
"7950 Joliet Rd, McCook, IL 60525","$90,888","3,636","Industrial, Manufacturing",Commonwealth Edison Co,"302,959",Prologis
"21901 Central Ave, Matteson, IL 60443","$95,052","3,802","Industrial, Manufacturing",Commonwealth Edison Co,"316,841",VALSPAR COATINGS
"2700 Alft Ln, Elgin, IL 60124","$93,230","3,729","Industrial, Manufacturing",Commonwealth Edison Co,"310,768",Blackstone
"785 Center Ave, Carol Stream, IL 60188","$92,950","3,718","Industrial, Manufacturing",Commonwealth Edison Co,"309,834",Prologis
"600 Eagle Dr, Bensenville, IL 60106","$92,460","3,698","Industrial, Manufacturing",Commonwealth Edison Co,"308,201",John 6 LLC
"9755 Commerce Cir, Kutztown, PA 19530","$190,284","11,193","Industrial, Warehouse",Metropolitan Edison Co,"932,767",Advance Auto Parts
"105 Aberdeen Rd, York, PA 17406","$60,315","3,016","Industrial, Manufacturing",PPL Electric Utilities Corp,"251,312",Herculite Products
"1 Gateway Blvd, Oldmans Township, NJ 08067","$226,607","2,385","Industrial, Manufacturing",Atlantic City Electric Co,"198,778","Stag Industrial, Inc."
"627 Penn St, Reading, PA 19601","$40,094","2,005",Office,PPL Electric Utilities Corp,"267,291",City of Reading
"1101 New Ford Mill Rd, Morrisville, PA 19067","$89,962","5,623","Industrial, Warehouse",PECO Energy Co,"468,554",Abraham Rosenberg
"1945 E State St, Hamilton Township, NJ 08619","$152,749","1,559","Industrial, Manufacturing",Public Service Elec & Gas Co,"129,889","Customers Bancorp, Inc."
"2501 Internationale Pkwy, Woodridge, IL 60517","$92,850","3,714","Industrial, Manufacturing",Commonwealth Edison Co,"309,500",Prologis
"2225 W North Ave, Melrose Park, IL 60160","$91,261","3,650","Industrial, Manufacturing",Commonwealth Edison Co,"304,204",Pro Holdings LLC
"100 MSC Dr, Jonestown, PA 17038","$122,921","7,231","Industrial, Warehouse",Metropolitan Edison Co,"602,552",MSC Industrial Supply Co.
"143 Mahanoy Ave, Tamaqua, PA 18252","$47,329","2,366","Retail, Strip Mall",PPL Electric Utilities Corp,"315,529",Ariel Akkad
"1000 Easton Rd, Wyncote, PA 19095","$38,019","2,376","Retail, Strip Mall",PECO Energy Co,"316,826",Mike Nassimi
"3640 Sandhurst Dr, York, PA 17406","$60,155","3,008","Industrial, Manufacturing",PPL Electric Utilities Corp,"250,646",Kinsley Manufacturing
"1000 Remington Blvd, Bolingbrook, IL 60440","$91,475","3,659","Industrial, Manufacturing",Commonwealth Edison Co,"304,918","Middleton Partners, LLC"
"6558 W 73rd St, Bedford Park, IL 60638","$89,652","3,586","Industrial, Manufacturing",Commonwealth Edison Co,"298,840",Jeffrey Witherell
"3801 Rock Creek Blvd, Joliet, IL 60431","$92,122","3,685","Industrial, Manufacturing",Commonwealth Edison Co,"307,072",Granite Properties of Texas
"2900 Dukane Dr, St. Charles, IL 60174","$91,482","3,659","Industrial, Manufacturing",Commonwealth Edison Co,"304,941",Michael Ritschdorff
"6345 Brackbill Blvd, Mechanicsburg, PA 17050","$136,829","6,841","Industrial, Warehouse",PPL Electric Utilities Corp,"570,119","Nestle Holdings, Inc."
"9400 W 55th St, Countryside, IL 60525","$89,874","3,595","Industrial, Manufacturing",Commonwealth Edison Co,"299,580","High Street Realty Company, LLC"
"20 Industrial Dr, Hanover, PA 17331","$58,331","3,431","Industrial, Manufacturing",Metropolitan Edison Co,"285,937","Sky Tn, LLC"
"840 25th Ave, Bellwood, IL 60104","$90,817","3,633","Industrial, Manufacturing",Commonwealth Edison Co,"302,722",840 South 25th Ave Bellwood LLC
"300 Constitution Dr, Taunton, MA 02780","$379,546","3,795","Industrial, Warehouse",National Grid - Massachusetts,"316,288",BG TAUNTON LLC
"2700 N Cedar Crest Blvd, Allentown, PA 18104","$47,989","2,399","School, Primary",PPL Electric Utilities Corp,"319,929",Parkland Administrative Center
"370 Kimberly Dr, Carol Stream, IL 60188","$92,008","3,680","Industrial, Manufacturing",Commonwealth Edison Co,"306,695",Prologis
"21901 Cottage Grove Ave, Sauk Village, IL 60411","$91,911","3,676","Industrial, Manufacturing",Commonwealth Edison Co,"306,371",Target Metal Blanking Inc.
"1701 Eden Rd, Millville, NJ 08332","$222,335","2,340","Industrial, Manufacturing",Atlantic City Electric Co,"195,031","Homeland Vinyl Products, Inc."
"300 Enterprise Way, Pittston, PA 18643","$111,677","5,584","Industrial, Warehouse",PPL Electric Utilities Corp,"465,322","300 Enterprise Way, LLC"
"965 Durham Rd, Newtown, PA 18940","$106,917","6,682","Industrial, Warehouse",PECO Energy Co,"556,859",David Hollander
"6901 W 65th St, Bedford Park, IL 60638","$88,612","3,544","Industrial, Manufacturing",Commonwealth Edison Co,"295,373","Lineage Logistics, LLC"
"225 John Hancock Rd, Taunton, MA 02780","$378,200","3,782","Industrial, Warehouse",National Grid - Massachusetts,"315,167",Reyes Holdings
"300 Salem Church Rd, Mechanicsburg, PA 17050","$109,872","5,494","Industrial, Warehouse",PPL Electric Utilities Corp,"457,802",Blackstone
"7554 Schantz Rd, Allentown, PA 18106","$63,281","3,164","Industrial, Manufacturing",PPL Electric Utilities Corp,"263,670",SCHANTZ ROAD LLC
"1700 Riverside Drive, Bethlehem, PA 18015","$63,534","3,177","Industrial, Manufacturing",PPL Electric Utilities Corp,"264,727",Harris Rebar Atlantic Inc.
"440 Medinah Rd, Roselle, IL 60172","$91,053","3,642","Industrial, Manufacturing",Commonwealth Edison Co,"303,510",Aew Real Estate Advisors
"101 Kindig Ln, Hanover, PA 17331","$58,080","3,416","Industrial, Manufacturing",Metropolitan Edison Co,"284,704",101 Kindig Lane Condominium Association
"1378 Armada Dr, Greencastle, PA 17225",—,—,"Industrial, Warehouse",West Penn Power Co,"402,890",Chris Galligon
"1340 Brewster Creek Blvd, Bartlett, IL 60103","$90,938","3,638","Industrial, Manufacturing",Commonwealth Edison Co,"303,128","Insite Real Estate, L.L.C."
"830 W Evergreen Ave, Chicago, IL 60642","$90,142","3,606","Industrial, Manufacturing",Commonwealth Edison Co,"300,474",
"560 Oak St, Brockton, MA 02301","$376,272","3,763","Industrial, Warehouse",National Grid - Massachusetts,"313,560",Diego Rico
"4500 Turnberry Dr, Hanover Park, IL 60133","$91,377","3,655","Industrial, Manufacturing",Commonwealth Edison Co,"304,590",Thermo Fisher
"510 Country Club Dr, Bensenville, IL 60106","$90,602","3,624","Industrial, Manufacturing",Commonwealth Edison Co,"302,005",Blackstone
"Dziak Dr, WLKS BARR Township, PA 18706","$66,463","3,323","Industrial, Manufacturing",PPL Electric Utilities Corp,"276,930",I P D
"1 United Dr, West Bridgewater, MA 02379","$362,624","3,626","Industrial, Warehouse",National Grid - Massachusetts,"302,187",Dean Atkins
"330 Crestwood Dr, Mountain Top, PA 18707","$65,694","3,285","Industrial, Manufacturing",PPL Electric Utilities Corp,"273,726","SEI TRANSPORTATION, INC."
"331 Turner St, Attleboro, MA 02703","$185,164","1,852","Industrial, Manufacturing",National Grid - Massachusetts,"154,303",Brockie Home Medical Supply
"10981 Decatur Rd, Philadelphia, PA 19154","$47,842","2,990","Industrial, Manufacturing",PECO Energy Co,"249,179",10981 DECATUR PARTNERS LP
"2525 Enterprise Cir, Batavia, IL 60510","$90,714","3,629","Industrial, Manufacturing",Commonwealth Edison Co,"302,379",County of Dupage
"1900 S Randall Rd, Algonquin, IL 60102","$75,824","3,033","Retail, Strip Mall",Commonwealth Edison Co,"404,393","Algonquin I, LLC"
"1206 75th St, Downers Grove, IL 60516","$78,678","3,147","Retail, Strip Mall",Commonwealth Edison Co,"419,617","Dts Properties, LLC"
"550 E North Ave., Carol Stream, IL 60188","$89,011","3,560","Industrial, Manufacturing",Commonwealth Edison Co,"296,703","520 East North Avenue, L.L.C."
"1250 Baltimore Pike, Springfield, PA 19064","$39,659","2,479","Retail, Strip Mall",PECO Energy Co,"330,491",Preit
"135 Will Dr, Canton, MA 02021","$373,647","4,790","Industrial, Warehouse",Eversource Energy (Formerly NSTAR Electric Company),"399,195","38 Swic Member, LLC"
"2050 W 43rd St, Chicago, IL 60609","$93,042","3,722","Industrial, Manufacturing",Commonwealth Edison Co,"310,141",2005 LLC
"340 W Crossroads Pkwy, Bolingbrook, IL 60440","$90,400","3,616","Industrial, Manufacturing",Commonwealth Edison Co,"301,332",Brookfield Asset Management LLC
"1555 Barrington Rd, Hoffman Estates, IL 60169","$56,282","2,251",Office,Commonwealth Edison Co,"300,173",HEALTHCARE REALTY TRUST INCORPORATED (FOR USE IN VA: HEALTHCARE REALTY INCORPORATED)
"1789 Norwood Ave, Itasca, IL 60143","$89,705","3,588","Industrial, Manufacturing",Commonwealth Edison Co,"299,018",Fellowes Brands
"4981 Cal Sag Rd, Crestwood, IL 60445","$75,673","3,027","Retail, Strip Mall",Commonwealth Edison Co,"403,587",
"2043 Corporate Ln, Naperville, IL 60563","$90,521","3,621","Industrial, Manufacturing",Commonwealth Edison Co,"301,738",Tiaa
"15 Emery St, Bethlehem, PA 18015","$111,609","5,580","Industrial, Warehouse",PPL Electric Utilities Corp,"465,037","United States Cold Storage, Inc."
"600 Wiscold Dr, Rochelle, IL 61068","$89,076","3,563","Industrial, Manufacturing",Commonwealth Edison Co,"296,920",Tyson
"7551 Schantz Rd, Allentown, PA 18106","$62,217","3,111","Industrial, Manufacturing",PPL Electric Utilities Corp,"259,237",Coca-Cola
"8014 Industrial Blvd, Breinigsville, PA 18031","$97,945","4,897","Industrial, Warehouse",PPL Electric Utilities Corp,"408,104",Prologis
"5300 W 73rd St, Bedford Park, IL 60638","$87,152","3,486","Industrial, Manufacturing",Commonwealth Edison Co,"290,508",International Paper
"1000 N South Rd, Scranton, PA 18508","$65,090","3,254","Industrial, Manufacturing",PPL Electric Utilities Corp,"271,208","Scran, LLC"
"11500 Norcom Rd, Philadelphia, PA 19154","$46,922","2,933","Industrial, Manufacturing",PECO Energy Co,"244,384",Allied Tube & Conduit Corporation
"499 Nixon Rd, Cheswick, PA 15024","$48,935","3,058","Industrial, Warehouse",Duquesne Light Co,"254,871",Fedex
"100 West End Rd, Wilkes-Barre, PA 18703","$40,658","2,033",Office,PPL Electric Utilities Corp,"271,053",EBY-Brown
"8500 Willard Dr, Breinigsville, PA 18031","$109,534","5,477","Industrial, Warehouse",PPL Electric Utilities Corp,"456,390",Prologis Management
"177 E Walnut St, Red Lion, PA 17356","$55,223","3,248","Industrial, Manufacturing",Metropolitan Edison Co,"270,700",Christopher Harrigan
"1600 N Main St, Pontiac, IL 61764","$54,228","2,169",Office,Commonwealth Edison Co,"289,214","1600 N Main, LLC"
"3800 Hempland Rd, Mountville, PA 17554","$58,943","2,947","Industrial, Manufacturing",PPL Electric Utilities Corp,"245,595",Michael Delaney
"4000 Miller Cir N, Bethlehem, PA 18020","$61,957","3,098","Industrial, Manufacturing",PPL Electric Utilities Corp,"258,154",Lineage Logistics
"450 Hackensack Ave, Hackensack, NJ 07601","$181,532","1,852","Retail, Strip Mall",Public Service Elec & Gas Co,"246,983",HACKENSACK UE LLC
"6 Logistics Dr, Carlisle, PA 17013","$191,103","9,555","Industrial, Warehouse",PPL Electric Utilities Corp,"796,263","Clarion Partners, LLC"
"144 Greenfield Rd, Lancaster, PA 17601","$58,949","2,947","Industrial, Manufacturing",PPL Electric Utilities Corp,"245,619",High
"555 Oakwood Rd, Lake Zurich, IL 60047","$88,863","3,555","Industrial, Manufacturing",Commonwealth Edison Co,"296,211","Qxo, Inc."
"11540 Hopewell Rd, Hagerstown, MD 21740","$369,905","12,330","Industrial, Warehouse",The Potomac Edison Co,"1,027,513","Lcn Capital Partners, L.P."
"2525 Bergey Rd, Hatfield, PA 19440","$49,952","3,122","Industrial, Manufacturing",PECO Energy Co,"260,166","Americold Realty Operating Partnership, L.P."
"1 Beeman Rd, Northborough, MA 01532","$369,054","3,691","Industrial, Warehouse",National Grid - Massachusetts,"307,545",Tiaa
"2085 Cornell Ave, Melrose Park, IL 60160","$89,846","3,594","Industrial, Manufacturing",Commonwealth Edison Co,"299,488",
"2200 E 130th St, Chicago, IL 60633","$88,821","3,553","Industrial, Manufacturing",Commonwealth Edison Co,"296,071",Ford
"4448 N German Church Rd, Byron, IL 61010","$86,767","3,471","Industrial, Manufacturing",Commonwealth Edison Co,"289,224","Constellation Energy Generation, LLC"
"2601 William Penn Hwy, Easton, PA 18045","$39,914","1,996","School, Primary",PPL Electric Utilities Corp,"266,093",City of Easton
"207 Progress Rd, Elysburg, PA 17824","$64,266","3,213","Industrial, Manufacturing",PPL Electric Utilities Corp,"267,776",Elysburg GD LLC
"9 Stuart Rd, Chelmsford, MA 01824","$367,464","3,675","Industrial, Warehouse",National Grid - Massachusetts,"306,220","Jumbo Capital Management, LLC"
"351 Maple St, Bellingham, MA 02019","$367,379","3,674","Industrial, Warehouse",National Grid - Massachusetts,"306,149","Everwest Real Estate Partners, LLC"
"1125 Quentin Rd, Lebanon, PA 17042","$41,937","2,467","Retail, Strip Mall",Metropolitan Edison Co,"328,920",Prestige Properties & Development Co. Inc.
"2303 W Indian Trail, Aurora, IL 60506","$88,490","3,540","Industrial, Manufacturing",Commonwealth Edison Co,"294,966",Blackstone
"110 Laurel Dr, Cresco, PA 18326","$38,659","1,933",Office,PPL Electric Utilities Corp,"257,727",PASTEUR ME'RIEUX CONNAUGHT
"4800 E Monument St, Baltimore, MD 21205","$95,848","1,410","Industrial, Warehouse",Baltimore Gas & Electric Co,"117,461",Tenax Realty LLC
"7799 N Caldwell Ave, Niles, IL 60714","$89,346","3,574","Industrial, Manufacturing",Commonwealth Edison Co,"297,819",7777 Niles LLC
"1135 Arbor Dr, Romeoville, IL 60446","$88,737","3,549","Industrial, Manufacturing",Commonwealth Edison Co,"295,790",G & W Electric Company
"1515 Rock Creek Blvd, Joliet, IL 60431","$88,641","3,546","Industrial, Manufacturing",Commonwealth Edison Co,"295,469",Exeter 1515 Rock Creek LLC
"175 Campanelli Dr, Braintree, MA 02184","$282,787","3,625","Industrial, Warehouse",Eversource Energy (Formerly NSTAR Electric Company),"302,123","38 Swic Owner, LLC"
"7035 W 65th St, Chicago, IL 60638","$85,436","3,417","Industrial, Manufacturing",Commonwealth Edison Co,"284,788","Lineage Logistics, LLC"
"12251 S 80th Ave, Palos Heights, IL 60463","$55,107","2,204",Office,Commonwealth Edison Co,"293,905",
"4050 Rock Creek Blvd, Joliet, IL 60431","$88,209","3,528","Industrial, Manufacturing",Commonwealth Edison Co,"294,031",Exeter 4050 Rock Creek LLC
"1515 N Raddant Rd, Batavia, IL 60510","$88,026","3,521","Industrial, Manufacturing",Commonwealth Edison Co,"293,421",VWR Scientific Products
"100 Mercedes Dr, Carol Stream, IL 60188","$88,347","3,534","Industrial, Manufacturing",Commonwealth Edison Co,"294,490",Du Page County Youth Home
"1800 Lower Rd, Linden, NJ 07036","$363,858","3,713","Industrial, Warehouse",Public Service Elec & Gas Co,"309,403",Extra Space Storage
"441 N Kilbourn Ave, Chicago, IL 60624","$88,392","3,536","Industrial, Manufacturing",Commonwealth Edison Co,"294,640",Michael Manfren
"284 Lies Rd E, Carol Stream, IL 60188","$88,272","3,531","Industrial, Manufacturing",Commonwealth Edison Co,"294,241",Engineered Dimensions Inc
"12 Industrial Rd, Milford, MA 01757","$363,001","3,630","Industrial, Warehouse",National Grid - Massachusetts,"302,501","Cabot Properties, Inc."
"1001 Moosic Rd, Old Forge, PA 18518","$63,750","3,187","Industrial, Manufacturing",PPL Electric Utilities Corp,"265,623",Panel Prints
"2545 Schoenersville Rd, Bethlehem, PA 18017","$37,732","1,887",Hospital,PPL Electric Utilities Corp,"251,549",Lehigh Vly Hosp - Cedar Crest
"3160 Hanford Dr, Lebanon, PA 17046","$36,240","2,132",Office,Metropolitan Edison Co,"284,238",
"1301 S 47th Ave, Cicero, IL 60804","$85,847","3,434","Industrial, Manufacturing",Commonwealth Edison Co,"286,158","Schwarz Partners, L.P."
"2800 Valley Rd, Harrisburg, PA 17110","$37,900","1,895",Office,PPL Electric Utilities Corp,"252,667",U D Properties
"899 Horsham Rd, Horsham, PA 19044","$28,571","1,786",Office,PECO Energy Co,"238,088",Horsham Water and Sewer Authority
"103 Commerce Dr, Aston Township, PA 19014","$48,007","3,000","Industrial, Manufacturing",PECO Energy Co,"250,035",Bentall Kennedy
"3149 Chester Ave, Bethlehem, PA 18020","$40,294","2,015","School, Primary",PPL Electric Utilities Corp,"268,627",City of Bethlehem
"9229 W Grand Ave, Franklin Park, IL 60131","$87,194","3,488","Industrial, Manufacturing",Commonwealth Edison Co,"290,646",Digital Realty
"6835 Silver Crest Rd, Nazareth, PA 18064","$128,472","6,424","Industrial, Warehouse",PPL Electric Utilities Corp,"535,302",Trader Joe's Markets
"2145 Roosevelt Ave, Springfield, MA 01104","$242,895","4,188","Industrial, Warehouse",Eversource Energy (Formerly Western Massachusetts Elec Co),"348,987",Charles Damour
"1555 W Ogden Ave, Naperville, IL 60540","$87,255","3,490","Industrial, Manufacturing",Commonwealth Edison Co,"290,851",Dawson Naperville Realty LLC
"2595 Enterprise Cir, West Chicago, IL 60185","$87,021","3,481","Industrial, Manufacturing",Commonwealth Edison Co,"290,071",2595 Enterprise Circle LLC
"270 N Mill Rd, Vineland, NJ 08360","$203,426","2,141","Industrial, Manufacturing",Atlantic City Electric Co,"178,444",Aunt Kitty's
"200 Crossings Dr, Bristol, PA 19007","$46,832","2,927","Industrial, Manufacturing",PECO Energy Co,"243,919","20/30 Associates-Keystone, LLC"
"1575 Hunter Rd, Hanover Park, IL 60133","$86,206","3,448","Industrial, Manufacturing",Commonwealth Edison Co,"287,352",Prologis
"1191 Wheeling Rd, Wheeling, IL 60090","$85,469","3,419","Industrial, Manufacturing",Commonwealth Edison Co,"284,897",Valspar Corp.
"12720 N Old Galena Rd, Chillicothe, IL 61523","$357,977","13,258","Industrial, Manufacturing",Ameren Illinois,"1,104,867",County of Peoria
"245 Salem Church Rd, Mechanicsburg, PA 17050","$60,163","3,008","Industrial, Manufacturing",PPL Electric Utilities Corp,"250,681","Stag Mechanicsburg 3, LLC"
"132 Campanelli Industrial Dr, Brockton, MA 02301","$357,287","3,573","Industrial, Warehouse",National Grid - Massachusetts,"297,739",Peter Kane
"2834 Schoeneck Rd, Macungie, PA 18062","$59,838","2,992","Industrial, Manufacturing",PPL Electric Utilities Corp,"249,324",Blackstone
"1001 Busse Rd, Elk Grove Village, IL 60007","$84,291","3,372","Industrial, Manufacturing",Commonwealth Edison Co,"280,969",Prologis
"10901 S Langley Ave, Chicago, IL 60628","$85,772","3,431","Industrial, Manufacturing",Commonwealth Edison Co,"285,908","Ferrero U.S.A., Inc."
"31 Union Electric Rd, Burgettstown, PA 15021",—,—,"Industrial, Manufacturing",West Penn Power Co,"246,307",STORE Capital
"330 Chestnut St, East Longmeadow, MA 01028","$183,583","1,836","Industrial, Manufacturing",National Grid - Massachusetts,"152,986","M&M At Woolwich, LLC"
"6201 W Howard St, Niles, IL 60714","$86,907","3,476","Industrial, Manufacturing",Commonwealth Edison Co,"289,690",Howard Industrial
"1301 Distribution Dr, Carlisle, PA 17013","$194,469","9,723","Industrial, Warehouse",PPL Electric Utilities Corp,"810,289",Prologis
"15901 W 147th St, Lockport, IL 60491","$87,963","3,519","Industrial, Manufacturing",Commonwealth Edison Co,"293,211",Mlrp Lockport 8 LLC
"2540 Sycamore Rd, DeKalb, IL 60115","$52,881","2,115",Office,Commonwealth Edison Co,"282,032",B33 Wrangleboro II LLC
"1100 Church Ln, Easton, PA 18040","$69,635","3,482","Industrial, Warehouse",PPL Electric Utilities Corp,"290,147",Binney & Smith Inc.
"115 E Crossroads Pkwy, Bolingbrook, IL 60440","$85,417","3,417","Industrial, Manufacturing",Commonwealth Edison Co,"284,724",Tiaa
"12401 McNulty Rd, Philadelphia, PA 19154","$28,065","1,754",Office,PECO Energy Co,"233,876",Raymond Angelo
"440 N Broad St, Philadelphia, PA 19130","$28,185","1,762",Office,PECO Energy Co,"234,871",School District of Phila.
"2901 Hempland Rd, Lancaster, PA 17601","$55,771","2,789","Industrial, Manufacturing",PPL Electric Utilities Corp,"232,379","Nissin Foods (u.s.a.) Company, Inc."
"401 Moulstown Rd, Hanover, PA 17331","$54,048","3,179","Industrial, Manufacturing",Metropolitan Edison Co,"264,942",Conewago Contractors Inc
"1200 Lebanon Rd, West Mifflin, PA 15122","$114,546","7,159","Industrial, Warehouse",Duquesne Light Co,"596,593","Phoenix Investors, A Limited Liability Company"
"21505 W Mississippi Ave, Elwood, IL 60421","$85,027","3,401","Industrial, Manufacturing",Commonwealth Edison Co,"283,422",Sp Intermodal Owner 3 LLC
"725 Main St, Millis, MA 02054","$276,825","3,549","Industrial, Warehouse",Eversource Energy (Formerly NSTAR Electric Company),"295,753",C & A Partners LLC
"4001 Olympic Blvd, Joliet, IL 60431","$84,949","3,398","Industrial, Manufacturing",Commonwealth Edison Co,"283,163",Holly Losey
"830 1st Ave, King of Prussia, PA 19406","$99,958","6,247","Industrial, Warehouse",PECO Energy Co,"520,615","601 Allendale Road, LLC"
"200 Irish Rd, Berwyn, PA 19312","$29,929","1,871","School, Primary",PECO Energy Co,"249,409",PAOLI AREA SCHOOL AUTHORITY
"532 E Emaus St, Middletown, PA 17057","$101,014","5,051","Industrial, Warehouse",PPL Electric Utilities Corp,"420,890","532 E. Emaus Street Holdings, LLC"
"2919 Old Tree Dr, Lancaster, PA 17603","$55,975","2,799","Industrial, Manufacturing",PPL Electric Utilities Corp,"233,231","Stag Lancaster, LLC"
"1 Industry Ave, Joliet, IL 60435","$85,018","3,401","Industrial, Manufacturing",Commonwealth Edison Co,"283,392",Louis Plucinski
"42 Mountain Ave, Nesquehoning, PA 18240","$60,988","3,049","Industrial, Manufacturing",PPL Electric Utilities Corp,"254,116",
"1 Deka Rd, Fleetwood, PA 19522","$68,083","4,005","Industrial, Warehouse",Metropolitan Edison Co,"333,742",East Penn Mfg Co
"11200 E Roosevelt Blvd, Philadelphia, PA 19115","$105,162","6,573","Industrial, Warehouse",PECO Energy Co,"547,719",Michael Bernstein
"200 N Internationale Pkwy, Minooka, IL 60447","$85,697","3,428","Industrial, Manufacturing",Commonwealth Edison Co,"285,658",Mdh Partners LLC
"650 S Trooper Rd, Norristown, PA 19403","$42,082","2,630","Retail, Standalone",PECO Energy Co,"350,685",D V Properties
"14 Henderson Dr, West Caldwell, NJ 07006","$146,132","1,491","Industrial, Manufacturing",Public Service Elec & Gas Co,"124,262",Morris CMI Property LLC
"1001 Bluff Rd, Romeoville, IL 60446","$84,519","3,381","Industrial, Manufacturing",Commonwealth Edison Co,"281,729",Prologis
"312 Eureka St, Genoa, IL 60135","$82,056","3,282","Industrial, Manufacturing",Commonwealth Edison Co,"273,519",Casco Industries
"101 E Crossroads Pkwy, Bolingbrook, IL 60440","$84,576","3,383","Industrial, Manufacturing",Commonwealth Edison Co,"281,920",JLL
"7901 Oceano Ave, Jessup, MD 20794","$92,130","1,355","Industrial, Warehouse",Baltimore Gas & Electric Co,"112,905",Maryland Exec Office of The St
"5139 W 73rd St, Bedford Park, IL 60638","$81,675","3,267","Industrial, Manufacturing",Commonwealth Edison Co,"272,249",Tiaa
"349 Longview Dr, Bloomingdale, IL 60108","$84,794","3,392","Industrial, Manufacturing",Commonwealth Edison Co,"282,647",Stockbridge
"1 Airport Rd, Emporium, PA 15834",—,—,"Industrial, Manufacturing",West Penn Power Co,"248,691",GKN Powder Metallurgy
"9300 S Western Ave, Chicago, IL 60643","$72,183","2,887","Retail, Strip Mall",Commonwealth Edison Co,"384,977","Meijer Companies, Ltd."
"430 Gibraltar Dr, Bolingbrook, IL 60440","$84,592","3,384","Industrial, Manufacturing",Commonwealth Edison Co,"281,972",Prologis
"21511 Division St, Lockport, IL 60441","$83,904","3,356","Industrial, Manufacturing",Commonwealth Edison Co,"279,680","High Street Realty Company, LLC"
"1750 Wallace Ave, St. Charles, IL 60174","$84,104","3,364","Industrial, Manufacturing",Commonwealth Edison Co,"280,348","Vk 1750 Wallace, LLC"
"695 Louis Dr, Warminster, PA 18974","$44,852","2,803","Industrial, Manufacturing",PECO Energy Co,"233,604",Henry E Sanson & Sons Inc
"600 Packer Ave, Philadelphia, PA 19148","$41,588","2,599","Industrial, Manufacturing",PECO Energy Co,"216,602",Sysco
"1600 Spring Garden St, Philadelphia, PA 19130","$28,920","1,808","School, Primary",PECO Energy Co,"241,003",Community College of Philadelphia
"1301 Schiferl Rd, Bartlett, IL 60103","$83,762","3,350","Industrial, Manufacturing",Commonwealth Edison Co,"279,206",Crest Hill Investment LLC
"5151 W 73rd St, Bedford Park, IL 60638","$81,216","3,249","Industrial, Manufacturing",Commonwealth Edison Co,"270,720",7201 Bedford LLC
"114 High Pointe Dr, Hummelstown, PA 17036","$41,976","2,099","Retail, Strip Mall",PPL Electric Utilities Corp,"279,839","HIGH POINTE COMMONS, LP"
"705 Discovery Dr, West Chicago, IL 60185","$81,812","3,272","Industrial, Manufacturing",Commonwealth Edison Co,"272,707","Discovery Drive Investors II, L.L.C."
"601 N Farnsworth Ave, Aurora, IL 60505","$84,634","3,385","Industrial, Manufacturing",Commonwealth Edison Co,"282,113","Indaba Properties, LLC"
"1970 Easton Turnpike, Lake Ariel, PA 18436","$40,429","2,021","School, Primary",PPL Electric Utilities Corp,"269,525",Western Wayne School District
"2333 Welsh Rd, Lansdale, PA 19446","$29,082","1,818",Office,PECO Energy Co,"242,349",
"16831 Torrence Ave, Lansing, IL 60438","$53,359","2,134",Supermarket,Commonwealth Edison Co,"284,579",Village of Lansing
"1801 W Hawthorne Ln, West Chicago, IL 60185","$81,992","3,280","Industrial, Manufacturing",Commonwealth Edison Co,"273,307",Blackstone
"11240 Katherines Crossing, Lemont, IL 60439","$83,440","3,338","Industrial, Manufacturing",Commonwealth Edison Co,"278,133","Bristol Group, Inc."
"711 Algonquin Rd, Arlington Heights, IL 60005","$82,133","3,285","Industrial, Manufacturing",Commonwealth Edison Co,"273,778",Joseph Weber
"900 Kimberly Dr, Carol Stream, IL 60188","$83,832","3,353","Industrial, Manufacturing",Commonwealth Edison Co,"279,440",Dupage Buckhead
"2945 W 31st St, Chicago, IL 60623","$82,710","3,308","Industrial, Manufacturing",Commonwealth Edison Co,"275,700",Ferrara Candy Company
"1100 Glenn Clarida Dr, Marion, IL 62959","$344,849","12,772","Industrial, Manufacturing",Ameren Illinois,"1,064,348",Dalfen America Corp.
"6493 PA-309, New Tripoli, PA 18066","$37,087","1,854","School, Primary",PPL Electric Utilities Corp,"247,244",Northwstern Lhigh Elmntary Sch
"10350 Beaudin Blvd, Bolingbrook, IL 60440","$84,571","3,383","Industrial, Manufacturing",Commonwealth Edison Co,"281,903",Prologis
"4200 US-22, Blairsville, PA 15717",—,—,"Industrial, Manufacturing",West Penn Power Co,"245,328",Vivaan Metals LLC
"343 Lies Rd E, Carol Stream, IL 60188","$84,538","3,382","Industrial, Manufacturing",Commonwealth Edison Co,"281,792",Db USA Corporation
"5114 Jonestown Rd, Harrisburg, PA 17112","$41,522","2,076","Retail, Strip Mall",PPL Electric Utilities Corp,"276,812","Cedar Realty Trust, Inc."
"650 Westerly Pkwy, State College, PA 16801",—,—,Office,West Penn Power Co,"244,616",State College Area School District
"300 S Glengarry Dr, Geneva, IL 60134","$81,960","3,278","Industrial, Manufacturing",Commonwealth Edison Co,"273,199",Johnson Controls
"851 E Devon Ave, Elk Grove Village, IL 60007","$80,294","3,212","Industrial, Manufacturing",Commonwealth Edison Co,"267,647","Hamilton Partners, Inc."
"2089 Pillsbury Dr, Geneva, IL 60134","$81,088","3,244","Industrial, Manufacturing",Commonwealth Edison Co,"270,294",General Mills
"4508 Wharf Point Ct, Belcamp, MD 21017","$89,847","1,321","Industrial, Warehouse",Baltimore Gas & Electric Co,"110,107","Indecco Riverside, LLC"
"1355 Liberty St, Springfield, MA 01104","$84,075","1,450","Retail, Strip Mall",Eversource Energy (Formerly Western Massachusetts Elec Co),"193,275",1277 Liberty St LLC
"5 Ben Fairless Dr, Morrisville, PA 19067","$44,824","2,802","Industrial, Manufacturing",PECO Energy Co,"233,460",
"2600 W 16th St, Chicago, IL 60608","$82,051","3,282","Industrial, Manufacturing",Commonwealth Edison Co,"273,502",Yaman Shukairy
"376 Lies Rd E, Carol Stream, IL 60188","$82,484","3,299","Industrial, Manufacturing",Commonwealth Edison Co,"274,947",Stockbridge
"2093 Old Rte 15, New Columbia, PA 17856","$70,372","3,519","Industrial, Warehouse",PPL Electric Utilities Corp,"293,219",Momentum Solar
"11701 S Central Ave, Alsip, IL 60803","$80,731","3,229","Industrial, Manufacturing",Commonwealth Edison Co,"269,102",Partners Group (usa) Inc.
"100 Simplex Dr, Westminster, MA 01473","$170,786","1,708","Industrial, Manufacturing",National Grid - Massachusetts,"142,322","100 Simplex, LLC"
"270 W North Ave, Villa Park, IL 60181","$69,168","2,767","Retail, Strip Mall",Commonwealth Edison Co,"368,894","Mosaic Springhill, LLC"
"1611 Van Buren Rd, Easton, PA 18045","$122,188","6,109","Industrial, Warehouse",PPL Electric Utilities Corp,"509,118",Prologis
"2850 Festival Dr, Kankakee, IL 60901","$80,889","3,236","Industrial, Manufacturing",Commonwealth Edison Co,"269,631","3 Stuart Drive, LLC"
"1600 Industrial Dr, McHenry, IL 60050","$81,036","3,241","Industrial, Manufacturing",Commonwealth Edison Co,"270,120","1600 Industrial Dr Owner, LLC"
"6517 Grand Ave, Gurnee, IL 60031","$69,831","2,793","Retail, Strip Mall",Commonwealth Edison Co,"372,429",FILM BENEFIT
"2125 Rochester Dr, Montgomery, IL 60538","$81,955","3,278","Industrial, Manufacturing",Commonwealth Edison Co,"273,183",Buddig Meat Co
"8 Centennial Dr, Peabody, MA 01960",—,—,Hotel,Peabody Municipal Light Plant,"265,615",Sigma PHI Alpha Corporation
"550 W N Frontage Rd, Bolingbrook, IL 60440","$81,201","3,248","Industrial, Manufacturing",Commonwealth Edison Co,"270,670",Lba Realty LLC
"2501 W State St, New Castle, PA 16101",—,—,"Retail, Standalone",Pennsylvania Power Co - FirstEnergy,"204,560",Donald Mosites
"100 S School Ln, Lancaster, PA 17603","$40,089","2,004","School, Primary",PPL Electric Utilities Corp,"267,262",Manheim Twp High School
"25 Keystone Blvd, Pottsville, PA 17901","$109,375","5,469","Industrial, Warehouse",PPL Electric Utilities Corp,"455,728",Timothy Weber
"1440 Sheffler Dr, Chambersburg, PA 17201",—,—,"Industrial, Warehouse",West Penn Power Co,"359,709",
"1548 West Lane Rd, Machesney Park, IL 61115","$66,616","2,665","Retail, Strip Mall",Commonwealth Edison Co,"355,284","Machesney Park Legacy, LLC"
"1901 S Waukegan Rd, Waukegan, IL 60085","$81,021","3,241","Industrial, Manufacturing",Commonwealth Edison Co,"270,071","Vk 901 Mittel, LLC"
"2895 Principio Pkwy, North East, MD 21901","$288,066","5,238","Industrial, Warehouse",Delmarva Power,"436,464",Realty Income Corporation
"1819 N Major Ave, Chicago, IL 60639","$81,721","3,269","Industrial, Manufacturing",Commonwealth Edison Co,"272,405",Lala Harmesh LLC
"10800 Knights Rd, Philadelphia, PA 19114","$26,005","1,625",Hospital,PECO Energy Co,"216,708",Frankford Hospital
"816 W Progress Dr, Dixon, IL 61021","$81,150","3,246","Industrial, Manufacturing",Commonwealth Edison Co,"270,501",HWI Building Corporation
"1422 Internationale Pkwy, Woodridge, IL 60517","$82,773","3,311","Industrial, Manufacturing",Commonwealth Edison Co,"275,910",Prologis
"241 Woodbine Rd, Downingtown, PA 19335","$45,802","2,863","Industrial, Manufacturing",PECO Energy Co,"238,550","241 Woodbine Partners, LLC"
"3709 Ohio Ave, St. Charles, IL 60174","$80,549","3,222","Industrial, Manufacturing",Commonwealth Edison Co,"268,496",O E I
"1000 N Rohlwing Rd, Lombard, IL 60148","$49,827","1,993",Office,Commonwealth Edison Co,"265,742",Inland Group
"240 Kindig Ln, Hanover, PA 17331","$74,983","4,411","Industrial, Warehouse",Metropolitan Edison Co,"367,562",Utz
"2558 W 16th St, Chicago, IL 60608","$80,297","3,212","Industrial, Manufacturing",Commonwealth Edison Co,"267,658","Cinema Chicago Main, LLC"
"3433 Marshall Ln, Bensalem Township, PA 19020","$81,148","5,072","Industrial, Warehouse",PECO Energy Co,"422,645",Dennis Kubach
"230 Orland Park Pl, Orland Park, IL 60462","$68,016","2,721","Retail, Strip Mall",Commonwealth Edison Co,"362,750",D R A
"2801 S Western Ave, Chicago, IL 60608","$80,272","3,211","Industrial, Manufacturing",Commonwealth Edison Co,"267,573",Hart 2801 S. Western LLC
"1200 N Schmidt Rd, Romeoville, IL 60446","$80,171","3,207","Industrial, Manufacturing",Commonwealth Edison Co,"267,237",Lit Industrial Limited Partnership
"800 S 4th St, Denver, PA 17517","$37,409","1,870","School, Primary",PPL Electric Utilities Corp,"249,393",
"1200 Greenbriar Dr, Addison, IL 60101","$80,328","3,213","Industrial, Manufacturing",Commonwealth Edison Co,"267,761",Jll
"129 Commerce Ave, Greencastle, PA 17225",—,—,"Industrial, Warehouse",West Penn Power Co,"408,229",Donald Epstein
"11650 W Grand Ave, Northlake, IL 60164","$80,291","3,212","Industrial, Manufacturing",Commonwealth Edison Co,"267,637","T5 Data Centers, LLC"
"100 Louis Pkwy, Carlisle, PA 17015","$96,815","4,841","Industrial, Warehouse",PPL Electric Utilities Corp,"403,394",Prologis
"320 E Fullerton Ave, Carol Stream, IL 60188","$80,446","3,218","Industrial, Manufacturing",Commonwealth Edison Co,"268,155",Rebecca Levitan
"447 Old Swede Rd, Douglassville, PA 19518","$53,574","3,151","Industrial, Manufacturing",Metropolitan Edison Co,"262,617","Old Swede 23, LLC"
"950 Centerville Rd, Newville, PA 17241","$286,554","14,328","Industrial, Warehouse",PPL Electric Utilities Corp,"1,193,975",Prologis
"1455 Sequoia Dr, Aurora, IL 60506","$80,639","3,226","Industrial, Manufacturing",Commonwealth Edison Co,"268,795",Jll
"2301 Shermer Rd, Northbrook, IL 60062","$81,421","3,257","Industrial, Manufacturing",Commonwealth Edison Co,"271,402",Bfb 2
"1551 Remington Blvd, Bolingbrook, IL 60490","$78,283","3,131","Industrial, Manufacturing",Commonwealth Edison Co,"260,945",Reyes Holdings
"2800 S Ashland Ave, Chicago, IL 60608","$79,097","3,164","Industrial, Manufacturing",Commonwealth Edison Co,"263,658",Brian Lin
"2301 Lunt Ave, Elk Grove Village, IL 60007","$77,704","3,108","Industrial, Manufacturing",Commonwealth Edison Co,"259,012","Ivanhoe Cambridge, Inc."
"12144 S Avenue O, Chicago, IL 60617","$78,527","3,141","Industrial, Manufacturing",Commonwealth Edison Co,"261,758","NP Ocala Manager, LLC"
"1026 Reeves St, Dunmore, PA 18512","$57,657","2,883","Industrial, Manufacturing",PPL Electric Utilities Corp,"240,238",SL 1026-28 Reeves Street LLC
"8240 W Bryn Mawr Ave, Chicago, IL 60631","$49,152","1,966",Office,Commonwealth Edison Co,"262,142",Edward Cherry
"5764 Northwest Hwy, Crystal Lake, IL 60014","$66,679","2,667","Retail, Strip Mall",Commonwealth Edison Co,"355,620",Equity Residential
"940 Enterprise St, Aurora, IL 60504","$79,520","3,181","Industrial, Manufacturing",Commonwealth Edison Co,"265,067",Duke Realty
"679 E Dundee Rd, Palatine, IL 60074","$66,267","2,651","Retail, Strip Mall",Commonwealth Edison Co,"353,423",Target 753
"225 Phoenixville Pike, Malvern, PA 19355","$27,760","1,735","School, Primary",PECO Energy Co,"231,337",PAOLI AREA SCHOOL AUTHORITY
"400 W Crossroads Pkwy, Bolingbrook, IL 60440","$78,650","3,146","Industrial, Manufacturing",Commonwealth Edison Co,"262,165","FR JH 10, LLC"
"830 E Bishop St, Bellefonte, PA 16823",—,—,Office,West Penn Power Co,"233,989",Bellefonte Area High School
"3824 PA-309, North Whitehall Township, PA 18069","$85,880","4,294","Industrial, Warehouse",PPL Electric Utilities Corp,"357,832",Lineage
"6250 Baltimore Ave, Lansdowne, PA 19050","$87,409","5,463","Industrial, Warehouse",PECO Energy Co,"455,255",Vv2572 LLC
"4000 W Diversey Ave, Chicago, IL 60639","$49,476","1,979",Office,Commonwealth Edison Co,"263,871","4k Diversey Partners, LLC"
"1400 E 97th St, Chicago, IL 60628","$76,923","3,077","Industrial, Manufacturing",Commonwealth Edison Co,"256,411",Glen Una Properties
"11859 Central Ave, Alsip, IL 60803","$77,817","3,113","Industrial, Manufacturing",Commonwealth Edison Co,"259,391",Equity Residential
"1820 Internationale Blvd, Glendale Heights, IL 60139","$79,288","3,172","Industrial, Manufacturing",Commonwealth Edison Co,"264,294",Ares
"180 Meadow Rd, Addison, IL 60101","$78,373","3,135","Industrial, Manufacturing",Commonwealth Edison Co,"261,244",Ares
"10500 W 167th St, Orland Park, IL 60467","$77,819","3,113","Industrial, Manufacturing",Commonwealth Edison Co,"259,395",Panduit Network Systems Div
"1452 Brewster Creek Blvd, Bartlett, IL 60103","$78,292","3,132","Industrial, Manufacturing",Commonwealth Edison Co,"260,973",D R A
"425 Jaycee Dr, Hazle Township, PA 18202","$35,318","1,766",Office,PPL Electric Utilities Corp,"235,450",Karchner Family Limited Partnership
"2553 Edgington St, Franklin Park, IL 60131","$78,705","3,148","Industrial, Manufacturing",Commonwealth Edison Co,"262,349",Digital Realty
"3543 Simpson Ferry Rd, Camp Hill, PA 17011","$119,065","5,953","Industrial, Warehouse",PPL Electric Utilities Corp,"496,105",Woolworth Fw Co
"1455 W Thorndale Ave, Itasca, IL 60143","$77,888","3,116","Industrial, Manufacturing",Commonwealth Edison Co,"259,628",1406 Thorndale Investors LLC
"1010 Sesame St, Bensenville, IL 60106","$79,304","3,172","Industrial, Manufacturing",Commonwealth Edison Co,"264,346",Apexus GP LLC
"1120 W Crossroads Pkwy, Romeoville, IL 60446","$78,093","3,124","Industrial, Manufacturing",Commonwealth Edison Co,"260,310",Prologis
"370 W Crossroads Pkwy, Bolingbrook, IL 60440","$78,008","3,120","Industrial, Manufacturing",Commonwealth Edison Co,"260,027",Duke Realty
"857 Landmark Dr, Belvidere, IL 61008","$80,405","3,216","Industrial, Manufacturing",Commonwealth Edison Co,"268,015","Stag Industrial, Inc."
"3801 Lisbon Rd, Morris, IL 60450","$78,368","3,135","Industrial, Manufacturing",Commonwealth Edison Co,"261,227",COSTCO
"255 Wille Rd, Des Plaines, IL 60018","$76,689","3,068","Industrial, Manufacturing",Commonwealth Edison Co,"255,629",Prologis
"1000 Buffalo Rd, Lewisburg, PA 17837","$56,512","2,826","Industrial, Manufacturing",PPL Electric Utilities Corp,"235,467",Katz Properties LLC
"95 Aubuchon Dr, Westminster, MA 01473","$323,994","3,240","Industrial, Warehouse",National Grid - Massachusetts,"269,995",Jay Hirsh
"571 Independence Ave, Mechanicsburg, PA 17055","$91,188","4,559","Industrial, Warehouse",PPL Electric Utilities Corp,"379,948",Prologis
"200 Performance Dr, Mahwah, NJ 07495","$130,661","2,178",Office,Rockland Electric Co,"290,358",State Line Sg Holdings LLC
"365 Crossing Rd, Bolingbrook, IL 60440","$78,317","3,133","Industrial, Manufacturing",Commonwealth Edison Co,"261,058",Prologis
"6634 W 68th St, Chicago, IL 60638","$76,028","3,041","Industrial, Manufacturing",Commonwealth Edison Co,"253,425",6634 L.L.C.
"991 Supreme Dr, Bensenville, IL 60106","$77,709","3,108","Industrial, Manufacturing",Commonwealth Edison Co,"259,030",Prologis
"6700 W 73rd St, Bedford Park, IL 60638","$75,711","3,028","Industrial, Manufacturing",Commonwealth Edison Co,"252,371",UPS
"905 Carlow Dr, Bolingbrook, IL 60490","$76,131","3,045","Industrial, Manufacturing",Commonwealth Edison Co,"253,769",Blackstone
"904 Woods Rd, Cambridge, MD 21613","$125,318","2,279","Industrial, Manufacturing",Delmarva Power,"189,875",Treehouse
"1401 E Algonquin Rd, Arlington Heights, IL 60005","$76,580","3,063","Industrial, Manufacturing",Commonwealth Edison Co,"255,266",City Beverage
"1340 Hickory Ln, Allentown, PA 18106","$52,811","2,641","Industrial, Manufacturing",PPL Electric Utilities Corp,"220,047",Sappi Fine Paper
"1515 E 98th St, Chicago, IL 60628","$75,456","3,018","Industrial, Manufacturing",Commonwealth Edison Co,"251,520",Glen Una Properties
"126 Grove St, Franklin, MA 02038","$321,216","3,212","Industrial, Warehouse",National Grid - Massachusetts,"267,680",
"401 S Rohlwing Rd, Addison, IL 60101","$77,696","3,108","Industrial, Manufacturing",Commonwealth Edison Co,"258,986","J & B Holdings Group, LLC"
"4401 Eastern Ave, Baltimore, MD 21224","$72,384","1,064","Industrial, Manufacturing",Baltimore Gas & Electric Co,"88,706",Crown
"1800 Industrial Dr, Libertyville, IL 60048","$75,984","3,039","Industrial, Manufacturing",Commonwealth Edison Co,"253,281",Scott Rosenbach
"74 New York Ave, Framingham, MA 01701","$115,737","1,484","Industrial, Manufacturing",Eversource Energy (Formerly NSTAR Electric Company),"123,651",Genzyme Corporation
"1001 S Main St, Rochelle, IL 61068","$75,738","3,030","Industrial, Manufacturing",Commonwealth Edison Co,"252,459","Rochelle Foods, LLC"
"1900 5th Ave, River Grove, IL 60171","$77,400","3,096","Industrial, Manufacturing",Commonwealth Edison Co,"258,001",Mapletree US Management LLC
"160 Research Drive, Pittston, PA 18640","$95,286","4,764","Industrial, Warehouse",PPL Electric Utilities Corp,"397,023","100 Technology Drive, LLC"
"21701 Mark Collins Dr, Sauk Village, IL 60411","$76,850","3,074","Industrial, Manufacturing",Commonwealth Edison Co,"256,167",Blackstone
"4001 Rock Creek Blvd, Joliet, IL 60431","$77,424","3,097","Industrial, Manufacturing",Commonwealth Edison Co,"258,080",Brookfield Asset Management LLC
"485 Lies Rd E, Carol Stream, IL 60188","$77,582","3,103","Industrial, Manufacturing",Commonwealth Edison Co,"258,606",FIC America Corp.
"1000 Davey Rd, Woodridge, IL 60517","$78,240","3,130","Industrial, Manufacturing",Commonwealth Edison Co,"260,800",Tiaa
"180 Courtright St, Wilkes-Barre, PA 18702","$35,430","1,772",Office,PPL Electric Utilities Corp,"236,200",Rh Courtright LLC
"800 Airport Rd, North Aurora, IL 60542","$76,871","3,075","Industrial, Manufacturing",Commonwealth Edison Co,"256,237","Bixby Bridge Capital, LLC"
"1950 W North Ave, Melrose Park, IL 60160","$75,851","3,034","Industrial, Manufacturing",Commonwealth Edison Co,"252,836","1950 Ruby Building, LLC"
"55 Lyman St, Northborough, MA 01532","$317,450","3,175","Industrial, Warehouse",National Grid - Massachusetts,"264,542",New York Life
"2929 Schoeneck Rd, Macungie, PA 18062","$95,952","4,798","Industrial, Warehouse",PPL Electric Utilities Corp,"399,800",Lehigh Bci-oef
"1700 Harrisburg Pike, Carlisle, PA 17015","$92,472","4,624","Industrial, Warehouse",PPL Electric Utilities Corp,"385,299",Northpoint Development
"10 International Way, Lawrence, MA 01843","$313,796","3,138","Industrial, Warehouse",National Grid - Massachusetts,"261,497",New Balance
"6310 W Touhy Ave, Niles, IL 60714","$77,229","3,089","Industrial, Manufacturing",Commonwealth Edison Co,"257,431",Joseph Sochacio
"400 Maple Ave, Carpentersville, IL 60110","$76,115","3,045","Industrial, Manufacturing",Commonwealth Edison Co,"253,715",Carpentersville Finance Dept
"2801 Busse Rd, Elk Grove Village, IL 60007","$76,464","3,059","Industrial, Manufacturing",Commonwealth Edison Co,"254,880",ML Realty Partners LP
"2900 E Lincolnway, Sterling, IL 61081","$62,679","2,507","Retail, Strip Mall",Commonwealth Edison Co,"334,286",Namdar Realty Group LLC
"2500 Internationale Pkwy, Woodridge, IL 60517","$76,490","3,060","Industrial, Manufacturing",Commonwealth Edison Co,"254,968",Prologis
"1040 Center Ave, Pottstown, PA 19464","$94,294","5,893","Industrial, Warehouse",PECO Energy Co,"491,112",DANA
"800 Albion Ave, Schaumburg, IL 60193","$75,191","3,008","Industrial, Manufacturing",Commonwealth Edison Co,"250,638",Aew Real Estate Advisors
"5001 W 66th St, Bedford Park, IL 60638","$73,808","2,952","Industrial, Manufacturing",Commonwealth Edison Co,"246,027",Giovanni Delisi
"750 Northgate Pkwy, Wheeling, IL 60090","$75,375","3,015","Industrial, Manufacturing",Commonwealth Edison Co,"251,251",Durable Packaging Intl
"1900 Kenmore Ave, Jenkintown, PA 19046","$84,125","5,258","Industrial, Warehouse",PECO Energy Co,"438,154",SPS Technologies Inc
"105 E Street Rd, Feasterville-Trevose, PA 19053","$32,048","2,003","Retail, Strip Mall",PECO Energy Co,"267,070","Bet Investments, Inc."
"2631 S Western Ave, Chicago, IL 60608","$75,167","3,007","Industrial, Manufacturing",Commonwealth Edison Co,"250,556",Lineage Logistics
"175 Mercedes Dr, Carol Stream, IL 60188","$76,604","3,064","Industrial, Manufacturing",Commonwealth Edison Co,"255,348",Timothy Weber
"5400 Perkiomen Ave, Reading, PA 19606","$35,917","2,113","Retail, Strip Mall",Metropolitan Edison Co,"281,700",David Lavipour
"2701 Busse Rd, Elk Grove Village, IL 60007","$75,946","3,038","Industrial, Manufacturing",Commonwealth Edison Co,"253,153",Nancy Kozinski
"1160 Pierson Dr, Batavia, IL 60510","$75,512","3,020","Industrial, Manufacturing",Commonwealth Edison Co,"251,705",Timothy Weber
"6115 Monroe Ct, Morton Grove, IL 60053","$76,363","3,055","Industrial, Manufacturing",Commonwealth Edison Co,"254,543",Brookfield Asset Management LLC
"850 Central Ave, Hanover Park, IL 60133","$75,924","3,037","Industrial, Manufacturing",Commonwealth Edison Co,"253,081",Blackstone
"2323 Reach Rd, Williamsport, PA 17701","$56,011","2,801","Industrial, Manufacturing",PPL Electric Utilities Corp,"233,381",Sk Tools USA LLC
"5400 Langdon St, Philadelphia, PA 19149","$40,112","2,507","Industrial, Manufacturing",PECO Energy Co,"208,917","NP WHITAKER AVE INDUSTRIAL, LLC"
"2760 Spectrum Dr, Elgin, IL 60124","$76,443","3,058","Industrial, Manufacturing",Commonwealth Edison Co,"254,811",NP Nwcp 2760-2770 Spectrum LLC
"900 E Park Ave, Libertyville, IL 60048","$76,812","3,072","Industrial, Manufacturing",Commonwealth Edison Co,"256,041","TEC Leasing, Inc."
"888 N Keyser Ave, Scranton, PA 18504","$39,797","1,990","Retail, Strip Mall",PPL Electric Utilities Corp,"265,313",Azek Company
"10 N Mitchell Ct, Addison, IL 60101","$75,622","3,025","Industrial, Manufacturing",Commonwealth Edison Co,"252,073",Prologis
"1155 W Devon Ave, Itasca, IL 60143","$75,048","3,002","Industrial, Manufacturing",Commonwealth Edison Co,"250,160",Bridge Development Partners LLC
"301 Arthur Ct, Bensenville, IL 60106","$74,465","2,979","Industrial, Manufacturing",Commonwealth Edison Co,"248,218",Victor Envelope
"3145 Central Ave, Waukegan, IL 60085","$73,060","2,922","Industrial, Manufacturing",Commonwealth Edison Co,"243,533",Wochinske Ratteree Realty LLC
"1717 Busse Rd, Elk Grove Village, IL 60007","$73,149","2,926","Industrial, Manufacturing",Commonwealth Edison Co,"243,830",Duke Realty Ohio
"6751 S Sayre Ave, Bedford Park, IL 60638","$73,200","2,928","Industrial, Manufacturing",Commonwealth Edison Co,"244,001",Plymouth Reit
"180 Levittown Pkwy, Levittown, PA 19054","$32,451","2,028","Retail, Strip Mall",PECO Energy Co,"270,427",Walmart
"470 W Crossroads Pkwy, Bolingbrook, IL 60440","$74,721","2,989","Industrial, Manufacturing",Commonwealth Edison Co,"249,071",Prologis
"2583 Technology Dr, Elgin, IL 60124","$76,093","3,044","Industrial, Manufacturing",Commonwealth Edison Co,"253,644",NP Nwcp 2583-2589 Technology LLC
"1055 W Devon Ave, Itasca, IL 60143","$74,682","2,987","Industrial, Manufacturing",Commonwealth Edison Co,"248,940","Bridge Itasca, LLC"
"1905 S Mt Prospect Rd, Des Plaines, IL 60018","$74,782","2,991","Industrial, Manufacturing",Commonwealth Edison Co,"249,274",Mlrp Quaker LLC
"301 N 3rd Ave, Des Plaines, IL 60016","$74,787","2,991","Industrial, Manufacturing",Commonwealth Edison Co,"249,289",The Pauls Corporation LLC
"9658 W Hills Ct, Kutztown, PA 19530","$69,631","4,096","Industrial, Warehouse",Metropolitan Edison Co,"341,328",Watson Land Co
"146 Dascomb Rd, Andover, MA 01810","$288,942","2,889","Industrial, Warehouse",National Grid - Massachusetts,"240,785",Nbpiii Sbar Solar LLC
"386 Internationale Blvd, Bolingbrook, IL 60440","$74,573","2,983","Industrial, Manufacturing",Commonwealth Edison Co,"248,578",Ryan Hesch
"1520 Elkton Rd, Elkton, MD 21921","$214,998","3,909","Industrial, Warehouse",Delmarva Power,"325,755",Reyes Holdings
"700 W Street Rd, Warminster, PA 18974","$32,443","2,028","Retail, Strip Mall",PECO Energy Co,"270,357",Summit Trace Apartments
"1251 Kingsland Dr, Batavia, IL 60510","$74,711","2,988","Industrial, Manufacturing",Commonwealth Edison Co,"249,038","Lineage IL Bartlett Re, LLC"
"1601 W Hawthorne Ln, West Chicago, IL 60185","$73,545","2,942","Industrial, Manufacturing",Commonwealth Edison Co,"245,149",Blackstone
"12625 S Carondolet Ave, Chicago, IL 60633","$74,455","2,978","Industrial, Manufacturing",Commonwealth Edison Co,"248,184",Northpoint Development
"1755 N Butterfield Rd, Libertyville, IL 60048","$75,355","3,014","Industrial, Manufacturing",Commonwealth Edison Co,"251,182","Stag Industrial, Inc."
"800 River Rd, Conshohocken, PA 19428","$89,141","5,571","Industrial, Warehouse",PECO Energy Co,"464,278",Rich Heaney
"2600 Internationale Pkwy, Woodridge, IL 60517","$74,363","2,975","Industrial, Manufacturing",Commonwealth Edison Co,"247,877","Woodridge Building, LLC"
"2000 Clearwater Dr, Des Plaines, IL 60018","$74,195","2,968","Industrial, Manufacturing",Commonwealth Edison Co,"247,316",Prologis
"601 Meadowlands Blvd, Washington, PA 15301",—,—,"Industrial, Warehouse",West Penn Power Co,"307,281",
"1015 W Devon Ave, Itasca, IL 60143","$73,621","2,945","Industrial, Manufacturing",Commonwealth Edison Co,"245,402","Bridge Itasca, LLC"
"800 Corporate Grove Dr, Buffalo Grove, IL 60089","$73,335","2,933","Industrial, Manufacturing",Commonwealth Edison Co,"244,450",Ball
"3000 Island Ave, Philadelphia, PA 19153","$31,628","1,977","Retail, Strip Mall",PECO Energy Co,"263,565",Penrose Plaza
"1801 Monmouth Blvd, Galesburg, IL 61401","$305,631","11,320","Industrial, Manufacturing",Ameren Illinois,"943,305","Phoenix Investors, A Limited Liability Company"
"1375 N Meacham Rd, Schaumburg, IL 60173","$62,444","2,498","Retail, Strip Mall",Commonwealth Edison Co,"333,032",
"100 E Oakton St, Des Plaines, IL 60018","$73,581","2,943","Industrial, Manufacturing",Commonwealth Edison Co,"245,271",International Paper
"2500 E Lincoln Hwy, Langhorne, PA 19047","$31,820","1,989","Retail, Strip Mall",PECO Energy Co,"265,165",Apollo
"1700 Crossroads Dr, Joliet, IL 60431","$73,498","2,940","Industrial, Manufacturing",Commonwealth Edison Co,"244,992",Joliet Regional & Nat Zone
"16530 W 163rd St, Lockport, IL 60441","$75,334","3,013","Industrial, Manufacturing",Commonwealth Edison Co,"251,113",PANDUIT CORP
"200 Blair Mill Rd, Horsham, PA 19044","$31,232","1,952","Retail, Strip Mall",PECO Energy Co,"260,268","Hampa Realty, LLC"
"19800 W Arsenal Rd, Wilmington, IL 60481","$73,092","2,924","Industrial, Manufacturing",Commonwealth Edison Co,"243,639",Hoisting Prtble Shvel Engners
"5675 N Front St, Philadelphia, PA 19120","$30,914","1,932","Retail, Strip Mall",PECO Energy Co,"257,613",O&O Owner LLC
"325 E Palatine Rd, Arlington Heights, IL 60004","$61,519","2,461","Retail, Strip Mall",Commonwealth Edison Co,"328,100","TOWN & COUNTRY CHICAGO ASSOCIATES, LLC."
"300 W Armory Dr, South Holland, IL 60473","$72,602","2,904","Industrial, Manufacturing",Commonwealth Edison Co,"242,005",Brennan Investment Group
"2200 Tempel Dr, Libertyville, IL 60048","$72,218","2,889","Industrial, Manufacturing",Commonwealth Edison Co,"240,726",Jnr LLC
"7330 Santa Fe Dr, Hodgkins, IL 60525","$72,259","2,890","Industrial, Manufacturing",Commonwealth Edison Co,"240,864","Generis Holdings, LP"
"11740 S Austin Ave, Alsip, IL 60803","$70,424","2,817","Industrial, Manufacturing",Commonwealth Edison Co,"234,746","Cabot Industrial Core Fund II Operating Partnership, L.P."
"6112 W 73rd St, Bedford Park, IL 60638","$70,609","2,824","Industrial, Manufacturing",Commonwealth Edison Co,"235,364",Mdh Partners LLC
"30465 N Waukegan Rd, Libertyville, IL 60048","$72,102","2,884","Industrial, Manufacturing",Commonwealth Edison Co,"240,341",Multi-Div
"2001 Park Manor Blvd, Pittsburgh, PA 15205","$18,945","1,184","Retail, Strip Mall",Duquesne Light Co,"157,872","IKEA PROPERTY, INC."
"501 Mallick Rd, Oglesby, IL 61348","$59,677","2,387","Retail, Strip Mall",Commonwealth Edison Co,"318,278",
"5660 Rising Sun Ave, Philadelphia, PA 19120","$91,211","5,701","Industrial, Warehouse",PECO Energy Co,"475,057",Anthony Grelli
"1977 Fall River Ave, Seekonk, MA 02771","$298,597","2,986","Industrial, Warehouse",National Grid - Massachusetts,"248,831",Seekonk Driving Range
"1111 Winpak Way, Sauk Village, IL 60411","$72,262","2,890","Industrial, Manufacturing",Commonwealth Edison Co,"240,873","Winpak Portion Packaging, Inc."
"400 Boulder Dr, Breinigsville, PA 18031","$83,778","4,189","Industrial, Warehouse",PPL Electric Utilities Corp,"349,077",Prologis
"900 Windham Pkwy, Romeoville, IL 60446","$71,505","2,860","Industrial, Manufacturing",Commonwealth Edison Co,"238,349","Clarion Partners, LLC"
"3830 Union Deposit Rd, Harrisburg, PA 17109","$36,116","1,806","Retail, Strip Mall",PPL Electric Utilities Corp,"240,774",Andrew Denardo
"4704 W Roosevelt Rd, Chicago, IL 60644","$70,702","2,828","Industrial, Manufacturing",Commonwealth Edison Co,"235,673","Gatto Industrial Platers, Inc."
"7979 183rd St, Tinley Park, IL 60477","$72,262","2,890","Industrial, Manufacturing",Commonwealth Edison Co,"240,874",Andrew Zgutowicz
"191 NJ-31, Washington, NJ 07882","$84,461","1,760","Industrial, Manufacturing",Jersey Central Power & Lt Co,"146,634",Silgan Holdings Inc.
"4630 W 55th St, Chicago, IL 60632","$70,858","2,834","Industrial, Manufacturing",Commonwealth Edison Co,"236,192",O & K American Corp.
"5540 Northwest Hwy, Crystal Lake, IL 60014","$59,772","2,391","Retail, Strip Mall",Commonwealth Edison Co,"318,785",D R A
"219 Allen Rd, Carlisle, PA 17013","$84,155","4,208","Industrial, Warehouse",PPL Electric Utilities Corp,"350,647",Prologis
"200 Bowman Rd, Hanover, PA 17331","$28,243","1,661","School, Primary",Metropolitan Edison Co,"221,513",South Western High School
"275 John Hancock Rd, Taunton, MA 02780","$293,917","2,939","Industrial, Warehouse",National Grid - Massachusetts,"244,931",James Campbell Company LLC
"6100 W 73rd St, Bedford Park, IL 60638","$68,848","2,754","Industrial, Manufacturing",Commonwealth Edison Co,"229,493",Mdh Partners LLC
"1600 N Cedar Crest Blvd, Allentown, PA 18104","$36,049","1,802","Retail, Strip Mall",PPL Electric Utilities Corp,"240,329",Target
"795 Kimberly Dr, Carol Stream, IL 60188","$71,007","2,840","Industrial, Manufacturing",Commonwealth Edison Co,"236,690",Nta Precision Axle Corporation
"1004 E Illinois St, Assumption, IL 62510","$292,611","10,837","Industrial, Manufacturing",Ameren Illinois,"903,119",American Industrial Partners
"2500 Westfield Dr, Elgin, IL 60124","$44,150","1,766",Office,Commonwealth Edison Co,"235,466",Adventus US Realty 9 LP
"30 Trinity Point Dr, Washington, PA 15301",—,—,"Retail, Strip Mall",West Penn Power Co,"229,775",Point 1 Trinity Ltd
"26 Southbridge St, Auburn, MA 01501","$208,289","2,083","Industrial, Warehouse",National Grid - Massachusetts,"173,574",Westbrook Partners
"1011 Shoppes Blvd, Moosic, PA 18507","$37,352","1,868","Retail, Strip Mall",PPL Electric Utilities Corp,"249,016","Dave & Buster's of New Mexico, Inc."
"81 Century Dr, Ambridge, PA 15003","$24,376","1,524","Industrial, Manufacturing",Duquesne Light Co,"126,960",Metals USA
"3557 Butterfield Rd, Aurora, IL 60502","$70,876","2,835","Industrial, Manufacturing",Commonwealth Edison Co,"236,253",Prologis
"644-680 S 10th St, Allentown, PA 18103","$48,567","2,428","Industrial, Manufacturing",PPL Electric Utilities Corp,"202,364",Bulldog LLC
"33 Runway Rd, Levittown, PA 19057","$73,900","4,619","Industrial, Warehouse",PECO Energy Co,"384,895",FILM BENEFIT
"925 Central Ave, University Park, IL 60484","$70,960","2,838","Industrial, Manufacturing",Commonwealth Edison Co,"236,535",National Tube Supply Company
"17 Unytite Dr, La Salle, IL 61301","$289,525","10,723","Industrial, Manufacturing",Ameren Illinois,"893,597",James Hardie
"326 June Ave, Blandon, PA 19510","$71,116","4,183","Industrial, Warehouse",Metropolitan Edison Co,"348,610","Can Corporation of America, Inc."
"1601 Cottman Ave, Philadelphia, PA 19111","$23,129","1,446","School, Primary",PECO Energy Co,"192,744",City of Philadelphia
"5 S Spencer Rd, Spencer, MA 01562","$143,548","1,435","Industrial, Manufacturing",National Grid - Massachusetts,"119,623",Jmn Realty Associates
"1201 St Charles St, Elgin, IL 60120","$71,426","2,857","Industrial, Manufacturing",Commonwealth Edison Co,"238,087",ITW
"605 Kuebler Rd, Easton, PA 18040","$79,961","3,998","Industrial, Warehouse",PPL Electric Utilities Corp,"333,170",KOCH HYDROCARBON COMPANY
"6771 Silver Crest Rd, Nazareth, PA 18064","$101,434","5,072","Industrial, Warehouse",PPL Electric Utilities Corp,"422,643",Thermo Fisher
"2 Danada Square W, Wheaton, IL 60189","$59,326","2,373","Retail, Strip Mall",Commonwealth Edison Co,"316,404","Ch Realty X-Dlc R Wheaton Danada West, L.L.C."
"225 Cross Farm Ln, York, PA 17406","$162,243","8,112","Industrial, Warehouse",PPL Electric Utilities Corp,"676,014","First Industrial Realty Trust, Inc."
"6260 E State St, Rockford, IL 61108","$58,304","2,332","Retail, Strip Mall",Commonwealth Edison Co,"310,952","Rockford State Street Venture, LLC"
"201 Cumberland Pkwy, Mechanicsburg, PA 17055","$82,205","4,110","Industrial, Warehouse",PPL Electric Utilities Corp,"342,519",Blackstone
"2500 McDonough St, Joliet, IL 60436","$67,400","2,696","Industrial, Manufacturing",Commonwealth Edison Co,"224,668",Mary Tippmann
"4901 Kesslersville Rd, Easton, PA 18040","$89,503","4,475","Industrial, Warehouse",PPL Electric Utilities Corp,"372,931",Victaulic Company of America
"318 June Ave, Blandon, PA 19510","$71,118","4,183","Industrial, Warehouse",Metropolitan Edison Co,"348,619",Blue Star Cooking
"6809 W 159th St, Tinley Park, IL 60477","$57,988","2,320","Retail, Strip Mall",Commonwealth Edison Co,"309,270","Menard, Inc."
"2600 Sutton Rd, Hoffman Estates, IL 60192","$56,918","2,277","Retail, Strip Mall",Commonwealth Edison Co,"303,563",Harbert Corporation
"20 Freedom Way, Franklin, MA 02038","$285,167","2,852","Industrial, Warehouse",National Grid - Massachusetts,"237,639",New York Life
"514 S Rte 59, Naperville, IL 60540","$58,584","2,343","Retail, Strip Mall",Commonwealth Edison Co,"312,448",M R
"2500 N Pulaski Rd, Chicago, IL 60639","$58,083","2,323","Retail, Strip Mall",Commonwealth Edison Co,"309,774",2470 NORTH MILWAUKEE CORP.
"1110 E Princess St, York, PA 17403","$43,224","2,543","Industrial, Manufacturing",Metropolitan Edison Co,"211,883",Kinsley Manufacturing
"1700 Shearer Dr, Carlisle, PA 17013","$64,316","3,216","Industrial, Warehouse",PPL Electric Utilities Corp,"267,982",Allen Distribution
"2101 Belvidere Rd, Waukegan, IL 60085","$57,673","2,307","Retail, Strip Mall",Commonwealth Edison Co,"307,591",Imperial Realty Co
"2701 N Kildare Ave, Chicago, IL 60639","$68,297","2,732","Industrial, Manufacturing",Commonwealth Edison Co,"227,656",Margolin
"4999 Columbia Blvd, Bloomsburg, PA 17815","$50,580","2,529","Industrial, Manufacturing",PPL Electric Utilities Corp,"210,750",Silver Creek
"7701 W 71st St, Bridgeview, IL 60455","$65,493","2,620","Industrial, Manufacturing",Commonwealth Edison Co,"218,309",Signode Midwest Steel
"10924 Terminal Rd, Mapleton, IL 61547","$283,126","10,486","Industrial, Manufacturing",Ameren Illinois,"873,845",Caterpillar
"14700 4th St, Laurel, MD 20707","$127,427","1,874",Multi-Family,Baltimore Gas & Electric Co,"249,857","Kmf Sierra Canyon, LLC"
"1947 N Delany Rd, Gurnee, IL 60031","$135,101","5,404","Industrial, Warehouse",Commonwealth Edison Co,"450,337","Westmount Realty Capital, L.L.C."
"4371 County Line Rd, Chalfont, PA 18914","$67,877","4,242","Industrial, Warehouse",PECO Energy Co,"353,528",Quadgraphics
"6300 W Howard St, Niles, IL 60714","$67,646","2,706","Industrial, Manufacturing",Commonwealth Edison Co,"225,485",Woodward
"300 Heinz St, Mechanicsburg, PA 17055","$79,733","3,987","Industrial, Warehouse",PPL Electric Utilities Corp,"332,221",One Eighteen-M L.L.C.
"619 Shrewsbury Commons Ave, Shrewsbury, PA 17361","$29,940","1,761","Retail, Standalone",Metropolitan Edison Co,"234,823",Commonwealth of Pennsylvania
"3200 S Kilbourn Ave, Chicago, IL 60623","$67,187","2,687","Industrial, Manufacturing",Commonwealth Edison Co,"223,956",Angelo Gordon & Co
"954 Centerville Rd, Newville, PA 17241","$53,759","2,688","Industrial, Warehouse",PPL Electric Utilities Corp,"223,995",PanCal 954 Centerville (Unit B) LLC
"14 Aegean Dr, Methuen, MA 01844","$280,663","2,807","Industrial, Warehouse",National Grid - Massachusetts,"233,886",New York Life
"955 Oak Hill Rd, Mountain Top, PA 18707","$48,787","2,439","Industrial, Manufacturing",PPL Electric Utilities Corp,"203,279",
"8200 Austin Ave, Morton Grove, IL 60053","$68,860","2,754","Industrial, Manufacturing",Commonwealth Edison Co,"229,534",W.P. Carey
"970 Fellsway, Medford, MA 02155","$280,338","2,803","Industrial, Warehouse",National Grid - Massachusetts,"233,615",Davis Companies The
"8783 Congdon Hill Dr, Alburtis, PA 18011","$109,716","5,486","Industrial, Warehouse",PPL Electric Utilities Corp,"457,150",Prologis
"675 California Rd, Quakertown, PA 18951","$70,355","4,397","Industrial, Warehouse",PECO Energy Co,"366,433",Selina Hill
"3801 S Cicero Ave, Chicago, IL 60804","$66,798","2,672","Industrial, Manufacturing",Commonwealth Edison Co,"222,660",Exxonmobil Public Affairs
"1200 St Charles St, Elgin, IL 60120","$68,071","2,723","Industrial, Manufacturing",Commonwealth Edison Co,"226,905",Davco 1200 Charles LLC
"110 Pitney Rd, Lancaster, PA 17602","$43,730","2,187","Industrial, Manufacturing",PPL Electric Utilities Corp,"182,209",Dart Container Corporation of Pennsylvania
"200 Cabot Blvd E, Langhorne, PA 19047","$75,964","4,748","Industrial, Warehouse",PECO Energy Co,"395,644",General Motors
"310 Hancock Blvd, Reading, PA 19611","$72,959","3,648","Industrial, Warehouse",PPL Electric Utilities Corp,"303,995",Cibolo Creek Ranch
"21 Century Dr, Ambridge, PA 15003","$23,528","1,471","Industrial, Manufacturing",Duquesne Light Co,"122,544","Sippel Industries, LLC"
"1334 US-9, Toms River, NJ 08755","$48,286","1,006","Retail, Strip Mall",Jersey Central Power & Lt Co,"134,128",New Jersey Turnpike Authority Inc
"2999 Guilford Springs Rd, Chambersburg, PA 17202",—,—,"Industrial, Warehouse",West Penn Power Co,"518,596",Commonwealth of Pennsylvania
"2000 Chemical Rd, Plymouth Meeting, PA 19462","$28,771","1,798","Retail, Strip Mall",PECO Energy Co,"239,757",Preit
"1915 E 3rd St, Williamsport, PA 17701","$35,642","1,782","Retail, Strip Mall",PPL Electric Utilities Corp,"237,616",
"1151 Beaver St, Bristol, PA 19007","$82,029","5,127","Industrial, Warehouse",PECO Energy Co,"427,234",David Rauch
"100 Pullman Square, Butler, PA 16001",—,—,"Retail, Strip Mall",West Penn Power Co,"221,610",Penn Plaza Apartments
"1551 E Willow St, Kankakee, IL 60901","$64,992","2,600","Industrial, Manufacturing",Commonwealth Edison Co,"216,639",Blackstone
"465 Railroad Ave, Camp Hill, PA 17011","$85,820","4,291","Industrial, Warehouse",PPL Electric Utilities Corp,"357,585","Kelll Columbia Gateway Sub, LLC"
"2500 W 95th St, Evergreen Park, IL 60805","$56,255","2,250","Retail, Strip Mall",Commonwealth Edison Co,"300,027",Walmart
"3801 US-50, Olney, IL 62450","$271,805","10,067","Industrial, Manufacturing",Ameren Illinois,"838,905",Walmart
"900 S Barrington Rd, Streamwood, IL 60107","$55,359","2,214","Retail, Strip Mall",Commonwealth Edison Co,"295,248",
"601 Northwest Ave, Northlake, IL 60164","$64,661","2,586","Industrial, Manufacturing",Commonwealth Edison Co,"215,538",Microsoft
"131 Fulling Mill Rd, Middletown, PA 17057","$44,742","2,237","Industrial, Manufacturing",PPL Electric Utilities Corp,"186,424",Stepehn Panos
"82 Taunton Depot Dr, Taunton, MA 02780","$95,990",960,"Retail, Strip Mall",National Grid - Massachusetts,"127,987",Jz Management LLC
"100 Duchaine Blvd, New Bedford, MA 02745","$86,877","1,114","Industrial, Manufacturing",Eversource Energy (Formerly NSTAR Electric Company),"92,817",Parallel Products
"350 N Cross St, Sycamore, IL 60178","$63,364","2,535","Industrial, Manufacturing",Commonwealth Edison Co,"211,212","BCM Industrial Park, LLC"
"23415 Three Notch Rd, California, MD 20619",—,—,"Retail, Strip Mall",Southern Maryland Elec Coop Inc,"292,661","Finmarc Management, Inc."
"431 Railroad Ave, Camp Hill, PA 17011","$77,631","3,882","Industrial, Warehouse",PPL Electric Utilities Corp,"323,461","First Industrial Realty Trust, Inc."
"601 N Martingale Rd, Schaumburg, IL 60173","$54,431","2,177","Retail, Strip Mall",Commonwealth Edison Co,"290,300",Blackstone
"4599 Perkiomen Ave, Reading, PA 19606","$30,355","1,786","Retail, Strip Mall",Metropolitan Edison Co,"238,078",T-3735 Food Dist Ctr Fdc
"1102 N Park Dr, Hazle Township, PA 18202","$109,371","5,469","Industrial, Warehouse",PPL Electric Utilities Corp,"455,714","United States Cold Storage, Inc."
"2320 Newlins Mill Rd, Easton, PA 18045","$86,226","4,311","Industrial, Warehouse",PPL Electric Utilities Corp,"359,277",Timothy Weber
"68 Green Mountain Rd, Ringtown, PA 17967","$76,557","3,828","Industrial, Warehouse",PPL Electric Utilities Corp,"318,987",Eqt Exeter
"7225 Santa Fe Dr, Hodgkins, IL 60525","$62,297","2,492","Industrial, Manufacturing",Commonwealth Edison Co,"207,657","Cabot Properties, Inc."
"101 E County Line Rd, Warminster Heights, PA 18974","$21,370","1,336",Office,PECO Energy Co,"178,086",Vv330 Sponsor LLC
"7144 Daniels Dr, Allentown, PA 18106","$72,708","3,635","Industrial, Warehouse",PPL Electric Utilities Corp,"302,951",Thomas Hurley
"1110 American Pkwy, Allentown, PA 18109","$27,205","1,360",Office,PPL Electric Utilities Corp,"181,368",Patriot American Parkway
"4410 Industrial Park Rd, Camp Hill, PA 17011","$42,562","2,128","Industrial, Manufacturing",PPL Electric Utilities Corp,"177,343","Hager Pacific Properties, LLC"
"1490 Nitterhouse Dr, Chambersburg, PA 17201",—,—,"Industrial, Warehouse",West Penn Power Co,"418,672",Prologis
"409 Reighard Ave, Williamsport, PA 17701","$46,075","2,304","Industrial, Manufacturing",PPL Electric Utilities Corp,"191,978",Prysmian Cable & Systems USA
"1490 Dennison Cir, Carlisle, PA 17013","$74,492","3,725","Industrial, Warehouse",PPL Electric Utilities Corp,"310,383","First Industrial Realty Trust, Inc."
"7570 Industrial Park Way, Macungie, PA 18062","$76,446","3,822","Industrial, Warehouse",PPL Electric Utilities Corp,"318,526","Clarion Partners, LLC"
"2211 Ravine Way, Glenview, IL 60025","$53,567","2,143","Retail, Strip Mall",Commonwealth Edison Co,"285,688",Mid-America Asset Management
"6508 S Lavergne Ave, Bedford Park, IL 60638","$59,459","2,378","Industrial, Manufacturing",Commonwealth Edison Co,"198,196",Phillip Mumford
"100 Lunger Dr, Bloomsburg, PA 17815","$33,098","1,655","Retail, Strip Mall",PPL Electric Utilities Corp,"220,652",WAL-MART REALTY COMPANY
"4055 211th St, Matteson, IL 60443","$53,074","2,123","Retail, Strip Mall",Commonwealth Edison Co,"283,063",Route 30 & Governors LLC
"101 W Church Rd, King of Prussia, PA 19406","$72,711","4,544","Industrial, Warehouse",PECO Energy Co,"378,701",Kin Properties Inc.
"345 School Dr, Fredericksburg, PA 17026","$27,613","1,624","School, Primary",Metropolitan Edison Co,"216,575",
"97 E Howard St, Quincy, MA 02169","$124,751","1,248","Industrial, Manufacturing",National Grid - Massachusetts,"103,959",Quirk Mazda
"8150 Industrial Blvd, Breinigsville, PA 18031","$72,638","3,632","Industrial, Warehouse",PPL Electric Utilities Corp,"302,657",Prologis
"3650 W Pratt Ave, Lincolnwood, IL 60712","$61,502","2,460","Industrial, Manufacturing",Commonwealth Edison Co,"205,007",3600 Pratt LLC
"250 Boulder Dr, Breinigsville, PA 18031","$70,359","3,518","Industrial, Warehouse",PPL Electric Utilities Corp,"293,163",Prologis Management
"8305 W Golf Rd, Niles, IL 60714","$52,773","2,111","Retail, Strip Mall",Commonwealth Edison Co,"281,454",D R A
"222 W Merchandise Mart Plaza, Chicago, IL 60654","$39,818","1,593",Office,Commonwealth Edison Co,"212,361",Merchandise Mart L.L.c
"1606 E Old Cumberland St, Lebanon, PA 17042","$41,587","2,446","Industrial, Manufacturing",Metropolitan Edison Co,"203,857",Lebanonturf
"3769 Commerce Center Blvd, Bethlehem, PA 18015","$92,430","4,621","Industrial, Warehouse",PPL Electric Utilities Corp,"385,124",Majestic Management Co.
"3819 Prologis Pkwy, Easton, PA 18045","$211,379","10,569","Industrial, Warehouse",PPL Electric Utilities Corp,"880,746",Prologis
"10 George Rd, Fleetwood, PA 19522","$68,083","4,005","Industrial, Warehouse",Metropolitan Edison Co,"333,742",East Penn Mfg Co
"4770 Hanoverville Rd, Bethlehem, PA 18020","$116,011","5,801","Industrial, Warehouse",PPL Electric Utilities Corp,"483,379",Prologis
"255 Central Ave, University Park, IL 60484","$61,799","2,472","Industrial, Manufacturing",Commonwealth Edison Co,"205,995",DOT Indiana 2018 LLC
"7125 Grayson Rd, Harrisburg, PA 17111","$70,027","3,501","Industrial, Warehouse",PPL Electric Utilities Corp,"291,778",Prologis
"1255 E Ogden Ave, Naperville, IL 60563","$52,425","2,097","Retail, Strip Mall",Commonwealth Edison Co,"279,602",Costco
"3400 Industrial Rd, Harrisburg, PA 17110","$70,182","3,509","Industrial, Warehouse",PPL Electric Utilities Corp,"292,426",Timothy Weber
"2900 S 20th St, Philadelphia, PA 19145","$72,953","4,560","Industrial, Warehouse",PECO Energy Co,"379,965",Pac Worldwide
"2255 Howard St, Evanston, IL 60202","$52,294","2,092","Retail, Strip Mall",Commonwealth Edison Co,"278,902",Nnn Reit
"400 Earl Rd, Shorewood, IL 60404","$60,166","2,407","Industrial, Manufacturing",Commonwealth Edison Co,"200,554","Prime Industries, L.P."
"400 E Rollins Rd, Round Lake Beach, IL 60073","$48,835","1,953","Retail, Strip Mall",Commonwealth Edison Co,"260,455",Jane Borden
"4600 Falls Rd, Baltimore, MD 21209","$34,853",513,"School, Primary",Baltimore Gas & Electric Co,"68,339",
"700 E 107th St, Chicago, IL 60628","$59,445","2,378","Industrial, Manufacturing",Commonwealth Edison Co,"198,149","B & B Pullman Properties, L.P."
"44 Station Rd, Cranbury, NJ 08512","$172,074","3,585","Industrial, Warehouse",Jersey Central Power & Lt Co,"298,740","Clarion Partners, LLC"
"1000 Keystone Industrial Park Rd, Dunmore, PA 18512","$43,704","2,185","Industrial, Manufacturing",PPL Electric Utilities Corp,"182,098","W. W. Norton & Company, Inc."
"7200 S Cicero Ave, Chicago, IL 60629","$48,199","1,928","Retail, Strip Mall",Commonwealth Edison Co,"257,059",Service Properties Trust
"2670 Constitution Blvd, Beaver Falls, PA 15010","$16,290","1,018","Retail, Strip Mall",Duquesne Light Co,"135,754",Realty Income Corporation
"1000 Maloney Cir, Bethlehem, PA 18015","$173,954","8,698","Industrial, Warehouse",PPL Electric Utilities Corp,"724,807",Triple Net Investments II LP
"3940 S Lakeside Dr, Waukegan, IL 60085","$151,561","6,062","Industrial, Warehouse",Commonwealth Edison Co,"505,202","Cabot Properties, Inc."
"315 Industry Ave, Springfield, MA 01104","$198,992","3,431","Industrial, Warehouse",Eversource Energy (Formerly Western Massachusetts Elec Co),"285,908",Robert Sullivan
"1900 Des Plaines Ave, Forest Park, IL 60130","$59,276","2,371","Industrial, Manufacturing",Commonwealth Edison Co,"197,586","E.S.T., L.L.C."
"4520 S Damen Ave, Chicago, IL 60609","$50,014","2,001","Retail, Strip Mall",Commonwealth Edison Co,"266,742","Ig Capital, LLC"
"100 Highlands Mall Dr, Natrona Heights, PA 15065",—,—,"Retail, Strip Mall",West Penn Power Co,"195,817",Sam's Club
"26 Barnhart Dr, Hanover, PA 17331","$66,138","3,890","Industrial, Warehouse",Metropolitan Edison Co,"324,207","Hanover Terminal, Inc."
"4087 Lower Valley Rd, Parkesburg, PA 19365","$68,065","4,254","Industrial, Warehouse",PECO Energy Co,"354,503",PYLE WILL COMPANY
"13440 Archer Ave, Lemont, IL 60439","$48,776","1,951","Retail, Strip Mall",Commonwealth Edison Co,"260,138","Kohl's Illinois, Inc."
"1 W Cermak Rd, Chicago, IL 60616","$47,468","1,899","Retail, Strip Mall",Commonwealth Edison Co,"253,161",Haney Khalil
"70 School House Rd, Franklin Township, NJ 08873","$104,575","1,067","Industrial, Manufacturing",Public Service Elec & Gas Co,"88,924",TERRENO
"501 Old Forge Rd, Jonestown, PA 17038","$70,204","4,130","Industrial, Warehouse",Metropolitan Edison Co,"344,137",Andrew Fleck
"2420 Weccacoe Ave, Philadelphia, PA 19148","$72,618","4,539","Industrial, Warehouse",PECO Energy Co,"378,221",UPS
"7106 Geoffrey Way, Frederick, MD 21704","$243,072","8,102","Industrial, Warehouse",The Potomac Edison Co,"675,201",Maryland Fc
"3302 W Springfield Ave, Champaign, IL 61822","$242,925","8,997","Industrial, Manufacturing",Ameren Illinois,"749,767","Plastipak Holdings, Inc."
"15917 S Harlem Ave, Tinley Park, IL 60477","$49,395","1,976","Retail, Strip Mall",Commonwealth Edison Co,"263,441",Bpg
"1055 Crossroads Blvd, Reading, PA 19605","$64,787","3,811","Industrial, Warehouse",Metropolitan Edison Co,"317,584",
"405 Sterling St, Camp Hill, PA 17011","$45,926","2,296","Industrial, Warehouse",PPL Electric Utilities Corp,"191,360",C E D Insevices
"500 Independence Ave, Mechanicsburg, PA 17055","$84,978","4,249","Industrial, Warehouse",PPL Electric Utilities Corp,"354,075",Duke Realty
"1905 Horseshoe Rd, Lancaster, PA 17602","$56,918","2,846","Industrial, Warehouse",PPL Electric Utilities Corp,"237,160",High Properties
"4800 S Austin Ave, Chicago, IL 60638","$56,585","2,263","Industrial, Manufacturing",Commonwealth Edison Co,"188,616",Ideal Box Co.
"300 Belvidere Rd, Perryville, MD 21903","$239,353","4,352","Industrial, Warehouse",Delmarva Power,"362,656",Perryville Cold Storage
"310 E Rand Rd, Arlington Heights, IL 60004","$48,784","1,951","Retail, Strip Mall",Commonwealth Edison Co,"260,179","Amcap, Incorporated"
"8220 Austin Ave, Morton Grove, IL 60053","$56,930","2,277","Industrial, Manufacturing",Commonwealth Edison Co,"189,767","HMC Chp 8220 Austin, LLC"
"1700 Hoover Ave, Allentown, PA 18109","$68,380","3,419","Industrial, Warehouse",PPL Electric Utilities Corp,"284,916",Dirk Locascio
"1240 S Alpine Rd, Rockford, IL 61108","$46,168","1,847","Retail, Strip Mall",Commonwealth Edison Co,"246,227",Heartland Community Church
"711 N Bower Rd, Macomb, IL 61455","$238,355","8,828","Industrial, Manufacturing",Ameren Illinois,"735,664",NTN USA Corporation
"1534 Butterfield Rd, Downers Grove, IL 60515","$47,141","1,886","Retail, Strip Mall",Commonwealth Edison Co,"251,420",Federal Realty Investment Trust
"1 Phoenix Plaza, Middletown, PA 17057","$57,802","2,890","Industrial, Warehouse",PPL Electric Utilities Corp,"240,842","Phoenix Contact Development and Manufacturing, Inc."
"702 N Mattis Ave, Champaign, IL 61821","$237,835","8,809","Industrial, Manufacturing",Ameren Illinois,"734,059",Kraft Heinz
"364 W Army Trail Rd, Bloomingdale, IL 60108","$47,316","1,893","Retail, Strip Mall",Commonwealth Edison Co,"252,351",Glimcher
"1 Stratford Square Mall, Bloomingdale, IL 60108","$46,506","1,860","Retail, Strip Mall",Commonwealth Edison Co,"248,034","Woodman's Food Market, Inc."
"4703 W Cermak Rd, Cicero, IL 60804","$46,460","1,858","Retail, Strip Mall",Commonwealth Edison Co,"247,786",The Sterling Organization LLC
"21430 S Cicero Ave, Matteson, IL 60443","$47,349","1,894","Retail, Strip Mall",Commonwealth Edison Co,"252,529",Walmart
"201 Center St, Hanover, PA 17331","$63,336","3,726","Industrial, Warehouse",Metropolitan Edison Co,"310,470",Krista Dietrich
"387 Mt Hope Ave, Dover, NJ 07801","$43,858",914,"Retail, Strip Mall",Jersey Central Power & Lt Co,"121,827",Carport LLC
"1001 S Sutton Rd, Streamwood, IL 60107","$46,430","1,857","Retail, Strip Mall",Commonwealth Edison Co,"247,625",Target
"1980 County Rd 1900 E, Delavan, IL 61734","$234,940","8,701","Industrial, Warehouse",Ameren Illinois,"725,125",Caterpillar
"1900 S Randall Rd, Geneva, IL 60134","$47,822","1,913","Retail, Strip Mall",Commonwealth Edison Co,"255,048",Midamco
"99 Caven Point Rd, Jersey City, NJ 07305","$91,540",934,"Industrial, Manufacturing",Public Service Elec & Gas Co,"77,840",Applied Housing Management Co Inc
"1320 Spillman Dr, Bethlehem, PA 18015","$81,179","4,059","Industrial, Warehouse",PPL Electric Utilities Corp,"338,245",Lehigh Heavy Forge Corporation
"16 Cabot Blvd E, Langhorne, PA 19047","$55,557","3,472","Industrial, Warehouse",PECO Energy Co,"289,358","Ox, LLC"
"301 Oak St, Pittston, PA 18640","$70,069","3,503","Industrial, Warehouse",PPL Electric Utilities Corp,"291,954",Shawn Moore
"140 W Harmar St, Warren, PA 16365",—,—,"Industrial, Warehouse",Pennsylvania Electric Co,"224,883",Whirley-Drinkworks
"1285 E Higgins Rd, Schaumburg, IL 60173","$45,977","1,839","Retail, Strip Mall",Commonwealth Edison Co,"245,209",C.I.G. Realty LLC
"1355 E 93rd St, Chicago, IL 60619","$54,059","2,162","Industrial, Manufacturing",Commonwealth Edison Co,"180,198",Finkl Steel - Chicago
"2759 N Eola Rd, Aurora, IL 60502","$113,488","4,540","Industrial, Warehouse",Commonwealth Edison Co,"378,294",Prologis
"4301 Grand Ave, Pittsburgh, PA 15225","$19,891","1,243","Industrial, Manufacturing",Duquesne Light Co,"103,597","Kuraray Holdings U.S.A., Inc."
"3400 W Market St, York, PA 17404","$68,723","4,043","Industrial, Warehouse",Metropolitan Edison Co,"336,875",Katz Properties LLC
"2150 US-45, Kankakee, IL 60901","$53,604","2,144","Industrial, Manufacturing",Commonwealth Edison Co,"178,679","A. N. Webber, Inc."
"510 West Rd, Salisbury, MD 21801","$202,792","3,687","Industrial, Warehouse",Delmarva Power,"307,260","Dynamic Development, LLC"
"2800 S 13th Ave, Broadview, IL 60155","$44,702","1,788","Retail, Strip Mall",Commonwealth Edison Co,"238,409","Ashley Real Estate, LLC"
"2225 N 2nd St, Millville, NJ 08332","$100,373","1,057","Retail, Strip Mall",Atlantic City Electric Co,"140,874","Acp Century Associates, LP"
"594 Can Do Expy, Hazle Township, PA 18202","$38,964","1,948","Industrial, Manufacturing",PPL Electric Utilities Corp,"162,348","Centersquare Investment Management Holdings, Inc."
"9054 W Golf Rd, Niles, IL 60714","$45,608","1,824","Retail, Strip Mall",Commonwealth Edison Co,"243,245",Golf Glen Plaza Niles IL Ltd P
"1300 Stefko Blvd, Bethlehem, PA 18017","$70,001","3,500","Industrial, Warehouse",PPL Electric Utilities Corp,"291,671",Just Born Quality Confections
"57 Grumbacher Rd, York, PA 17406","$67,329","3,366","Industrial, Warehouse",PPL Electric Utilities Corp,"280,540","Stag Industrial Holdings, LLC"
"1330 Torrence Ave, Calumet City, IL 60409","$44,847","1,794","Retail, Strip Mall",Commonwealth Edison Co,"239,185",Agree Realty Corporation
"1717 Pillsbury Rd, East Greenville, PA 18041","$63,754","3,188","Industrial, Warehouse",PPL Electric Utilities Corp,"265,641",Neil Eichelberger
"2540 Prospect Ct, Aurora, IL 60502","$110,269","4,411","Industrial, Warehouse",Commonwealth Edison Co,"367,562",International Paper
"451 Fletchwood Rd, Elkton, MD 21921","$183,876","3,343","Industrial, Warehouse",Delmarva Power,"278,600","421 Holdings, LLC"
"17715 Halsted St, Homewood, IL 60430","$44,594","1,784","Retail, Strip Mall",Commonwealth Edison Co,"237,833",Dika Management L.L.C.
"3585 S Church St, Whitehall Township, PA 18052","$78,647","3,932","Industrial, Warehouse",PPL Electric Utilities Corp,"327,695",W.P. Carey
"110 Commerce Blvd, Fairless Hills, PA 19030","$22,702","1,419","Retail, Strip Mall",PECO Energy Co,"189,180",Preit
"5000 League Island Blvd, Philadelphia, PA 19112","$66,851","4,178","Industrial, Warehouse",PECO Energy Co,"348,185",United States of America
"443 Fort Hill Dr, Naperville, IL 60540","$108,033","4,321","Industrial, Warehouse",Commonwealth Edison Co,"360,110",Heitman LLC
"250 Research Drive, Pittston, PA 18640","$50,344","2,517","Industrial, Warehouse",PPL Electric Utilities Corp,"209,767","400 Sathers, Llc."
"701 N 36th St, Pennsauken, NJ 08110","$85,253",870,"Industrial, Manufacturing",Public Service Elec & Gas Co,"72,494","JMJ REALTY, L.L.C."
"1903 N Mannheim Rd, Melrose Park, IL 60160","$43,428","1,737","Retail, Strip Mall",Commonwealth Edison Co,"231,614","A10 Capital, LLC"
"4807 Town Center Rd, Matteson, IL 60443","$44,422","1,777","Retail, Strip Mall",Commonwealth Edison Co,"236,919",Matteson Town Center
"355 Independence Ave, Mechanicsburg, PA 17055","$60,885","3,044","Industrial, Warehouse",PPL Electric Utilities Corp,"253,687",Prologis
"3926 Bur Wood Dr, Waukegan, IL 60085","$120,074","4,803","Industrial, Warehouse",Commonwealth Edison Co,"400,246",Bentall Kennedy
"7553 Morris Ct, Allentown, PA 18106","$61,921","3,096","Industrial, Warehouse",PPL Electric Utilities Corp,"258,005",Prologis Na2 U.S. LLC
"40 Dauphin Dr, Mechanicsburg, PA 17050","$151,926","7,596","Industrial, Warehouse",PPL Electric Utilities Corp,"633,026","Exeter 1001 Pp, LLC"
"1000 S Sherman St, Clinton, IL 61727","$217,076","8,040","Industrial, Manufacturing",Ameren Illinois,"669,987",10332 Revere Park Land LLC
"64 Leona Dr, Middleborough, MA 02346",—,—,"Industrial, Warehouse",Middleborough Gas and Electric,"279,207","Morgan Properties, LLC"
"900 S Linwood Rd, Galesburg, IL 61401","$215,792","7,992","Industrial, Manufacturing",Ameren Illinois,"666,023","Phoenix Investors, A Limited Liability Company"
"955 Mearns Rd, Warminster, PA 18974","$58,184","3,637","Industrial, Warehouse",PECO Energy Co,"303,042","Locker Room Storage, Inc."
"255 Emery St, Bethlehem, PA 18015","$70,319","3,516","Industrial, Warehouse",PPL Electric Utilities Corp,"292,997",Charleston Ordnance Center
"400 Wabash Rd, Ephrata, PA 17522","$55,155","2,758","Industrial, Warehouse",PPL Electric Utilities Corp,"229,811",David Hollinger
"10300 Little Patuxent Pkwy, Columbia, MD 21044","$34,741",511,"Retail, Strip Mall",Baltimore Gas & Electric Co,"68,119",Brookfield Asset Management LLC
"4300 S 26th St, Philadelphia, PA 19112","$63,948","3,997","Industrial, Warehouse",PECO Energy Co,"333,062",Prologis
"225 W 5th St, Waynesboro, PA 17268",—,—,"Industrial, Manufacturing",West Penn Power Co,"155,908",
"19 Elmwood Ave, Mountain Top, PA 18707","$42,796","2,140","Industrial, Warehouse",PPL Electric Utilities Corp,"178,317","19-23 Elmwood, LLC"
"4203 Union Deposit Rd, Harrisburg, PA 17111","$25,377","1,269","Retail, Strip Mall",PPL Electric Utilities Corp,"169,182","Cedar Realty Trust, Inc."
"2207 Radcliffe St, Bristol, PA 19007","$39,392","2,462","Industrial, Warehouse",PECO Energy Co,"205,168",Chein Zalman
"400 Alan Wood Rd, Conshohocken, PA 19428","$23,702","1,481","Retail, Standalone",PECO Energy Co,"197,516",John Robinson
"300 Crossings Dr, Bristol, PA 19007","$56,897","3,556","Industrial, Warehouse",PECO Energy Co,"296,339",New York Life
"401 E Thomas St, Wilkes-Barre, PA 18705","$43,663","2,183","Industrial, Warehouse",PPL Electric Utilities Corp,"181,931",Warp Processing Inc
"301 Railroad Ave, Shiremanstown, PA 17011","$59,238","2,962","Industrial, Warehouse",PPL Electric Utilities Corp,"246,824",
"1701 Shearer Dr, Carlisle, PA 17013","$59,883","2,994","Industrial, Warehouse",PPL Electric Utilities Corp,"249,512",
"295 Centerpoint Blvd, Jenkins Township, PA 18640","$53,333","2,667","Industrial, Warehouse",PPL Electric Utilities Corp,"222,219",Benco Dental Co.
"195 N West End Blvd, Quakertown, PA 18951","$21,281","1,330","Retail, Strip Mall",PECO Energy Co,"177,344",309 Venture Partners
"2850 Appleton St, Camp Hill, PA 17011","$34,120","1,706","Industrial, Manufacturing",PPL Electric Utilities Corp,"142,165",Cre 40 Center St Holdco LLC
"1 Jackson St, Wellsboro, PA 16901",—,—,"Industrial, Warehouse",Pennsylvania Electric Co,"304,924","Phoenix Investors, A Limited Liability Company"
"3400 E Walnut St, Hatfield Township, PA 18915","$56,758","3,547","Industrial, Warehouse",PECO Energy Co,"295,616",Vv3400 LLC
"1445 Eden Road, York, PA 17406","$181,621","9,081","Industrial, Warehouse",PPL Electric Utilities Corp,"756,755",Northpoint Development
"25 Continental Dr, Wayne, NJ 07470","$47,227",984,"Industrial, Manufacturing",Jersey Central Power & Lt Co,"81,991",Ares Industrial Real Estate Income Trust Inc.
"900 Wheeler Way, Langhorne, PA 19047","$50,878","3,180","Industrial, Warehouse",PECO Energy Co,"264,990",FILM BENEFIT
"410 E Lyerla Dr, Herrin, IL 62948","$196,923","7,293","Industrial, Manufacturing",Ameren Illinois,"607,788","Phoenix Investors, A Limited Liability Company"
"1 General Way, Reading, MA 01867",—,—,"Retail, Strip Mall",Reading Municipal Light Department,"178,341","Danis Reading, LLC"
"1600 Sparrows Point Blvd, Edgemere, MD 21219","$52,426",771,"Industrial, Warehouse",Baltimore Gas & Electric Co,"64,248","Tpa Properties 3, LLC"
"2413 Prospect Dr, Aurora, IL 60502","$100,272","4,011","Industrial, Warehouse",Commonwealth Edison Co,"334,241",Prologis
"53 Ayer Rd, Littleton, MA 01460",—,—,"Industrial, Warehouse",Littleton Electric Light and Water Department (Town of Littleton),"319,004","Five K Littleton, LLC"
"400 W Stoever Ave, Myerstown, PA 17067","$36,957","1,848","Industrial, Manufacturing",PPL Electric Utilities Corp,"153,989",Bayer
"800 S Northpoint Blvd, Waukegan, IL 60085","$93,611","3,744","Industrial, Warehouse",Commonwealth Edison Co,"312,036","Taurus Investment Holdings, LLC"
"200 Stewart Huston Dr, Coatesville, PA 19320","$56,269","3,517","Industrial, Warehouse",PECO Energy Co,"293,068","Parsons Lakeside, LLC"
"1100 Schwab Rd, Hatfield, PA 19440","$55,262","3,454","Industrial, Warehouse",PECO Energy Co,"287,825",Schwab Road BSD LLC
"7311 West Side Ave, North Bergen, NJ 07047","$74,436",760,"Industrial, Manufacturing",Public Service Elec & Gas Co,"63,296",Mack Industries
"1090 Horsham Rd, North Wales, PA 19454","$56,894","3,556","Industrial, Warehouse",PECO Energy Co,"296,322",Bethlehem Pike Industrial Park
"2300 White Oak Cir, Aurora, IL 60502","$92,143","3,686","Industrial, Warehouse",Commonwealth Edison Co,"307,144",Ares
"100 Brookdale Dr, Springfield, MA 01104","$169,649","2,925","Industrial, Warehouse",Eversource Energy (Formerly Western Massachusetts Elec Co),"243,749",East Springfield Industrial Buildings Co
"210 Servistar Industrial Way, Westfield, MA 01085","$168,935","2,913","Industrial, Warehouse",Eversource Energy (Formerly Western Massachusetts Elec Co),"242,722","A. Duie Pyle, Inc."
"1000 Tresckow Rd, McAdoo, PA 18237","$38,691","1,935","Industrial, Manufacturing",PPL Electric Utilities Corp,"161,214",Altadis USA
"16507 Hunters Green Pkwy, Hagerstown, MD 21740","$184,833","6,161","Industrial, Manufacturing",The Potomac Edison Co,"513,426",Blackstone
"225 Lincoln Hwy, Fairless Hills, PA 19030","$45,354","2,835","Industrial, Warehouse",PECO Energy Co,"236,217",
"3901 Germantown Pike, Collegeville, PA 19426","$51,764","3,235","Industrial, Warehouse",PECO Energy Co,"269,603",Ametek
"150 Boulder Dr, Breinigsville, PA 18031","$30,474","1,524","Industrial, Manufacturing",PPL Electric Utilities Corp,"126,974",
"9600 Milestone Way, College Park, MD 20740","$117,077","1,829",Multi-Family,Potomac Electric Power Co,"243,911",Camden Living
"305 Richardson Rd, Lansdale, PA 19446","$52,268","3,267","Industrial, Warehouse",PECO Energy Co,"272,229",Caes
"111 West Side Ave, Jersey City, NJ 07305","$72,752",742,"Industrial, Manufacturing",Public Service Elec & Gas Co,"61,864","107, 111&151 West Side Avenue Properties LLC"
"154 Campanelli Dr, Middleborough, MA 02346",—,—,"Industrial, Warehouse",Middleborough Gas and Electric,"254,688","L&B Realty Advisors, LLP"
"1505 W Housatonic St, Pittsfield, MA 01201","$180,350","3,109","Industrial, Warehouse",Eversource Energy (Formerly Western Massachusetts Elec Co),"259,124",Coca-Cola
"3350 N 27th St, Decatur, IL 62526","$180,195","6,674","Industrial, Manufacturing",Ameren Illinois,"556,157",ADM
"4730 E Radio Tower Ln, Olney, IL 62450","$180,194","6,674","Industrial, Manufacturing",Ameren Illinois,"556,154",City Hall
"601 E 10th St, Marcus Hook, PA 19061","$53,332","3,333","Industrial, Warehouse",PECO Energy Co,"277,773",Duke Realty
"1115 Centennial Ave, Piscataway, NJ 08854","$71,807",733,"Industrial, Manufacturing",Public Service Elec & Gas Co,"61,060",Digital Realty
"742 Old Post Rd, Edison, NJ 08817","$70,801",722,"Industrial, Manufacturing",Public Service Elec & Gas Co,"60,205","MENDIPS, LLC"
"3500 Pine St, Philadelphia, PA 19104","$6,404",400,"School, Primary",PECO Energy Co,"53,365",
"7557 S 78th Ave, Bridgeview, IL 60455","$40,910","1,636","Industrial, Manufacturing",Commonwealth Edison Co,"136,367",Aeroterm
"16500 Hunters Green Pkwy, Hagerstown, MD 21740","$176,389","5,880","Industrial, Warehouse",The Potomac Edison Co,"489,970",Neil Klein
"615 University Ave, Norwood, MA 02062","$20,476",263,"Industrial, Manufacturing",Eversource Energy (Formerly NSTAR Electric Company),"21,876","Ws Asset Management, Inc."
"2309 W Bloomington Rd, Champaign, IL 61822","$174,506","6,463","Industrial, Manufacturing",Ameren Illinois,"538,598",Tag Realty
"2277 S Main St, Paris, IL 61944","$173,901","6,441","Industrial, Manufacturing",Ameren Illinois,"536,731",North American Lighting
"105 Steam Boat Blvd, Manchester, PA 17345","$33,643","1,682","Industrial, Warehouse",PPL Electric Utilities Corp,"140,178","First Industrial Realty Trust, Inc."
"6111 W 73rd St, Bedford Park, IL 60638","$50,661","2,026","Industrial, Manufacturing",Commonwealth Edison Co,"168,870",Nucor
"410 S Kirk Rd, St. Charles, IL 60174","$48,353","1,934","Industrial, Manufacturing",Commonwealth Edison Co,"161,176",Good Food. Responsibly
"7250 Santa Fe Dr, Hodgkins, IL 60525","$44,335","1,773","Industrial, Manufacturing",Commonwealth Edison Co,"147,782","SANTA FE, INC."
"171 Tuckerton Rd, Reading, PA 19605","$34,098","2,006","Industrial, Manufacturing",Metropolitan Edison Co,"167,149","Stag Reading, LLC"
"2200 Norman Dr, Waukegan, IL 60085","$48,721","1,949","Industrial, Manufacturing",Commonwealth Edison Co,"162,402","Norman Woods Property, LLC"
"1950 Pratt Blvd, Elk Grove Village, IL 60007","$46,144","1,846","Industrial, Manufacturing",Commonwealth Edison Co,"153,814",Lba Realty LLC
"1310 Remington Blvd, Bolingbrook, IL 60490","$51,121","2,045","Industrial, Manufacturing",Commonwealth Edison Co,"170,403","Vcs Bolingbrook Property I, LLC"
"1500 Halo Way, Sterling, IL 61081","$93,423","3,737","Industrial, Warehouse",Commonwealth Edison Co,"311,409",
"316 Limit St, Lincoln, IL 62656","$170,212","6,304","Industrial, Manufacturing",Ameren Illinois,"525,347",Daniel Moore
"333 S Swift Rd, Addison, IL 60101","$40,973","1,639","Industrial, Manufacturing",Commonwealth Edison Co,"136,577",Iron Mountain
"1700 Downs Dr, West Chicago, IL 60185","$51,087","2,043","Industrial, Manufacturing",Commonwealth Edison Co,"170,291","Agnl Antenna, L.P."
"7401 S Pulaski Rd, Chicago, IL 60629","$38,526","1,541","Industrial, Manufacturing",Commonwealth Edison Co,"128,421",Vmz Industries Ltd.
"1823 High Grove Ln, Naperville, IL 60540","$81,509","3,260","Industrial, Warehouse",Commonwealth Edison Co,"271,697","1812 HIGH GROVE, LLC"
"1600 Fleetwood Dr, Elgin, IL 60123","$42,026","1,681","Industrial, Manufacturing",Commonwealth Edison Co,"140,087",Ramar Land Corporation
"5100 W Roosevelt Rd, Chicago, IL 60644","$50,774","2,031","Industrial, Manufacturing",Commonwealth Edison Co,"169,247",Dudek & Bock Spring Manufacturing Co Inc
"16522 Hunters Green Pkwy, Hagerstown, MD 21740","$169,130","5,638","Industrial, Manufacturing",The Potomac Edison Co,"469,805","First Industrial Realty Trust, Inc."
"337 Russell St, Hadley, MA 01035","$42,293",729,"Retail, Strip Mall",Eversource Energy (Formerly Western Massachusetts Elec Co),"97,225","Ws Asset Management, Inc."
"4700 Cherry Hill Rd, College Park, MD 20740","$19,908",311,"Retail, Strip Mall",Potomac Electric Power Co,"41,475",Kenneth Michael
"400 Oakwood Rd, Lake Zurich, IL 60047","$45,803","1,832","Industrial, Manufacturing",Commonwealth Edison Co,"152,676","Echo, Incorporated"
"9670 W Hills Ct, Fogelsville, PA 18051","$36,422","1,821","Industrial, Warehouse",PPL Electric Utilities Corp,"151,757",Watson Partners
"4779 Hanoverville Rd, Bethlehem, PA 18020","$71,978","3,599","Industrial, Warehouse",PPL Electric Utilities Corp,"299,909",Cbre
"1700 W 115th St, Chicago, IL 60643","$32,426","1,297",Supermarket,Commonwealth Edison Co,"172,939",Allied Development of Alabama LLC
"1935 W Pershing Rd, Chicago, IL 60609","$39,739","1,590","Industrial, Manufacturing",Commonwealth Edison Co,"132,464",Imperial Realty
"325 S Salem Church Rd, York, PA 17408","$164,009","9,648","Industrial, Warehouse",Metropolitan Edison Co,"803,967",Northpoint Development
"8615 Congdon Hill Dr, Alburtis, PA 18011","$64,844","3,242","Industrial, Warehouse",PPL Electric Utilities Corp,"270,184",Prologis
"157 Commerce Park Dr, Easton, PA 18045","$97,100","4,855","Industrial, Warehouse",PPL Electric Utilities Corp,"404,582","Victaulic, LLC"
"2020 Feather Wy, Bethlehem, PA 18015","$71,039","3,552","Industrial, Warehouse",PPL Electric Utilities Corp,"295,996",Cbre
"5300 Holabird Ave, Baltimore, MD 21224","$42,595",626,"Industrial, Warehouse",Baltimore Gas & Electric Co,"52,200",Bentall Kennedy
"7 Gateway Blvd, Oldmans Township, NJ 08067","$92,503",974,"Industrial, Manufacturing",Atlantic City Electric Co,"81,143",Morgan Stanley
"2120 Spillman Dr, Bethlehem, PA 18015","$58,520","2,926","Industrial, Warehouse",PPL Electric Utilities Corp,"243,834",Triple Net Investments II LP
"301 County Rd 1850 N, Normal, IL 61761","$160,048","5,928","Industrial, Manufacturing",Ameren Illinois,"493,974","Phoenix Investors, A Limited Liability Company"
"1101 Blommer Dr, East Greenville, PA 18041","$56,402","2,820","Industrial, Warehouse",PPL Electric Utilities Corp,"235,010",The Blommer Chocolate Company
"2251 Newlins Mill Rd, Easton, PA 18045","$40,881","2,044","Industrial, Warehouse",PPL Electric Utilities Corp,"170,337",
"300 Blue Mtn Logist Cent, Harrisburg, PA 17112","$61,095","3,055","Industrial, Warehouse",PPL Electric Utilities Corp,"254,563",Prologis
"1520 Van Buren Rd, Easton, PA 18045","$61,505","3,075","Industrial, Warehouse",PPL Electric Utilities Corp,"256,269",Prologis
"2655 Brodhead Rd, Bethlehem, PA 18020","$57,531","2,877","Industrial, Warehouse",PPL Electric Utilities Corp,"239,713",Prologis
"1557 S Henderson St, Galesburg, IL 61401","$158,148","5,857","Industrial, Manufacturing",Ameren Illinois,"488,111","United Facilities, Inc."
"700 New St, Bensalem Township, PA 19020","$17,058","1,066","Retail, Strip Mall",PECO Energy Co,"142,152","Home Depot, The"
"11 W Imco St, Vandalia, IL 62471","$156,586","5,799","Industrial, Manufacturing",Ameren Illinois,"483,291","Vandalia Holding, LLC"
"521 W Babbitt Ave, Pen Argyl, PA 18072","$58,964","2,948","Industrial, Warehouse",PPL Electric Utilities Corp,"245,682",Babbit 1 LLC
"9333 Grand Ave, Franklin Park, IL 60131","$36,015","1,441","Industrial, Manufacturing",Commonwealth Edison Co,"120,049",Digital Realty
"2860 Galvin Dr, Elgin, IL 60118","$35,439","1,418","Industrial, Manufacturing",Commonwealth Edison Co,"118,129",NP Nwcp 2500 Vantage LLC
"1615 E Empire St, Bloomington, IL 61701","$149,129","5,523","Retail, Strip Mall",Ameren Illinois,"736,439","Eastland Mall, LLC"
"201 Evans Rd, Rantoul, IL 61866","$147,251","5,454","Industrial, Manufacturing",Ameren Illinois,"454,477",Jason Devries
"1201 W 3rd St, Williamsport, PA 17701","$16,092",805,"School, Primary",PPL Electric Utilities Corp,"107,278",PENN STATE
"1200 Martin Luther King Jr Dr, North Chicago, IL 60064","$33,868","1,355","Industrial, Manufacturing",Commonwealth Edison Co,"112,892",Emco Chemical Packaging
"700 Ramona Ave, Philadelphia, PA 19124","$18,121","1,133","Industrial, Manufacturing",PECO Energy Co,"94,380",Michael Memoly
"199 Grandview Rd, Montgomery, NJ 08558","$57,575",587,"Industrial, Manufacturing",Public Service Elec & Gas Co,"48,958",Johnson & Johnson Consumer Inc.
"6600 River Rd, La Grange, IL 60525","$33,578","1,343","Industrial, Manufacturing",Commonwealth Edison Co,"111,927","Stag Industrial, Inc."
"7001 Hamilton Blvd, Trexlertown, PA 18087","$14,595",730,Office,PPL Electric Utilities Corp,"97,303",John White
"4411 Old Berwick Rd, Bloomsburg, PA 17815","$24,888","1,244","Industrial, Manufacturing",PPL Electric Utilities Corp,"103,700",Voltek Division
"1707 N Randall Rd, Elgin, IL 60123","$32,321","1,293","Industrial, Manufacturing",Commonwealth Edison Co,"107,737",Fisher
"2414 Weccacoe Ave, Philadelphia, PA 19148","$52,999","3,312","Industrial, Warehouse",PECO Energy Co,"276,039",Adam Berns
"14700 Townsend Rd, Philadelphia, PA 19154","$56,901","3,556","Industrial, Warehouse",PECO Energy Co,"296,359",Gladstone Commercial Corporation
"4520 Mitchellville Rd, Bowie, MD 20716","$22,456",330,"Retail, Standalone",Baltimore Gas & Electric Co,"44,031",Agree Realty Corporation
"9250 Ashton Rd, Philadelphia, PA 19114","$55,420","3,464","Industrial, Warehouse",PECO Energy Co,"288,646",Garland Management Group LLC
"100 Springdale Rd, Westfield, MA 01085","$45,435",783,"Industrial, Manufacturing",Eversource Energy (Formerly Western Massachusetts Elec Co),"65,280","Savage Arms, Inc."
"956 E Erie Ave, Philadelphia, PA 19134","$16,682","1,043","Industrial, Manufacturing",PECO Energy Co,"86,883","Walton Street Capital, L.L.C."
"1601 General Electric Rd, Bloomington, IL 61704","$138,454","5,128","Industrial, Manufacturing",Ameren Illinois,"427,328",Iris Ravelo
"11350 Norcom Rd, Philadelphia, PA 19154","$57,046","3,565","Industrial, Warehouse",PECO Energy Co,"297,113",James Mallak
"625 W South Side Dr, Decatur, IL 62521","$138,018","5,112","Industrial, Manufacturing",Ameren Illinois,"425,983","Phoenix Investors, A Limited Liability Company"
"9401 Blue Grass Rd, Philadelphia, PA 19114","$57,331","3,583","Industrial, Warehouse",PECO Energy Co,"298,599",Santay Realty LLC
"755 Brackbill Rd, Gap, PA 17527","$55,844","3,490","Industrial, Warehouse",PECO Energy Co,"290,855",Commonwealth of Pennsylvania
"134 St Clair Square, Fairview Heights, IL 62208","$137,807","5,104","Retail, Strip Mall",Ameren Illinois,"680,526",John Foy
"1900 Kitty Hawk Ave, Philadelphia, PA 19112","$46,457","2,904","Industrial, Warehouse",PECO Energy Co,"241,962",Rhoads Marine Industries
"3250 S 76th St, Philadelphia, PA 19153","$46,928","2,933","Industrial, Warehouse",PECO Energy Co,"244,417",Perelman School of Medicine
"2081 Springwood Rd, York, PA 17403","$15,021",884,"Retail, Strip Mall",Metropolitan Edison Co,"117,811",LMS Commercial Real Estate
"11500 E Roosevelt Blvd, Philadelphia, PA 19115","$56,750","3,547","Industrial, Warehouse",PECO Energy Co,"295,571",Dmh Enterprises
"2 Waite St, Paterson, NJ 07524","$54,541",557,"Industrial, Manufacturing",Public Service Elec & Gas Co,"46,378",Lisa Schlossman
"9021 Bennett Creek Blvd, Frederick, MD 21704","$87,508","2,917","Industrial, Manufacturing",The Potomac Edison Co,"243,077",
"10131 Governor Lane Boulevard, Williamsport, MD 21795","$136,628","4,554","Industrial, Warehouse",The Potomac Edison Co,"379,522",CertainTeed LLC
"58 Cabot Blvd E, Langhorne, PA 19047","$44,923","2,808","Industrial, Warehouse",PECO Energy Co,"233,973",Metals USA Holdings Corp.
"5400 Eadom St, Philadelphia, PA 19137","$29,840","1,865","Industrial, Warehouse",PECO Energy Co,"155,418",Dn Capital LLC
"17050 Lathrop Ave, Harvey, IL 60426","$31,394","1,256","Industrial, Manufacturing",Commonwealth Edison Co,"104,645",Fuchs Lubricants Co
"15717 Clear Spring Rd, Williamsport, MD 21795","$88,432","2,948","Industrial, Manufacturing",The Potomac Edison Co,"245,645","LEGACY FINANCIAL GROUP, INC."
"22500 Wims Rd, Clarksburg, MD 20871","$51,060","1,702","School, Primary",The Potomac Edison Co,"226,935",
"100 E Cottage Ave, Millersville, PA 17551","$13,264",663,"School, Primary",PPL Electric Utilities Corp,"88,424",Tax Office
"2701 Red Lion Rd, Philadelphia, PA 19154","$48,188","3,012","Industrial, Warehouse",PECO Energy Co,"250,979",Fip Parsippany LLC
"2951 Grant Ave, Philadelphia, PA 19114","$55,892","3,493","Industrial, Warehouse",PECO Energy Co,"291,102","ECOM GRANT EMERALD, LLC"
"17600 Barton Park Dr, Cumberland, MD 21502","$106,073","3,536","Industrial, Manufacturing",The Potomac Edison Co,"294,648",AMERICAN WOODMARK
"2800 Grant Ave, Philadelphia, PA 19114","$48,035","3,002","Industrial, Warehouse",PECO Energy Co,"250,183",Mullrock Tower 17
"2501 Green Ln, Levittown, PA 19057","$48,110","3,007","Industrial, Warehouse",PECO Energy Co,"250,573",Airgas
"20 Steel Rd S, Morrisville, PA 19067","$45,063","2,816","Industrial, Warehouse",PECO Energy Co,"234,701",20 Steel Road LLC
"184 Tuckerton Rd, Reading, PA 19605","$20,961","1,233","Industrial, Manufacturing",Metropolitan Edison Co,"102,749",Asb Capital Management LLC
"40 Logistics Dr, Carlisle, PA 17013","$25,533","1,277","Industrial, Warehouse",PPL Electric Utilities Corp,"106,386",Liberty Property
"10 Old Mill Blvd, Washington, PA 15301",—,—,"Retail, Strip Mall",West Penn Power Co,"106,947",Tsg
"900 N South Rd, Scranton, PA 18504","$22,929","1,146","Industrial, Manufacturing",PPL Electric Utilities Corp,"95,536",Mitsubishi Chem Methacrylates
"975 Kelly Rd, Cumberland, MD 21502","$119,722","3,991","Industrial, Manufacturing",The Potomac Edison Co,"332,562",Northbranch Properties LLC
"605 Tri State Pkwy, Gurnee, IL 60031","$74,591","2,984","Industrial, Warehouse",Commonwealth Edison Co,"248,636",Cbre
"5701 W 73rd St, Chicago, IL 60638","$29,596","1,184","Industrial, Manufacturing",Commonwealth Edison Co,"98,655",Ppp Holdings LLC
"2105 S Lakeside Dr, Waukegan, IL 60085","$95,762","3,830","Industrial, Warehouse",Commonwealth Edison Co,"319,206","Lakeside Drive Associates, Inc."
"555 W Madison St, Chicago, IL 60661","$20,402",816,Multi-Family,Commonwealth Edison Co,"108,812",Waterton Residential
"285 E Walnut St, Albion, IL 62806","$129,442","4,794","Industrial, Manufacturing",Ameren Illinois,"399,511",
"1835 W Jefferson Ave, Naperville, IL 60540","$75,016","3,001","Industrial, Warehouse",Commonwealth Edison Co,"250,053",Prologis
"9100 W 191st St, Mokena, IL 60448","$88,437","3,537","Industrial, Warehouse",Commonwealth Edison Co,"294,791",Lilli Kuzma
"1105 S Frontenac St, Aurora, IL 60504","$70,986","2,839","Industrial, Warehouse",Commonwealth Edison Co,"236,620","Aic Income Fund Lake, L.L.C."
"2380 Diehl Rd, Aurora, IL 60502","$91,392","3,656","Industrial, Warehouse",Commonwealth Edison Co,"304,641",Tiaa
"1000 Ross Park Mall Dr, Pittsburgh, PA 15237","$8,203",513,"Retail, Strip Mall",Duquesne Light Co,"68,357","Simon Property Group Administrative Services Partnership, L.P."
"7300 W Foster Ave, Chicago, IL 60656","$30,019","1,201","Retail, Strip Mall",Commonwealth Edison Co,"160,103",
"30 Eagleville Rd, Eagleville, PA 19403","$32,630","2,039","Industrial, Warehouse",PECO Energy Co,"169,950",Ridgetop Associates LP
"17525 Halsted St, Homewood, IL 60430","$26,382","1,055","Retail, Strip Mall",Commonwealth Edison Co,"140,703",Midwest Manufacturing
"2501 Wabash Ave, Springfield, IL 62704","$127,360","4,717","Retail, Strip Mall",Ameren Illinois,"628,937",Darden
"141 Barrington Rd, Schaumburg, IL 60194","$25,356","1,014","Retail, Strip Mall",Commonwealth Edison Co,"135,233","Rcg-Snellville, LLC"
"1200 Ward Ave, West Chester, PA 19380","$47,033","2,940","Industrial, Warehouse",PECO Energy Co,"244,965",UPS
"2707 N Eola Rd, Aurora, IL 60502","$74,753","2,990","Industrial, Warehouse",Commonwealth Edison Co,"249,178",Blackstone
"1901 E Voorhees St, Danville, IL 61834","$126,570","4,688","Industrial, Manufacturing",Ameren Illinois,"390,647","Scilten Investment Group, LLC"
"705 Tri State Pkwy, Gurnee, IL 60031","$72,373","2,895","Industrial, Warehouse",Commonwealth Edison Co,"241,243",Exeter 705 Tri-State LLC
"1600 Fort Jesse Rd, Normal, IL 61761","$126,305","4,678","Industrial, Manufacturing",Ameren Illinois,"389,831",Bridgestone
"800 E High St, Carlisle, PA 17013","$15,250",762,"Retail, Strip Mall",PPL Electric Utilities Corp,"101,664",
"8500 W Golf Rd, Niles, IL 60714","$28,455","1,138","Retail, Strip Mall",Commonwealth Edison Co,"151,762","Was Niles, LLC"
"401 Acorn Ln, Downingtown, PA 19335","$48,097","3,006","Industrial, Warehouse",PECO Energy Co,"250,507",Ingleside Golf Club
"670 S Rand Rd, Lake Zurich, IL 60047","$26,520","1,061","Retail, Strip Mall",Commonwealth Edison Co,"141,439","Hd Development of Maryland, Inc."
"17604 Garland Groh Blvd, Hagerstown, MD 21740","$39,889","1,330","Retail, Strip Mall",The Potomac Edison Co,"177,284",B33 Hagerstown III LLC
"1705 S Waukegan Rd, Waukegan, IL 60085","$72,063","2,883","Industrial, Warehouse",Commonwealth Edison Co,"240,211",Blackstone
"201 Mittel Dr, Wood Dale, IL 60191","$28,729","1,149","Industrial, Manufacturing",Commonwealth Edison Co,"95,762",Blackstone
"1401 Mississippi Ave, Sauget, IL 62201","$124,520","4,612","Industrial, Manufacturing",Ameren Illinois,"384,321",
"160 Iko Way, Hagerstown, MD 21740","$124,069","4,136","Industrial, Warehouse",The Potomac Edison Co,"344,636",Blair Sales Inc.
"100 Trim Masters Dr, Lawrenceville, IL 62439","$123,617","4,578","Industrial, Manufacturing",Ameren Illinois,"381,534","Toyota Boshoku America, Inc."
"1035 Longford Rd, Phoenixville, PA 19460","$47,781","2,986","Industrial, Warehouse",PECO Energy Co,"248,861","BLUEGRASS LABELS COMPANY, LLC"
"3000 S River Rd, Des Plaines, IL 60018","$27,766","1,111","Retail, Strip Mall",Commonwealth Edison Co,"148,086","Midwest Gaming Holdings, LLC"
"90 Front St, Worcester, MA 01608","$37,613",376,Office,National Grid - Massachusetts,"50,150","Front Street Associates, LLC"
"1460 Golf Rd, Rolling Meadows, IL 60008","$24,585",983,"Retail, Strip Mall",Commonwealth Edison Co,"131,118",Pacifica Rolling Meadows LLC
"220 Armstrong Rd, Pittston, PA 18640","$25,140","1,257","Industrial, Warehouse",PPL Electric Utilities Corp,"104,750","Cicf I - Fl2b01, LLC"
"240 Independence Way, Danvers, MA 01923",—,—,"Retail, Strip Mall",Danvers Electric Department,"310,846",Danvers M
"2700 Burlington Ave, Delanco, NJ 08075","$43,009",439,"Industrial, Manufacturing",Public Service Elec & Gas Co,"36,572",2700 Burlington LLC
"450 Revolutionary Dr, Taunton, MA 02718",—,—,"Industrial, Warehouse",Taunton Municipal Lighting Plant,"748,296",Berkshire
"7 N Christopher Columbus Blvd, Philadelphia, PA 19106","$9,261",579,Office,PECO Energy Co,"77,178",Rafael Burgos
"761 Progress Pkwy, La Salle, IL 61301","$114,956","4,258","Industrial, Manufacturing",Ameren Illinois,"354,804",STORE Capital
"329 Industrial Dr, Albion, IL 62806","$114,250","4,231","Industrial, Manufacturing",Ameren Illinois,"352,623",
"390 Oakland St, Mansfield, MA 02048",—,—,"Industrial, Warehouse",Town of Mansfield,"254,560",
"101 Vera King Farris Dr, Galloway, NJ 08205","$38,174",402,"School, Primary",Atlantic City Electric Co,"53,577",Stockton University
"2917 N Vermilion St, Danville, IL 61832","$112,507","4,167","Retail, Strip Mall",Ameren Illinois,"555,589","Tabani Group, Inc."
"11 Brick Plant Rd, South River, NJ 08882","$27,310",569,"Industrial, Manufacturing",Jersey Central Power & Lt Co,"47,413",John Killian
"1725 1200th Ave, Lincoln, IL 62656","$111,807","4,141","Industrial, Manufacturing",Ameren Illinois,"345,084",Eaton
"305 Forbes Blvd, Mansfield, MA 02048",—,—,"Industrial, Warehouse",Town of Mansfield,"465,065",
"10 Senate Pl, Jersey City, NJ 07306","$44,275",452,"Industrial, Manufacturing",Public Service Elec & Gas Co,"37,649","Senate Place Holdings, LLC"
"2201 Green Ln, Levittown, PA 19057",—,—,"Industrial, Manufacturing",PECO Energy Co,"3,747",Abraham Lesser
"883 Carol Ct, Carol Stream, IL 60188","$25,584","1,023","Industrial, Manufacturing",Commonwealth Edison Co,"85,281",
"1500 Fort Jesse Rd, Normal, IL 61761","$108,684","4,025","Industrial, Warehouse",Ameren Illinois,"335,444",Scott Lurie
"420 Industrial Ave, Effingham, IL 62401","$108,338","4,013","Industrial, Manufacturing",Ameren Illinois,"334,378","F Street, Inc."
"1813 E Voorhees St, Danville, IL 61834","$108,226","4,008","Industrial, Manufacturing",Ameren Illinois,"334,031",Wt Enterprises
"560 West St, Mansfield, MA 02048",—,—,"Industrial, Warehouse",Town of Mansfield,"353,080",Morgan Stanley
"11700 Mexico Farm Rd SE, Cumberland, MD 21502","$59,961","1,999","Industrial, Warehouse",The Potomac Edison Co,"166,559","Calumet Holdings, LLC"
"3940 IL-251, Peru, IL 61354","$107,556","3,984","Retail, Strip Mall",Ameren Illinois,"531,143",Peru Mall AMA LLC
"2230 E Morton Ave, Jacksonville, IL 62650","$107,470","3,980","Industrial, Manufacturing",Ameren Illinois,"331,699",Reynolds Consumer Products Co
"1220 N 6th St, Monmouth, IL 61462","$106,411","3,941","Industrial, Manufacturing",Ameren Illinois,"328,429",Good Food. Responsibly
"67 Hayward Rd, Acton, MA 01720","$15,594",200,"Industrial, Manufacturing",Eversource Energy (Formerly NSTAR Electric Company),"16,660",Haartz Auto Fabric
"8742 Congdon Hill Dr, Alburtis, PA 18011","$21,000","1,050","Industrial, Warehouse",PPL Electric Utilities Corp,"87,498",Prologis
"17310 Mockingbird Rd, Nashville, IL 62263","$105,248","3,898","Industrial, Manufacturing",Ameren Illinois,"324,840",Bmb Properties Management L.L.C.
"151 Swedesford Rd, Exton, PA 19341",—,—,"Restaurant, Full Service ",PECO Energy Co,"4,663",Exton/Whiteland Devco
"2120 N 22nd St, Decatur, IL 62526","$103,809","3,845","Industrial, Manufacturing",Ameren Illinois,"320,397",The 212o Company
"1 Carol Pl, Moonachie, NJ 07074","$39,878",407,"Industrial, Manufacturing",Public Service Elec & Gas Co,"33,910",Forsgate Industrial
"2607 Rose St, Franklin Park, IL 60131","$23,843",954,"Industrial, Manufacturing",Commonwealth Edison Co,"79,476",
"500 Enterprise Rd, Horsham, PA 19044","$8,293",518,Office,PECO Energy Co,"69,109","500 Enterprise Partners, LP"
"7300 N McCormick Blvd, Skokie, IL 60076","$23,765",951,"Industrial, Manufacturing",Commonwealth Edison Co,"79,217",Tenpaar001 LLC
"200 Swan Ave, Centralia, IL 62801","$100,779","3,733","Industrial, Manufacturing",Ameren Illinois,"311,047","Swan Surfaces, LLC"
"1555 Warner St, Baltimore, MD 21230","$99,454","1,463",Parking Lot,Baltimore Gas & Electric Co,"195,007",Erin Chamberlain
"201 E Huron St, Chicago, IL 60611","$20,403",816,"Retail, Strip Mall",Commonwealth Edison Co,"108,817",
"857 Willow Cir, Hagerstown, MD 21740","$31,891","1,063","Industrial, Manufacturing",The Potomac Edison Co,"88,585",Jamie Rongone
"600 W Camp St, East Peoria, IL 61611","$98,694","3,655","Industrial, Manufacturing",Ameren Illinois,"304,611","Wepo, LLC"
"1000 Brewbaker Dr, Saint Elmo, IL 62458","$98,684","3,655","Industrial, Manufacturing",Ameren Illinois,"304,579",CONAGRA FOOD SERVICE COMPANY CONAGRA FOODS CULINARY PRODUCTS
"11263 N Mockingbird Rd, Nashville, IL 62263","$98,362","3,643","Industrial, Manufacturing",Ameren Illinois,"303,587","Kirchner & Company, LLC"
"2351 State St, Chicago Heights, IL 60411","$22,892",916,"Industrial, Manufacturing",Commonwealth Edison Co,"76,308","S & S Steel Warehouse, Inc."
"3501 Wisman Ln, Quincy, IL 62301","$97,842","3,624","Industrial, Manufacturing",Ameren Illinois,"301,980","Asl Properties, LLC"
"1045 Parsonage Rd, Bridgeton, NJ 08302","$54,075",569,"Industrial, Manufacturing",Atlantic City Electric Co,"47,434","LASSONDE PAPPAS AND COMPANY, INC."
"400 Shelhouse Dr, Rantoul, IL 61866","$97,247","3,602","Industrial, Manufacturing",Ameren Illinois,"300,146",Guardian West
"500 Dacey Dr, Shelbyville, IL 62565","$97,105","3,596","Industrial, Manufacturing",Ameren Illinois,"299,708",Graphic Packaging Corporation
"2300 N Salisbury Blvd, Salisbury, MD 21801","$30,078",547,"Retail, Strip Mall",Delmarva Power,"72,916",Fpb 2310 Salisbury LLC
"1390 Peterson Industrial Dr, Greenville, IL 62246","$96,634","3,579","Industrial, Manufacturing",Ameren Illinois,"298,252",Carlisle
"537 Monmouth Rd, Jackson Township, NJ 08527","$16,966",353,"Retail, Strip Mall",Jersey Central Power & Lt Co,"47,127","Simon Property Group Administrative Services Partnership, L.P."
"205 Capitol Way, Jacksonville, IL 62650","$95,542","3,539","Industrial, Manufacturing",Ameren Illinois,"294,881","Tm & JM Commercial Properties, LLC"
"111 Pella Rd, Macomb, IL 61455","$95,530","3,538","Industrial, Manufacturing",Ameren Illinois,"294,845","Trigen Cfa, LLC"
"1010 E Fairchild St, Danville, IL 61832","$95,076","3,521","Industrial, Manufacturing",Ameren Illinois,"293,444",Jr Butler
"1200 McGrath Ave, Effingham, IL 62401","$94,823","3,512","Industrial, Warehouse",Ameren Illinois,"292,663",ADM
"1805 E University Dr, Macomb, IL 61455","$93,621","3,467","Industrial, Warehouse",Ameren Illinois,"288,953","Macomb Industrial Park, LLC"
"101 Franklin St, Kewanee, IL 61443","$93,369","3,458","Industrial, Manufacturing",Ameren Illinois,"288,176",Kewanee Preservation Society
"2333 S Wabash Ave, Centralia, IL 62801","$91,831","3,401","Industrial, Manufacturing",Ameren Illinois,"283,428",Stella D'Oro Distributors
"914 Saegers Station Rd, Montgomery, PA 17752","$16,348",817,"Industrial, Manufacturing",PPL Electric Utilities Corp,"68,117",St Engineering North Amer Inc
"1 W Hegeler Ln, Danville, IL 61832","$91,144","3,376","Industrial, Manufacturing",Ameren Illinois,"281,309",C C L Custom Manufacturing
"2969 Chartres St, La Salle, IL 61301","$90,857","3,365","Industrial, Manufacturing",Ameren Illinois,"280,424","Cme Wire & Cable, Inc."
"17590 Mockingbird Rd, Nashville, IL 62263","$90,166","3,339","Industrial, Manufacturing",Ameren Illinois,"278,289","Kbp, LLC"
"9912 Governor Lane Boulevard, Williamsport, MD 21795","$89,897","2,997","Industrial, Warehouse",The Potomac Edison Co,"249,715",Bowman Development Corporation
"3400 Wisman Ln, Quincy, IL 62301","$88,972","3,295","Industrial, Manufacturing",Ameren Illinois,"274,605",Manchester Tank & Equipment Co.
"11459 N Mockingbird Rd, Nashville, IL 62263","$88,892","3,292","Industrial, Manufacturing",Ameren Illinois,"274,358","Kirchner & Company, LLC"
"18355 Enterprise Ave, Nashville, IL 62263","$88,643","3,283","Industrial, Manufacturing",Ameren Illinois,"273,589","Gah Industrial 25, LLC"
"6251 IL-251, Peru, IL 61354","$88,480","3,277","Industrial, Manufacturing",Ameren Illinois,"273,085",City of Peru
"102 Mercury Dr, Champaign, IL 61822","$88,116","3,264","Industrial, Manufacturing",Ameren Illinois,"271,964",Fedex
"509 W Monroe St, Highland, IL 62249","$87,737","3,250","Industrial, Manufacturing",Ameren Illinois,"270,792",
"1117 N 2nd St, Murphysboro, IL 62966","$86,951","3,220","Industrial, Manufacturing",Ameren Illinois,"268,366",Berkshire
"5851 W Dickens Ave, Chicago, IL 60639","$20,278",811,"Industrial, Manufacturing",Commonwealth Edison Co,"67,592",
"640 E Jackson St, Du Quoin, IL 62832","$85,697","3,174","Industrial, Manufacturing",Ameren Illinois,"264,498","JTE, INC"
"2226 E Morton Ave, Jacksonville, IL 62650","$85,373","3,162","Industrial, Manufacturing",Ameren Illinois,"263,497",Reynolds Consumer Products
"600 E Peoria St, Goodfield, IL 61742","$84,941","3,146","Industrial, Manufacturing",Ameren Illinois,"262,164",Case Corp
"1453 S Washington St, Du Quoin, IL 62832","$84,880","3,144","Industrial, Manufacturing",Ameren Illinois,"261,974",Prysmian Cable & Systems USA
"1501 S 19th St, Mattoon, IL 61938","$84,569","3,132","Industrial, Manufacturing",Ameren Illinois,"261,016",GE Aerospace
"1000 14th St, Charleston, IL 61920","$84,543","3,131","Industrial, Manufacturing",Ameren Illinois,"260,935",
"6400 Oakton St, Morton Grove, IL 60053","$19,471",779,"Industrial, Manufacturing",Commonwealth Edison Co,"64,904",John Crane
"700 E State St, Calumet City, IL 60409","$19,128",765,"Industrial, Manufacturing",Commonwealth Edison Co,"63,761",Amy Faure
"4300 Montgomery Rd, Ellicott City, MD 21043","$13,728",202,"Retail, Strip Mall",Baltimore Gas & Electric Co,"26,918",Crow Holdings Capital
"2472 Solomons Island Rd, Annapolis, MD 21401","$13,715",202,"Retail, Strip Mall",Baltimore Gas & Electric Co,"26,892",Lerner Mark
"3209 Farber Dr, Champaign, IL 61822","$83,060","3,076","Industrial, Manufacturing",Ameren Illinois,"256,357",Dodds Holdings LLC
"1703 E Voorhees St, Danville, IL 61832","$82,558","3,058","Industrial, Manufacturing",Ameren Illinois,"254,808",
"1650 Premium Outlet Blvd, Aurora, IL 60502","$16,753",670,"Retail, Strip Mall",Commonwealth Edison Co,"89,347","Simon Property Group Administrative Services Partnership, L.P."
"200 Mall Cir Dr, Monroeville, PA 15146","$5,386",337,"Retail, Strip Mall",Duquesne Light Co,"44,887",Cbl
"2940 MacArthur Rd, Whitehall Township, PA 18052","$8,490",424,"School, Primary",PPL Electric Utilities Corp,"56,599",George D Stckel Elmentary Schl
"100 Church St, Peru, IL 61354","$80,016","2,964","Industrial, Manufacturing",Ameren Illinois,"246,962",Maze Nails Division
"2200 W War Memorial Dr, Peoria, IL 61613","$79,132","2,931",Multi-Family,Ameren Illinois,"390,777",
"1119 N Kickapoo St, Lincoln, IL 62656","$78,551","2,909","Industrial, Manufacturing",Ameren Illinois,"242,441","Fortune Plastic, Inc.,"
"600 Powder Mill Rd, East Alton, IL 62024","$77,611","2,874","Industrial, Manufacturing",Ameren Illinois,"239,539",Olin
"18259 W Frontage Rd, Litchfield, IL 62056","$77,151","2,857","Industrial, Manufacturing",Ameren Illinois,"238,121",Pioneer HI Bred Int L
"606 S Tremont Ave, Princeville, IL 61559","$76,969","2,851","Industrial, Manufacturing",Ameren Illinois,"237,558",Owattona Canning Co
"1386 IL-117, Roanoke, IL 61561","$76,872","2,847","Industrial, Manufacturing",Ameren Illinois,"237,260",Parsons
"501 SW Jefferson Ave, Peoria, IL 61605","$76,454","2,832","Industrial, Manufacturing",Ameren Illinois,"235,969",Caterpillar
"2000 WOLF BUSINESS PARK, GREENVILLE, IL 62246","$76,414","2,830","Industrial, Manufacturing",Ameren Illinois,"235,847",United Stationers
"510 E McClurken Ave, Sparta, IL 62286","$75,272","2,788","Industrial, Manufacturing",Ameren Illinois,"232,320","Spartan Light Metal Products, Inc."
"200 Cascade Dr, Allentown, PA 18109","$12,236",612,"Industrial, Manufacturing",PPL Electric Utilities Corp,"50,982","First Industrial Realty Trust, Inc."
"902 S 2nd St, Marshall, IL 62441","$73,816","2,734","Industrial, Manufacturing",Ameren Illinois,"227,827",Cinch Power Products
"1170 Smallwood Dr W, Waldorf, MD 20603",—,—,"Retail, Strip Mall",Southern Maryland Elec Coop Inc,"86,559",Fcpt
"1057 N Cicero Ave, Chicago, IL 60651","$16,927",677,"Industrial, Manufacturing",Commonwealth Edison Co,"56,422","4100 W. Fillmore, LLC"
"2900 Main St, Peru, IL 61354","$72,855","2,698","Industrial, Manufacturing",Ameren Illinois,"224,860",American Nickeloid Company Inc
"14009 N Old Galena Rd, Chillicothe, IL 61523","$72,842","2,698","Industrial, Manufacturing",Ameren Illinois,"224,822",Sheriffs Dept-Detective Bureau
"1100 E Bell St, Bloomington, IL 61701","$72,540","2,687","Industrial, Manufacturing",Ameren Illinois,"223,888","Bell International Company, LLC"
"120 Raritan Center Pkwy, Edison, NJ 08837","$28,168",287,"Industrial, Manufacturing",Public Service Elec & Gas Co,"23,952",V Mueller Div
"4501 Curtis Ave, Baltimore, MD 21226","$16,230",239,"Industrial, Manufacturing",Baltimore Gas & Electric Co,"19,890",Scannell Properties
"303 W Raymond St, Sullivan, IL 61951","$70,472","2,610","Industrial, Manufacturing",Ameren Illinois,"217,505",Phyllis Farley
"700 Broadway Ave E, Mattoon, IL 61938","$69,257","2,565",Office,Ameren Illinois,"342,011",
"7701 Burholme Ave, Philadelphia, PA 19111",—,—,Hospital,PECO Energy Co,"8,095",
"245 Reading Rd, East Earl, PA 17519","$13,158",658,"Industrial, Warehouse",PPL Electric Utilities Corp,"54,826",Conestoga
"301 Mt Hope Ave, Rockaway, NJ 07866","$13,049",272,"Retail, Strip Mall",Jersey Central Power & Lt Co,"36,247",Macy's
"4540 S Kildare Ave, Chicago, IL 60632","$15,228",609,"Industrial, Manufacturing",Commonwealth Edison Co,"50,761",Rapid Displays
"201 SW Jefferson Ave, Peoria, IL 61602","$67,388","2,496","Retail, Strip Mall",Ameren Illinois,"332,778",Peoria Civic Center Authority
"3720 Nazareth Rd, Easton, PA 18045","$8,124",406,"Retail, Strip Mall",PPL Electric Utilities Corp,"54,161",Robert Baker
"515 N Zarfoss Dr, York, PA 17404","$62,957","3,703","Industrial, Warehouse",Metropolitan Edison Co,"308,612",Prologis
"631 S Richland Ave, York, PA 17403","$9,221",542,"Industrial, Manufacturing",Metropolitan Edison Co,"45,201",Denver Realty Associates
"1215 Loop Rd, Lancaster, PA 17601","$9,764",488,"Industrial, Manufacturing",PPL Electric Utilities Corp,"40,685","Broadstone Net Lease, Inc."
"2759 Paper Mill Rd, Reading, PA 19610","$7,791",390,"Retail, Strip Mall",PPL Electric Utilities Corp,"51,939",Gh Carbon Associates LP
"6800 Santa Fe Dr, Hodgkins, IL 60525","$13,966",559,"Industrial, Manufacturing",Commonwealth Edison Co,"46,554",Prudential Private Capital
"225 Peach St, Leesport, PA 19533","$59,648","3,509","Industrial, Warehouse",Metropolitan Edison Co,"292,391",Dumb Dogs Corporation
"1000 Weldon Rd, Jefferson, NJ 07438",—,—,"School, Primary",Jersey Central Power & Lt Co,"26,126",Jefferson Township Board of Education (inc)
"2180 MacArthur Rd, Fullerton, PA 18052","$7,507",375,"Retail, Strip Mall",PPL Electric Utilities Corp,"50,046",Bpg
"10900 Redco Dr, Marion, IL 62959","$42,571","1,577","Industrial, Manufacturing",Ameren Illinois,"131,393",A H A
"6512 Nor Bath Blvd, Bath, PA 18014","$12,108",757,"Industrial, Warehouse",PECO Energy Co,"63,063",Keystone Cement Company
"615 Baltimore Pike, Bel Air, MD 21014",—,—,"Retail, Strip Mall",Baltimore Gas & Electric Co,"19,320","Kite Realty Group, L.P."
"1000 Broadway Ave E, Mattoon, IL 61938","$47,510","1,760",Office,Ameren Illinois,"234,616",Diepholz Family Limited Liability Company
"501 Zschokke St, Highland, IL 62249","$55,705","2,063","Industrial, Manufacturing",Ameren Illinois,"171,929",Timothy Griffith
"4030 Pottsville Pike, Reading, PA 19605","$55,580","3,269","Industrial, Warehouse",Metropolitan Edison Co,"272,452",Benjamin Cohen
"22-08 NJ-208, Fair Lawn, NJ 07410","$21,598",220,"Industrial, Manufacturing",Public Service Elec & Gas Co,"18,366","22-10 Rt208, LLC"
"111 Woodcrest Rd, Cherry Hill Township, NJ 08003",—,—,Office,Public Service Elec & Gas Co,"25,602",Crown Milford LLC
"515 NE Glen Oak Ave, Peoria, IL 61603","$53,930","1,997",Office,Ameren Illinois,"266,319",The Sisters of The Third Order of St Francis
"2484 N Elston Ave, Chicago, IL 60647","$12,466",499,"Industrial, Manufacturing",Commonwealth Edison Co,"41,552",Midtown Athletic Clubs
"202 1st Ave, Ford City, PA 16226",—,—,"Industrial, Manufacturing",West Penn Power Co,"37,240","Nature's Blend Wood Products, Inc."
"7039 Cermak Rd, Berwyn, IL 60402","$10,505",420,"Retail, Strip Mall",Commonwealth Edison Co,"56,024",Cermak Plaza Assoc LLC
"720 Laurel St, Reading, PA 19602","$52,325","3,078","Industrial, Warehouse",Metropolitan Edison Co,"256,495",Ds Smith Packaging
", CARBONDALE, IL 62901","$52,157","1,932",Hotel,Ameren Illinois,"257,567","Premier Property Management and Development, LLC"
"900 Packer Ave, Philadelphia, PA 19148","$6,422",401,Hotel,PECO Energy Co,"53,517","Glp Capital, L.P."
"5689 York Rd, Spring Grove, PA 17362","$51,972","3,057","Industrial, Warehouse",Metropolitan Edison Co,"254,765","Conewago Contractors, Inc."
"3002 Apollo Dr, Champaign, IL 61822","$51,634","1,912",Office,Ameren Illinois,"254,984","Viking Warehouse, LLC"
"6900 N McCormick Blvd, Lincolnwood, IL 60712","$10,425",417,"Retail, Strip Mall",Commonwealth Edison Co,"55,599",Daniel Schied
"100 Industrial Dr, Hamburg, PA 19526","$51,406","3,024","Industrial, Warehouse",Metropolitan Edison Co,"251,988",Carosella Family Foundation
"1285 Ritner Hwy, Carlisle, PA 17013","$8,453",423,"Industrial, Manufacturing",PPL Electric Utilities Corp,"35,219",Carlisle
"6211 N Illinois St, Fairview Heights, IL 62208","$51,134","1,894","Industrial, Manufacturing",Ameren Illinois,"157,820",
"14 Deka Rd, Kutztown, PA 19530","$51,015","3,001","Industrial, Warehouse",Metropolitan Edison Co,"250,075",Battery Assembly
"100 Lincoln St, New Oxford, PA 17350","$50,975","2,999","Industrial, Warehouse",Metropolitan Edison Co,"249,876","Tb-Rep, LLC"
"81 W Huller Ln, Reading, PA 19605","$50,951","2,997","Industrial, Warehouse",Metropolitan Edison Co,"249,762",Textile Chemical Co Inc
"2001 Rockland St, Reading, PA 19605","$50,842","2,991","Industrial, Warehouse",Metropolitan Edison Co,"249,224","Stag Industrial, Inc."
"2000 Kitty Hawk Ave, Philadelphia, PA 19112","$4,603",288,"Industrial, Manufacturing",PECO Energy Co,"23,974",
"70 Bordnersville Rd, Jonestown, PA 17038","$49,839","2,932","Industrial, Warehouse",Metropolitan Edison Co,"244,309",American Realty Advisors
"2525 Monroe Blvd, Norristown, PA 19403","$6,312",395,"Industrial, Manufacturing",PECO Energy Co,"32,875","TPR33, LLC"
"5460 Pottsville Pike, Leesport, PA 19533","$49,371","2,904","Industrial, Warehouse",Metropolitan Edison Co,"242,014",
"15A Melanie Ln, East Hanover, NJ 07936","$12,700",265,"Industrial, Manufacturing",Jersey Central Power & Lt Co,"22,049",Edens
"820 E Bald Eagle St, Lock Haven, PA 17745","$8,331",417,"Industrial, Manufacturing",PPL Electric Utilities Corp,"34,711",Anthony Frasca
"2525 N 12th St, Reading, PA 19605","$9,397",553,"Industrial, Warehouse",Metropolitan Edison Co,"46,063","AGR133, LLC"
"403 Carver Ln, East Peoria, IL 61611","$46,505","1,722","Industrial, Warehouse",Ameren Illinois,"143,534","384 Carver Lane 403, LLC"
"20 N Front St, Steelton, PA 17113","$7,531",377,"Industrial, Manufacturing",PPL Electric Utilities Corp,"31,378",James Graham
"100 Premium Outlets Blvd, Hagerstown, MD 21740","$11,595",386,"Retail, Strip Mall",The Potomac Edison Co,"51,532","South Hagerstown, LLC"
"355 Maple St, Bellingham, MA 02019","$27,750",278,"Industrial, Warehouse",National Grid - Massachusetts,"23,125","LIT MILLENIUM, INC."
"205 Shelhouse Dr, Rantoul, IL 61866","$44,754","1,658","Industrial, Manufacturing",Ameren Illinois,"138,131",Beauty Quest Group TSC
"200 Church St, Landisville, PA 17538","$4,343",217,"School, Primary",PPL Electric Utilities Corp,"28,954",Hempfield Area Recreation Comm
"2121 Wheatsheaf Ln, Philadelphia, PA 19137","$4,710",294,"Industrial, Manufacturing",PECO Energy Co,"24,531","FGD WHEATSHEAF ACQUISITION SUB, L.L.C."
"15190 NBN Way, Waynesboro, PA 17268",—,—,"Industrial, Warehouse",West Penn Power Co,"32,654",The Globe Pequot Publishing Group Inc
"2485 Commerce Center Blvd, Bethlehem, PA 18015","$9,168",458,"Industrial, Warehouse",PPL Electric Utilities Corp,"38,198","Clarion Partners, LLC"
"2805 S 25th Ave, Broadview, IL 60155","$9,605",384,"Industrial, Manufacturing",Commonwealth Edison Co,"32,017",Siarhei Ausiankin
"38 Neponset Ave, Foxborough, MA 02035","$19,404",194,"Industrial, Manufacturing",National Grid - Massachusetts,"16,170",Schneider Electric
"1621 S Illinois St, Streator, IL 61364","$8,829",353,"Industrial, Manufacturing",Commonwealth Edison Co,"29,430",Federal Signal
"1472 Dorsey Rd, Hanover, MD 21076","$10,756",158,"Industrial, Warehouse",Baltimore Gas & Electric Co,"13,181","Almanac Realty Investors, LLC"
"1250 York St, Hanover, PA 17331","$5,775",340,"Industrial, Manufacturing",Metropolitan Edison Co,"28,309","Snyder's-Lance, Inc."
"625 Jersey Ave, New Brunswick, NJ 08901",—,—,"Industrial, Manufacturing",Public Service Elec & Gas Co,"12,731",Marc Berson
"76 Acco Dr, York, PA 17402","$5,651",332,"Industrial, Manufacturing",Metropolitan Edison Co,"27,702","Dodge Realty Partners, LP"
"100 Schelter Rd, Lincolnshire, IL 60069","$8,692",348,"Industrial, Manufacturing",Commonwealth Edison Co,"28,974",Carlson Labs
"10800 W Belmont Ave, Franklin Park, IL 60131","$8,524",341,"Industrial, Manufacturing",Commonwealth Edison Co,"28,414",Prologis
"3301 Wireton Rd, Blue Island, IL 60406","$8,072",323,"Industrial, Manufacturing",Commonwealth Edison Co,"26,907",Altus Group
"1200 S Cedar Crest Blvd, Allentown, PA 18103","$4,911",246,"Retail, Strip Mall",PPL Electric Utilities Corp,"32,741",
"900 N Michigan Ave, Chicago, IL 60611","$7,828",313,Hotel,Commonwealth Edison Co,"41,748","900 North Michigan, LLC"
"10 Northgate Industrial Dr, Granite City, IL 62040","$35,487","1,314","Industrial, Manufacturing",Ameren Illinois,"109,527",H S Processing L.P.
"1001 E Oregon Rd, Lititz, PA 17543","$35,247","1,762",Multi-Family,PPL Electric Utilities Corp,"234,982",LANDIS HOMES
"200 W North Ave, Lombard, IL 60148","$7,664",307,"Industrial, Manufacturing",Commonwealth Edison Co,"25,548","F & G ASSOCIATES, LLC"
"1300 Naperville Dr, Romeoville, IL 60446","$7,863",315,"Industrial, Manufacturing",Commonwealth Edison Co,"26,209",Village of Romeoville
"200 W Madison St, Chicago, IL 60606","$4,874",195,Office,Commonwealth Edison Co,"25,994",Bentall Kennedy
"2733 S Veterans Pkwy, Springfield, IL 62704","$21,039",779,"Retail, Strip Mall",Ameren Illinois,"103,896","Westgate Sc, LLC"
"121 S Orange Ave, Newark, NJ 07103",—,—,"School, Primary",Public Service Elec & Gas Co,"16,387",Bureau of Revenue-Njdep
"1700 Walnut St, Granite City, IL 62040","$30,835","1,142","Industrial, Manufacturing",Ameren Illinois,"95,169",Amsted Industries Incorporated
"1001 E Waterfront Dr, Homestead, PA 15120","$2,492",156,"Industrial, Manufacturing",Duquesne Light Co,"12,981","Plate Mill, L.P."
"7030 S Cicero Ave, Chicago, IL 60638","$6,519",261,"Industrial, Manufacturing",Commonwealth Edison Co,"21,730",Blackstone
"340 Eby Chiques Rd, Mount Joy, PA 17552","$4,695",235,"Industrial, Manufacturing",PPL Electric Utilities Corp,"19,561",Kreider Dairy Farm Restaurant
"825 E Wyomissing Blvd, Reading, PA 19611","$6,287",314,"Industrial, Warehouse",PPL Electric Utilities Corp,"26,195","Tmap Realty, LLC"
"320 Stadium Dr, Pekin, IL 61554","$28,836","1,068","Retail, Strip Mall",Ameren Illinois,"142,399",Voice Stream Wireless
"6308 W Cortland St, Chicago, IL 60639","$6,669",267,"Industrial, Manufacturing",Commonwealth Edison Co,"22,229",Peter Arenson
"8051 Sixes Bridge Rd, Keymar, MD 21757","$11,463",382,"Industrial, Warehouse",The Potomac Edison Co,"31,843",Bon Van Wingerden
"600 Brighton St, Fountain Hill, PA 18015","$6,102",305,"Industrial, Warehouse",PPL Electric Utilities Corp,"25,426",Katz Properties LLC
"1 Union Special Plz, Huntley, IL 60142","$5,956",238,"Industrial, Manufacturing",Commonwealth Edison Co,"19,854",Smg Hunter Real Estate LLC
"400 N Weaber St, Annville, PA 17003","$4,119",242,"Industrial, Manufacturing",Metropolitan Edison Co,"20,193",Butler Mfg Company
"2350 Sequoia Dr, Aurora, IL 60506","$5,885",235,"Industrial, Manufacturing",Commonwealth Edison Co,"19,616","Toyota Motor North America, Inc."
"5621 W 120th St, Alsip, IL 60803","$5,694",228,"Industrial, Manufacturing",Commonwealth Edison Co,"18,979",Ctltc 008002360175
"2800 Lakeside Dr, Bannockburn, IL 60015","$5,632",225,"Industrial, Manufacturing",Commonwealth Edison Co,"18,772","2800 Lakeside, LLC"
"250 Olin Industrial Dr, East Alton, IL 62024","$23,441",868,"Industrial, Manufacturing",Ameren Illinois,"72,349",Olin Brass
"1665 State Hill Rd, Wyomissing, PA 19610","$3,229",161,"Retail, Strip Mall",PPL Electric Utilities Corp,"21,527",Namdar Realty Group LLC
"137 Teaticket Hwy, Falmouth, MA 02536","$6,959",89,"Retail, Strip Mall",Eversource Energy (Formerly NSTAR Electric Company),"11,895","Ta Falmouth, LLC"
"151 Don Connor Blvd, Jackson Township, NJ 08527",—,—,"School, Primary",Jersey Central Power & Lt Co,"8,771",Township of Berkeley
"305 Broadway, Jersey City, NJ 07306",—,—,"Industrial, Manufacturing",Public Service Elec & Gas Co,"7,128","JC BROADWAY, L.L.C."
"3421 W 47th St, Chicago, IL 60632","$4,775",191,"Industrial, Manufacturing",Commonwealth Edison Co,"15,915",
"5000 Proviso Dr, Melrose Park, IL 60163","$4,647",186,"Industrial, Manufacturing",Commonwealth Edison Co,"15,491",Aew Real Estate Advisors
"5125 Jonestown Rd, Harrisburg, PA 17112","$2,935",147,"Retail, Strip Mall",PPL Electric Utilities Corp,"19,564",Kroenke Group
"400 Park Dr, Carlisle, PA 17015","$3,139",157,"Industrial, Manufacturing",PPL Electric Utilities Corp,"13,080",Vitro Architectural Glass
"2301 Davis St, North Chicago, IL 60064","$4,439",178,"Industrial, Manufacturing",Commonwealth Edison Co,"14,796",A.C. Properties
"7734 W 59th St, Summit, IL 60501","$4,248",170,"Industrial, Manufacturing",Commonwealth Edison Co,"14,161",Owens Crning Intllctual Cpitl
"2000 NJ-70, Cherry Hill Township, NJ 08002",—,—,"Retail, Strip Mall",Public Service Elec & Gas Co,"13,787","Edgewood Properties, Inc."
"803 N Stanwick Rd, Moorestown, NJ 08057",—,—,"School, Primary",Public Service Elec & Gas Co,"9,440",
"9677 W Hills Ct, Kutztown, PA 19530","$18,278","1,075","Industrial, Warehouse",Metropolitan Edison Co,"89,596",Prologis
"123 6th St, Pittsburgh, PA 15222",—,—,"Restaurant, Full Service ",Duquesne Light Co,"6,528",William Zotis
"5300 McDermott Dr, Berkeley, IL 60163","$3,887",155,"Industrial, Manufacturing",Commonwealth Edison Co,"12,955",The Pauls Corporation LLC
"401 Randolph St, Red Bud, IL 62278","$17,131",634,"Industrial, Manufacturing",Ameren Illinois,"52,872",Brain Sneed
"800 Ela Rd, Lake Zurich, IL 60047","$3,620",145,"Industrial, Manufacturing",Commonwealth Edison Co,"12,067",Lake Zurich Industrial LLC
"404 N Wesley Ave, Mount Morris, IL 61054","$3,425",137,"Industrial, Manufacturing",Commonwealth Edison Co,"11,418","Phoenix Investors, A Limited Liability Company"
"120 Friel Ln, Queenstown, MD 21658","$9,230",168,"Industrial, Warehouse",Delmarva Power,"13,985","S.E.W. Friel, LLC"
"4501 Woodhaven Rd, Philadelphia, PA 19154","$1,128",71,Office,PECO Energy Co,"9,401",Liberty Plaza Storage LLC
"7400 N Oak Park Ave, Niles, IL 60714","$3,508",140,"Industrial, Manufacturing",Commonwealth Edison Co,"11,694",Reyes Holdings
"400 Commons Way, Bridgewater, NJ 08807",—,—,"Retail, Strip Mall",Jersey Central Power & Lt Co,"9,367",Jpmorganchase
"901 Cass Street, East Peoria, IL 61611","$14,718",545,"Industrial, Manufacturing",Ameren Illinois,"45,426",Caterpillar
"6400 Rock Spring Dr, Bethesda, MD 20817",—,—,"School, Primary",Potomac Electric Power Co,"6,509",Board of Education
"400 Chambers St, Trenton, NJ 08609",—,—,"School, Primary",Public Service Elec & Gas Co,"7,040",Board of Education of The City of Trenton (inc)
"6901 Security Blvd, Woodlawn, MD 21244",—,—,"Retail, Standalone",Baltimore Gas & Electric Co,"5,583","Aging, Dept of"
"276 Veterans Dr, Tobyhanna, PA 18466","$2,180",109,"Retail, Strip Mall",PPL Electric Utilities Corp,"14,536",Walmart
"972 E 4500n Rd, Bourbonnais, IL 60914","$2,951",118,"Industrial, Manufacturing",Commonwealth Edison Co,"9,838",Nucor
"754 Dinnerbell Rd, Saxonburg, PA 16056",—,—,"School, Primary",West Penn Power Co,"9,301",
"1430 E Fairchild St, Danville, IL 61832","$12,933",479,"Industrial, Manufacturing",Ameren Illinois,"39,918","Heritage Development Services, LLC"
"33239 Costen Rd, Pocomoke City, MD 21851","$7,777",141,"Industrial, Warehouse",Delmarva Power,"11,783",Lankford - Sysco Food Services
"700 Haddonfield-Berlin Rd, Voorhees Township, NJ 08043",—,—,"Retail, Strip Mall",Atlantic City Electric Co,"9,512",Voorhees Mzl LLC
"3019 N Rockwell St, Chicago, IL 60618","$2,826",113,"Industrial, Manufacturing",Commonwealth Edison Co,"9,419","Hc Rockwell Ave Capital, LLC"
"540 Westgate Dr, Brockton, MA 02301","$5,532",55,"Retail, Strip Mall",National Grid - Massachusetts,"7,376",NEW WESTGATE MALL LLC
"310 NJ-36, Hazlet, NJ 07730",—,—,"Retail, Strip Mall",Jersey Central Power & Lt Co,"7,410","CMG & ASSOCIATES, L.L.C."
"11373 N Mockingbird Rd, Nashville, IL 62263","$11,121",412,"Industrial, Manufacturing",Ameren Illinois,"34,324","Kirchner & Company, LLC"
"1049 Secaucus Rd, Secaucus, NJ 07094",—,—,"Industrial, Manufacturing",Public Service Elec & Gas Co,"3,436",Centerpoint Properties Trust
"3900 Industrial Rd, Harrisburg, PA 17110","$2,827",141,"Industrial, Warehouse",PPL Electric Utilities Corp,"11,780","High Street Realty Company, LLC"
"40 Dennis Dr, Reading, PA 19606","$10,600",624,"Industrial, Warehouse",Metropolitan Edison Co,"51,962","ERCOR SB, LLC"
"1120 N 28th St, Quincy, IL 62301","$1,544",57,"Industrial, Manufacturing",Ameren Illinois,"4,765",TITAN
"105 E Evergreen Rd, Lebanon, PA 17042",—,—,"School, Primary",Metropolitan Edison Co,"7,623",Cornwall-Lebanon School District
"18310 Enterprise Ave, Nashville, IL 62263","$2,288",85,"Industrial, Manufacturing",Ameren Illinois,"7,062",Magna Exteriors Belvidere
"4320 East Faries Parkway, Decatur, IL 62526","$9,727",360,"Industrial, Manufacturing",Ameren Illinois,"30,023",ADM
"500 E Superior Ave, Jacksonville, IL 62650","$9,698",359,"Industrial, Manufacturing",Ameren Illinois,"29,932",Reynolds Consumer Products
"70 W Mountain Rd, Sparta, NJ 07871",—,—,"School, Primary",Jersey Central Power & Lt Co,"4,087",Northwestern Schools
"1721 Morris Ave, Union, NJ 07083",—,—,"Retail, Strip Mall",Jersey Central Power & Lt Co,"6,409",Vornado Bergen Mall License LLC
"1231 Mt Wilson Rd, Lebanon, PA 17042","$1,402",82,"Industrial, Manufacturing",Metropolitan Edison Co,"6,873",Weaber Hardwoods
"4020 211th St, Matteson, IL 60443","$1,276",51,Supermarket,Commonwealth Edison Co,"6,805",Namdar Realty Group LLC
"1150 N Sherman St, York, PA 17402","$9,067",533,"Industrial, Warehouse",Metropolitan Edison Co,"44,446","North Sherman Properties, LLC"
"4300 Jonestown Rd, Harrisburg, PA 17109","$1,541",77,"Retail, Strip Mall",PPL Electric Utilities Corp,"10,275",4600 Jonestown LLC
"6007 E State St, Rockford, IL 61108","$1,338",54,"Restaurant, Full Service ",Commonwealth Edison Co,"7,135","Broadstone Net Lease, Inc."
"325 US-202, Flemington, NJ 08822",—,—,"Retail, Strip Mall",Jersey Central Power & Lt Co,"6,361",New York Life
"1520 NJ-38, Lumberton Township, NJ 08048",—,—,"Retail, Strip Mall",Public Service Elec & Gas Co,"7,534",Lowe's
"493 County Ave, Secaucus, NJ 07094",—,—,"Industrial, Manufacturing",Public Service Elec & Gas Co,"2,449",UPS
"20 N 3rd St, Philadelphia, PA 19106",—,—,Office,PECO Energy Co,"5,107",20 North 3rd Street Limited
"365 E North Ave., Carol Stream, IL 60188","$1,844",74,"Industrial, Manufacturing",Commonwealth Edison Co,"6,148","Hs Baltimore Portfolio Investors III, LLC"
"2000 Clements Bridge Rd, Woodbury, NJ 08096",—,—,"Retail, Strip Mall",Atlantic City Electric Co,"6,368",Blackstone
"704 W Main St, Teutopolis, IL 62467","$4,519",167,"Industrial, Manufacturing",Ameren Illinois,"13,947","Stevens Industries, Inc."
"8201 N University St, Peoria, IL 61615","$5,093",189,"Industrial, Manufacturing",Ameren Illinois,"15,718","Walbridge Coating Property, LLC"
"315 N Clark St, Chicago, IL 60654","$2,064",83,Hotel,Commonwealth Edison Co,"11,009","Host Hotels & Resorts, Inc."
"800 W Front St, Chester, PA 19013","$6,114",382,Parking Lot,PECO Energy Co,"50,952",Michael Gerace
"2626 Ligonier St, Latrobe, PA 15650",—,—,"Industrial, Manufacturing",West Penn Power Co,"4,288",Latrobe Specialty Steel Co
"5300 St Charles Rd, Berkeley, IL 60163","$1,349",54,"Industrial, Manufacturing",Commonwealth Edison Co,"4,496",Honey Can Do
"801 N Main St, Abingdon, IL 61410",—,—,"Industrial, Manufacturing",Ameren Illinois,"3,963",
"3201 Rte 9 S, Middle Township, NJ 08242",—,—,"Retail, Strip Mall",Atlantic City Electric Co,"5,200",Thomas Juliano
"100 Redco Ave, Red Lion, PA 17356","$5,683",334,"Industrial, Warehouse",Metropolitan Edison Co,"27,859",Glenn C Rexroth
"2100 N Hicks Rd, Palatine, IL 60074",—,—,"Industrial, Manufacturing",Commonwealth Edison Co,"4,127",UPS
"141 US-206, Chester, NJ 07930",—,—,"Retail, Strip Mall",Jersey Central Power & Lt Co,"4,539",Ares
"800 N Frederick Ave, Gaithersburg, MD 20879",—,—,"Industrial, Warehouse",Potomac Electric Power Co,"4,825",Morris Rtf Associates LLC
"3000 W Chrysler Dr, Belvidere, IL 61008",—,—,"Industrial, Manufacturing",Commonwealth Edison Co,"3,737",Fiat Chrysler Automobiles
"205 S Lierman Ave, Urbana, IL 61802","$3,394",126,"Industrial, Manufacturing",Ameren Illinois,"10,474",Dart Atlas Holdings LLC
"777 Rural Ave, Williamsport, PA 17701",—,—,Outpatient,PPL Electric Utilities Corp,"3,587",UPMC HEALTH BENEFITS
"2380 Sullivan Rd, Aurora, IL 60506",—,—,"Industrial, Manufacturing",Commonwealth Edison Co,"3,739",Blackstone
"415 Memorial Blvd, Womelsdorf, PA 19567",—,—,"Industrial, Manufacturing",PPL Electric Utilities Corp,"3,445",De Gol Bros Carpet Div
"5900 Peach St, Erie, PA 16509",—,—,Office,Pennsylvania Electric Co,"963,819",
"10701 Franklin Ave, Franklin Park, IL 60131",—,—,"Industrial, Manufacturing",Commonwealth Edison Co,"3,663",Barrett Lachance
"1640 Seventh St, Granite City, IL 62040","$4,818",178,"Industrial, Warehouse",Ameren Illinois,"14,871",America's Central Port District
"1000 Willowbrook Rd, Northampton, PA 18067","$1,643",82,"Industrial, Warehouse",PPL Electric Utilities Corp,"6,847",Fedex
"104 E 2nd St, Erie, PA 16507",—,—,Hospital,Pennsylvania Electric Co,"223,083",
"500 John Hancock Rd, Taunton, MA 02780","$4,651",47,"Industrial, Warehouse",National Grid - Massachusetts,"3,876","CCM Investments, LLC"
"71 Progress Ave, Cranberry Township, PA 16066",—,—,"Industrial, Manufacturing",Pennsylvania Electric Co,"125,278","Alcoa Steamship Company, LLC"
"1503 W Main St Ext, Grove City, PA 16127",—,—,"Industrial, Manufacturing",Pennsylvania Electric Co,"414,552",WABTEC
"86 Tube Dr, Reading, PA 19605","$1,441",85,"Industrial, Warehouse",Metropolitan Edison Co,"7,066",Greater Berks Development Fund
"4300 E New York St, Aurora, IL 60505","$1,506",60,"Retail, Strip Mall",Commonwealth Edison Co,"8,033","Pacifica Vegas, LLC"
"1664 Greengarden Blvd, Erie, PA 16501",—,—,"Industrial, Manufacturing",Pennsylvania Electric Co,"22,880",Michael Woods
"41 Fisher Ave, Bradford, PA 16701",—,—,"Industrial, Manufacturing",Pennsylvania Electric Co,"20,457",Dresser Natural Gas Solutions
"150 Lincoln Ave, Grove City, PA 16127",—,—,"Industrial, Manufacturing",Pennsylvania Electric Co,"46,699","Cooper Commons, LLC"
"2909 Chestnut St, Quincy, IL 62301","$3,553",132,"Industrial, Manufacturing",Ameren Illinois,"10,965",ADM
"6375 Buffalo Rd, Harborcreek, PA 16421",—,—,"School, Primary",Pennsylvania Electric Co,"267,793",Township of Harborcreek
"4882 Curwensville Grampian Hwy, Curwensville, PA 16833",—,—,"Industrial, Manufacturing",Pennsylvania Electric Co,"9,301","Mt. Savage Specialty Refractories Co., Inc."
"660 Barkeyville Rd, Grove City, PA 16127",—,—,"Industrial, Manufacturing",Pennsylvania Electric Co,"249,276",WABTEC
"13 Industrial Park Rd, Lewistown, PA 17044",—,—,Office,Pennsylvania Electric Co,"247,902",Trinity Plastics Inc.
"3872 Co Hwy 12, Marissa, IL 62257","$1,827",68,"Industrial, Manufacturing",Ameren Illinois,"5,638",Prairie State Generating Company
"4100 William Penn Hwy, Monroeville, PA 15146",—,—,"Retail, Strip Mall",Duquesne Light Co,"3,658","M & J Wilkow, Ltd."
"2445 Schoenersville Rd, Bethlehem, PA 18017",—,—,"Retail, Strip Mall",PPL Electric Utilities Corp,"5,532",Pccp
"600 Roundhouse Rd, Lewistown, PA 17044",—,—,"Industrial, Manufacturing",Pennsylvania Electric Co,"15,523",Bopp Films
"1 Eagle Ct, Mount Vernon, IL 62864","$3,015",112,"Industrial, Manufacturing",Ameren Illinois,"9,306","Mt. Vernon Enterprise Park, L.L.C."
"1015 E 12th St, Erie, PA 16503",—,—,"Industrial, Manufacturing",Pennsylvania Electric Co,"6,179","Agnl Jet, L.L.C."
"1 FRONT ST, IRVINE, PA 16329",—,—,"Industrial, Manufacturing",Pennsylvania Electric Co,"3,588",Ellwood Quality Steels Company
"1156 Four Star Dr, Mount Joy, PA 17552",—,—,"Industrial, Warehouse",PPL Electric Utilities Corp,"5,155","Redcay Industrial Development Xi, LLC"
"891 Beaver Dr, DuBois, PA 15801",—,—,"Industrial, Manufacturing",Pennsylvania Electric Co,"392,881","Phoenix Investors, A Limited Liability Company"
"2417 Park Ave, Easton, PA 18045",—,—,"Retail, Strip Mall",PPL Electric Utilities Corp,"5,468",James Khezrie
"227 Hathaway St E, Girard, PA 16417",—,—,"Industrial, Manufacturing",Pennsylvania Electric Co,"316,440",Girard Area Industrial Development Corporation
"1000 Westinghouse Dr, Cranberry Township, PA 16066",—,—,"Industrial, Manufacturing",Pennsylvania Electric Co,"188,464",William Turner
"1001 75th St, Woodridge, IL 60517","$1,251",50,"Retail, Strip Mall",Commonwealth Edison Co,"6,670",Mc Donald Development Company Inc
"999 Paoli Pike, West Chester, PA 19380",—,—,"Retail, Strip Mall",PECO Energy Co,"5,522",Target Corp
"199 E Lake Shore Dr, Chicago, IL 60611",—,—,Multi-Family,Commonwealth Edison Co,"3,922",199 East Lake Shore Building Corporation
"3402 78th Ave W, Rock Island, IL 61201",—,—,"Industrial, Manufacturing",MidAmerican Energy Co,"462,356",LDI
"32 S 32nd St, Camp Hill, PA 17011",—,—,"Retail, Strip Mall",PPL Electric Utilities Corp,"4,944",
"1300 19th St, East Moline, IL 61244",—,—,"Industrial, Manufacturing",MidAmerican Energy Co,"737,096",
"28424 38th Ave N, Hillsdale, IL 61257",—,—,"Industrial, Manufacturing",MidAmerican Energy Co,"3,436",Tyson
"801 1st St E, Milan, IL 61264",—,—,"Industrial, Manufacturing",MidAmerican Energy Co,"845,166","QUALITY WAREHOUSES, L.L.C."
"625 3rd Ave, Rock Island, IL 61201",—,—,"Industrial, Manufacturing",MidAmerican Energy Co,"243,393",Gary Dohrn
"1400 13th St, East Moline, IL 61244",—,—,"Industrial, Manufacturing",MidAmerican Energy Co,"379,858",Cid-Lcms
"8001 51st St W, Rock Island, IL 61201",—,—,"Industrial, Manufacturing",MidAmerican Energy Co,"254,759","1701 R.C. Sarasota Investments, L.L.C."
"1201 7th St, East Moline, IL 61244",—,—,"Industrial, Manufacturing",MidAmerican Energy Co,"64,202",City of Moline
"141 Cranberry Hwy, Rochester, MA 02576","$2,116",27,"Industrial, Manufacturing",Eversource Energy (Formerly NSTAR Electric Company),"2,261","Covert Intermediate, Inc."
"525 10th Ave E, Milan, IL 61264",—,—,"Industrial, Manufacturing",MidAmerican Energy Co,"363,962",Export Packing Co
"1695 US-150, Alpha, IL 61413",—,—,"Industrial, Manufacturing",MidAmerican Energy Co,"242,686","Growmark, Inc."
"300 SW 5th St, Woodhull, IL 61490",—,—,"Industrial, Manufacturing",MidAmerican Energy Co,"3,475",
"7800 51st St W, Rock Island, IL 61201",—,—,"Industrial, Manufacturing",MidAmerican Energy Co,"242,723",Sunbelt Outdoor Products
"300 9th St, Silvis, IL 61282",—,—,"Industrial, Manufacturing",MidAmerican Energy Co,"249,545",Silvis One LLC
"568 Tomato Dr, Punxsutawney, PA 15767",—,—,"Industrial, Manufacturing",Pennsylvania Electric Co,"20,139",Kullagruppen USA Holding Co.
"2890 Maplevale Rd, Brookville, PA 15825",—,—,"Industrial, Manufacturing",Pennsylvania Electric Co,"120,905",
"9380 Joliet Rd, Hodgkins, IL 60525",—,—,"Retail, Strip Mall",Commonwealth Edison Co,"5,742",The Quarry Inc
"5123 Victory Blvd, Cochranton, PA 16314",—,—,"Industrial, Manufacturing",Pennsylvania Electric Co,"557,640",Vitro Automotive Glass
"1545 Washington St, Indiana, PA 15701",—,—,"Industrial, Manufacturing",Pennsylvania Electric Co,"234,742",MCCREARY TIRE & RUBBER CO.
"48 E Hanover St, Biglerville, PA 17307",—,—,"Industrial, Manufacturing",Pennsylvania Electric Co,"3,541","Knouse Foods Cooperative, Inc."
"949 Main St, Alexandria, PA 16611",—,—,"Industrial, Manufacturing",Pennsylvania Electric Co,"229,768",Acco Brands Corporation
"1635 W 12th St, Erie, PA 16505",—,—,"Industrial, Manufacturing",Pennsylvania Electric Co,"283,171",Fti
"2424 W 23rd St, Erie, PA 16506",—,—,"Industrial, Manufacturing",Pennsylvania Electric Co,"3,481",Phoenix Greensboro Industrial Investors LLC
"9843 Martin Ave, Lake City, PA 16423",—,—,"Industrial, Manufacturing",Pennsylvania Electric Co,"254,004",Child Development Services
"1319 Main St, Hastings, PA 16646",—,—,"Industrial, Manufacturing",Pennsylvania Electric Co,"257,315",Green Diamond Services LLC
"379 Industrial Park Rd, Brookville, PA 15825",—,—,"Industrial, Manufacturing",Pennsylvania Electric Co,"303,116",Larry Mccauley
"2455 Robison Rd W, Erie, PA 16509",—,—,"Industrial, Manufacturing",Pennsylvania Electric Co,"987,839",Eidco Inc
"1001 River Ave, Johnstown, PA 15909",—,—,"Industrial, Manufacturing",Pennsylvania Electric Co,"321,536",Emf Development Corp
"1200 Susquehanna Ave, Huntingdon, PA 16652",—,—,"Industrial, Manufacturing",Pennsylvania Electric Co,"147,176",STORE Capital
"702 Warrendale Rd, Gibsonia, PA 15044",—,—,Office,Pennsylvania Electric Co,"288,746",Pine-Richland School District Inc
"18649 Brake Shoe Rd, Meadville, PA 16335",—,—,"Industrial, Manufacturing",Pennsylvania Electric Co,"10,392","U.S. Bronze Foundry and Machine, Inc."
"1500 W Chestnut St, Washington, PA 15301",—,—,"Retail, Strip Mall",West Penn Power Co,"4,088",Manoj Manwani
"18986 PA-287, Tioga, PA 16946",—,—,"Industrial, Manufacturing",Pennsylvania Electric Co,"247,485",Victaulic Company of America
"7900 W Ridge Rd, Fairview, PA 16415",—,—,"Industrial, Manufacturing",Pennsylvania Electric Co,"342,892",Phb Tool and Die Division
"2310 Pittsburgh Ave, Erie, PA 16502",—,—,"Industrial, Manufacturing",Pennsylvania Electric Co,"163,633","Plastek Group, The"
"1801 Pittsburgh Ave, Erie, PA 16502",—,—,"Industrial, Manufacturing",Pennsylvania Electric Co,"313,287",Rafael Pignataro
"124 Laurel Ave, Johnstown, PA 15906",—,—,"Industrial, Manufacturing",Pennsylvania Electric Co,"565,619",Johnstown Wire Technologies
"545 Central Ave, Johnstown, PA 15902",—,—,"Industrial, Manufacturing",Pennsylvania Electric Co,"199,900","G.A.P. Pollution and Environmental Control, Inc."
"5001 N Big Hollow Rd, Peoria, IL 61615","$1,386",51,"Retail, Strip Mall",Ameren Illinois,"6,844","Gh Redevelopment Enterprises, LLC"
"4509 Loomis St, North East, PA 16428",—,—,"Industrial, Manufacturing",Pennsylvania Electric Co,"282,236","Winland Foods, Inc."
"321 S Larkin Ave, Joliet, IL 60436",—,—,"Retail, Strip Mall",Commonwealth Edison Co,"4,971",
"750 S Rand Rd, Lake Zurich, IL 60047",—,—,"Retail, Strip Mall",Commonwealth Edison Co,"4,528",Deerpath Court Holdings LLC
"2500 Grant Ave, Philadelphia, PA 19114",—,—,"Retail, Strip Mall",PECO Energy Co,"3,593",Sar Realty LLC
"2301 S MacArthur Blvd, Springfield, IL 62704",—,—,"Retail, Strip Mall",Ameren Illinois,"5,060","Bpc/Larkspur Springfield, LLC"
"301 Oak Spring Rd, Washington, PA 32038",—,—,"Retail, Strip Mall","Clay Electric Cooperative, Inc","421,742","79/70 Associates, LLC"
"4500 16th St, Moline, IL 61265",—,—,"Retail, Strip Mall",MidAmerican Energy Co,"783,015",Southpark Mall Realty Holding LLC
"3930 44th Ave, Moline, IL 61265",—,—,"Retail, Strip Mall",MidAmerican Energy Co,"197,607",Richard Maly
"3015 5th Ave, East Moline, IL 61244",—,—,"Industrial, Warehouse",MidAmerican Energy Co,"404,037",John Deere
"2334 Oakland Ave, Indiana, PA 15701",—,—,"Retail, Standalone",Pennsylvania Electric Co,"522,162",Penn - Ohio Mortgage Co.
"111 Plaza Rd, Indiana, PA 15701",—,—,"Retail, Strip Mall",Pennsylvania Electric Co,"10,988",Kroenke Group
"1894 Douglas Pkwy, Erie, PA 16509",—,—,"Retail, Strip Mall",Pennsylvania Electric Co,"242,101",Site Centers Corp.
"2088 Interchange Rd, Erie, PA 16565",—,—,"Retail, Strip Mall",Pennsylvania Electric Co,"260,802",PA Eastway Inc
"1906 Keystone Dr, Erie, PA 16509",—,—,"Retail, Strip Mall",Pennsylvania Electric Co,"234,541",Site Centers Corp.
"375 New Holland Dr, Belleville, PA 17004",—,—,"Retail, Strip Mall",Pennsylvania Electric Co,"107,810",
"20245 Rte 19, Cranberry Township, PA 16066",—,—,"Retail, Strip Mall",Pennsylvania Electric Co,"275,073",WAL-MART REAL ESTATE BUSINESS TRUST COMPANY
"1717 PA-228, Cranberry Township, PA 16066",—,—,"Retail, Strip Mall",Pennsylvania Electric Co,"454,556",Kimco
"2600 Plank Rd, Altoona, PA 16601",—,—,"Retail, Strip Mall",Pennsylvania Electric Co,"226,092",Brad Thurman
"5580 Goods Ln, Altoona, PA 16602",—,—,"Retail, Strip Mall",Pennsylvania Electric Co,"590,821",Namdar Realty Group LLC
", TUNKHANNOCK, PA 18657",—,—,"Retail, Strip Mall",Pennsylvania Electric Co,"3,295,851",Econo Lodge
"1001 E Main St, Bradford, PA 16701",—,—,"Retail, Strip Mall",Pennsylvania Electric Co,"311,567",James Miler
"844 E Columbus Ave, Corry, PA 16407",—,—,Hotel,Pennsylvania Electric Co,"433,065",Rang Realty Investment 11 LLC
"6945 US-322, Cranberry, PA 16319",—,—,"Retail, Strip Mall",Pennsylvania Electric Co,"478,401",
"200 Commerce St, Mountville, PA 17554",—,—,"Industrial, Manufacturing",PPL Electric Utilities Corp,"2,550","New Holland North America, Inc"
"30 Distribution Dr, Elizabethtown, PA 17022",—,—,"Industrial, Warehouse",PPL Electric Utilities Corp,363,Nordstrom
"1301 Devon Ave, Bensenville, IL 60106",—,—,"Industrial, Manufacturing",Commonwealth Edison Co,"2,797",
"6000 N Noah Dr, Saxonburg, PA 16056",—,—,"Retail, Strip Mall",West Penn Power Co,"2,713",Lone Star Fund V (us) L.P.
"181 Elliott St, Beverly, MA 01915",—,—,"Industrial, Manufacturing",National Grid - Massachusetts,430,Cummings Properties
"789 Delsea Dr N, Glassboro, NJ 08028",—,—,"Retail, Strip Mall",Atlantic City Electric Co,"3,313",Bpg
"79 Bartlett St, Northborough, MA 01532",—,—,Office,National Grid - Massachusetts,"1,936",
"136 S Main St, Freetown, MA 02702",—,—,"Industrial, Manufacturing",Eversource Energy (Formerly NSTAR Electric Company),"1,135",S & S Media Inc
"1260 Cherry St, Brockway, PA 15824",—,—,"Industrial, Manufacturing",Pennsylvania Electric Co,"1,868",O-I
"451 Congress St, Bradford, PA 16701",—,—,"Industrial, Manufacturing",Pennsylvania Electric Co,334,Zippo Manufacturing Company
"1345 W 96th St, Chicago, IL 60643",—,—,"Industrial, Manufacturing",Commonwealth Edison Co,"1,563",Glen Una Properties
"2214 Walnut St, McKeesport, PA 15132",—,—,"Industrial, Manufacturing",Duquesne Light Co,"3,047","CP Industries Holdings, Inc."
"13302 Pennsylvania Ave, Hagerstown, MD 21742",—,—,"Industrial, Manufacturing",The Potomac Edison Co,852,"MACK TRUCKS,INC."
"101 Middlesex Center Blvd, Monroe Township, NJ 08831",—,—,"Industrial, Manufacturing",Jersey Central Power & Lt Co,"2,261","Oxford Properties Group (us), LP"
"539 Forest Hills Pkwy, Berkeley Township, NJ 08721",—,—,"School, Primary",Jersey Central Power & Lt Co,"1,858",Berkeley Township Sewerage Authority
"2022 Mountain Rd, Manheim, PA 17545",—,—,"Industrial, Warehouse",PPL Electric Utilities Corp,"2,140",J P Mascaro & Sons
"9001 Whiskey Bottom Rd, Laurel, MD 20723",—,—,"Industrial, Warehouse",Baltimore Gas & Electric Co,"2,115",Bentall Kennedy
"1275 Bridge Dr, Waukegan, IL 60085",—,—,"Industrial, Warehouse",Commonwealth Edison Co,419,"McGaw, LLC"
"30 Burtt Rd, Andover, MA 01810",—,—,"Industrial, Manufacturing",National Grid - Massachusetts,722,P&G
"13850 Cottage Grove Ave, Dolton, IL 60419",—,—,"Industrial, Manufacturing",Commonwealth Edison Co,"2,130",Verallia North America
"3849 S Delsea Dr, Vineland, NJ 08360",—,—,"Retail, Strip Mall",Atlantic City Electric Co,615,The Leafy Basket LLC
"9 Linden Ave E, Jersey City, NJ 07305",—,—,"Industrial, Manufacturing",Public Service Elec & Gas Co,"1,510",Charles Broll
"2611 N Lincoln Ave, Urbana, IL 61802",—,—,"Retail, Strip Mall",Ameren Illinois,"1,799",Fnlr Logistics LLC
"112 Industrial Pkwy, Elkland, PA 16920",—,—,"Industrial, Manufacturing",Pennsylvania Electric Co,321,North Blomington Gas Pipleline
"1900 S Washington Ave, Scranton, PA 18505",—,—,"Industrial, Manufacturing",PPL Electric Utilities Corp,610,Valley Distributing & Storage
"5000 E Flat Rock Rd, Philadelphia, PA 19127",—,—,"Industrial, Manufacturing",PECO Energy Co,896,
"2400 Internationale Pkwy, Woodridge, IL 60517",—,—,"Industrial, Manufacturing",Commonwealth Edison Co,"1,160",Prologis
"3348 S Pulaski Rd, Chicago, IL 60632",—,—,"Industrial, Manufacturing",Commonwealth Edison Co,"1,875",Lba Realty LLC
"6901 Golf Rd, Morton Grove, IL 60053",—,—,"Industrial, Manufacturing",Commonwealth Edison Co,778,Fareva Grove
"250 Granite St, Braintree, MA 02184",—,—,"Retail, Strip Mall",Eversource Energy (Formerly NSTAR Electric Company),"2,192",LORD & TAYLOR LLC
"8070 Governor Ritchie Hwy, Pasadena, MD 21122",—,—,"Retail, Strip Mall",Baltimore Gas & Electric Co,"2,705",Paramount Commons At Cherry Hill LLC
"100 Middlesex Center Blvd, Monroe Township, NJ 08831",—,—,"Industrial, Manufacturing",Jersey Central Power & Lt Co,"3,120",Blackstone
"810 Leininger Rd, Fairfield, IL 62837",—,—,"Industrial, Manufacturing",Central Illinois Pub Serv Co,"254,898",
"701 N 1st St, Springfield, IL 62781",—,—,Office,Central Illinois Pub Serv Co,"321,836",Chestnut Credit Counseling
"45 Valley View Cir, Jessup, PA 18434",—,—,"Industrial, Manufacturing",PPL Electric Utilities Corp,341,Cbre
"1544 PA-61, Pottsville, PA 17901",—,—,"Retail, Strip Mall",PPL Electric Utilities Corp,"2,656",Colonel Glenn Associates LLC
"1000 Potato Roll Ln, Chambersburg, PA 17202",—,—,"Industrial, Manufacturing",West Penn Power Co,"1,341",Commonwealth of PA Department
"211 E Main St, Chicago Heights, IL 60411",—,—,"Industrial, Manufacturing",Commonwealth Edison Co,"1,987",Chicago Heights Steel
"1 Blue Pride Way, Attleboro, MA 02703",—,—,Office,National Grid - Massachusetts,923,City of Attleboro
"545 Tilton Rd, Egg Harbor City, NJ 08215",—,—,"Industrial, Manufacturing",Atlantic City Electric Co,"1,542",Aloe St 1.01 LLC
"80 Clinton St, Johnstown, PA 15901",—,—,"Industrial, Manufacturing",Pennsylvania Electric Co,"2,070",Reserve Group
"1501 W 3rd St, Williamsport, PA 17701",—,—,"Retail, Strip Mall",PPL Electric Utilities Corp,"3,047",1021 South Spencer Industrial Member LLC
"444 High St, Bradford, PA 16701",—,—,Parking Lot,Pennsylvania Electric Co,"418,842",Bradford Forest LLC
"1401 Broadway St, Marseilles, IL 61341",—,—,"Industrial, Manufacturing",Commonwealth Edison Co,407,Global Clay Marseilles Llc
"1115 Wesel Blvd, Hagerstown, MD 21740",—,—,"Industrial, Warehouse",The Potomac Edison Co,405,Northpoint Development
"47 Station Rd, Cranbury, NJ 08512",—,—,"Industrial, Manufacturing",Jersey Central Power & Lt Co,"2,324",New Jersey Dept of Transportation
"300 Diller Ave, New Holland, PA 17557",—,—,"Industrial, Manufacturing",PPL Electric Utilities Corp,117,"New Holland North America, Inc"
"202 Ellis Ln, West Chester, PA 19380",—,—,"School, Primary",PECO Energy Co,"1,516",West Chester Area School District
"2025 E McComas St, Baltimore, MD 21230",—,—,"Industrial, Warehouse",Baltimore Gas & Electric Co,"2,266",State of Maryland
"120 Tomlinson Mill Rd, Evesham, NJ 08053",—,—,"School, Primary",Atlantic City Electric Co,"2,567",Lenape Regional High School District
"466 S Shady Ave, Corry, PA 16407",—,—,"Industrial, Manufacturing",Pennsylvania Electric Co,336,Peter Kaplan
"353 Industrial Park Rd, Benton, IL 62812",—,—,"Industrial, Manufacturing",Ameren Illinois,"1,208","Mincon, Inc."
"500 River Oaks Dr, Calumet City, IL 60409",—,—,"Retail, Strip Mall",Commonwealth Edison Co,"3,166","Ethics, Board of"
"1368 Mall Run Rd, Uniontown, PA 15401",—,—,"Retail, Strip Mall",West Penn Power Co,360,Uniontown Mall Realty LLC
"294 Mundy St, Wilkes-Barre Township, PA 18702",—,—,"Retail, Strip Mall",PPL Electric Utilities Corp,261,Wilkes-Barre Society of The Deaf Inc
"1400 McKean Rd, Lower Gwynedd Township, PA 19002",—,—,"Industrial, Warehouse",PECO Energy Co,367,Johnson & Johnson
"7927 Ritchie Hwy, Glen Burnie, MD 21060",—,—,Outpatient,Baltimore Gas & Electric Co,99,WINDHAM MANAGEMENT COMPANY
"4930 Hanoverville Rd, Bethlehem, PA 18020",—,—,"Industrial, Warehouse",PPL Electric Utilities Corp,"1,695",Prologis
"3769 US-20, Freeport, IL 61032",—,—,"Industrial, Manufacturing",Commonwealth Edison Co,569,TITAN
"2077 Corporate Ctr Dr W, Tobyhanna, PA 18466",—,—,"Industrial, Warehouse",PPL Electric Utilities Corp,"2,008","Arcadia North Land, LLC"
"100 S 16th St, Belleville, IL 62220",—,—,"Industrial, Manufacturing",Ameren Illinois,"2,162",Alex Volansky
"1501 Devon Ave, Bensenville, IL 60106",—,—,"Industrial, Manufacturing",Commonwealth Edison Co,"2,012",
"160 Mansfield Rd E, Mansfield, NJ 08022",—,—,"School, Primary",Jersey Central Power & Lt Co,627,County of Burlington
"615 E Algonquin Rd, Arlington Heights, IL 60005",—,—,"Industrial, Manufacturing",Commonwealth Edison Co,"2,494",Benjamin Rubin
"84 Iron St, Johnstown, PA 15906",—,—,"Industrial, Manufacturing",Pennsylvania Electric Co,"2,974",Jwf Industries
"4275 Reading Crest Ave, Reading, PA 19605",—,—,"Industrial, Warehouse",Metropolitan Edison Co,136,Equity Residential
"50 Campanelli Dr, Westfield, MA 01085",—,—,"Industrial, Manufacturing",Eversource Energy (Formerly Western Massachusetts Elec Co),368,"Home Depot, The"
"3600 S Kedzie Ave, Chicago, IL 60632",—,—,"Industrial, Manufacturing",Commonwealth Edison Co,"2,871",Accurate Perforating
"401 Weavertown Rd, Myerstown, PA 17067",—,—,"Industrial, Manufacturing",PPL Electric Utilities Corp,545,G Holdings LLC
"1401 W Main St, Robinson, IL 62454",—,—,"Industrial, Manufacturing",Ameren Illinois,"2,452",Hershey
"2301 US-30, Crest Hill, IL 60403",—,—,"Retail, Strip Mall",Commonwealth Edison Co,"2,848",White Family Construction
"4502 US-9, Howell Township, NJ 07731",—,—,"Retail, Strip Mall",Jersey Central Power & Lt Co,"2,408",Howell Friendship Real Estate
"101 Education Blvd, Gaithersburg, MD 20877",—,—,"School, Primary",Potomac Electric Power Co,368,Board of Education
"57 River Rd, Andover, MA 01810",—,—,"Industrial, Warehouse",National Grid - Massachusetts,404,MERRIMACK MUTUAL FIRE INS. CO.
"302 W Kirby Ave, Champaign, IL 61820",—,—,"Retail, Strip Mall",Ameren Illinois,"2,878","Pierce Holdings, LLC"
"44 Talmadge Rd, Edison, NJ 08817",—,—,"Industrial, Manufacturing",Public Service Elec & Gas Co,539,Raymond Masucci
"3407 Wilkens Ave, Baltimore, MD 21229",—,—,Outpatient,Baltimore Gas & Electric Co,475,"Centurion Foundation Dunwoody, LLC"
"151 Boulder Dr, Breinigsville, PA 18031",—,—,"Industrial, Manufacturing",PPL Electric Utilities Corp,"1,378",Nestle Ocean Spray Alliance
"1578 Sussex Turnpike, Randolph, NJ 07869",—,—,"Industrial, Manufacturing",Jersey Central Power & Lt Co,"1,955",SL 1578 Sussex Turnpike 3 LLC
